source,source_id,data_pubblicazione,ente_emittente,tipo_documento,numero_protocollo,titolo,oggetto,included_in_corpus,source_url,pdf_url
immigrazione.biz,1269,03-12-26,Ministero dell'Interno,Circolare,19951,Circolare n. 19951 del 12 marzo 2026 Ministero dell'Interno,,1,https://www.immigrazione.biz/circolare.php?id=1269,
immigrazione.biz,1268,02-18-26,Ministero del Lavoro,Nota,589,Nota n. 589 del 18 febbraio 2026 Ministero del Lavoro e delle Politiche Sociali,,1,https://www.immigrazione.biz/circolare.php?id=1268,
immigrazione.biz,1266,02-16-26,Ministero del Lavoro,Circolare,531,Circolare n. 531 del 16 febbraio 2026 Ministero del Lavoro e delle Politiche Sociali,,1,https://www.immigrazione.biz/circolare.php?id=1266,
immigrazione.biz,1265,02-09-26,Ministero del Lavoro,Nota,423,Nota n. 423 del 9 febbraio 2026 Ministero del Lavoro e delle Politiche Sociali,,1,https://www.immigrazione.biz/circolare.php?id=1265,
immigrazione.biz,1264,01-22-26,,Messaggio,r,Messaggio nr 205 del 22 gennaio 2026 Istituto Nazionale Previdenza Sociale,,1,https://www.immigrazione.biz/circolare.php?id=1264,
immigrazione.biz,1267,01-20-26,Ministero dell'Interno,Circolare,141008166,Circolare n. 141008166(2) del 20 gennaio 2026 Ministero dell'Interno,,1,https://www.immigrazione.biz/circolare.php?id=1267,
immigrazione.biz,1262,01-12-26,Ministero del Lavoro,Nota,64,Nota n.64 del 12 gennaio 2026 Ministero del Lavoro e delle Politiche Sociali,,1,https://www.immigrazione.biz/circolare.php?id=1262,
immigrazione.biz,1263,01-08-26,Ministero dell'Interno,Circolare,889,Circolare n. 889 dell'8 gennaio 2026 Ministero dell'Interno,,1,https://www.immigrazione.biz/circolare.php?id=1263,
immigrazione.biz,1261,10-30-25,Ministero del Lavoro,Circolare,8524,Circolare n. 8524 del 30 ottobre 2025 Ministero del Lavoro e delle Politiche Sociali,,1,https://www.immigrazione.biz/circolare.php?id=1261,
immigrazione.biz,1260,10-16-25,Ministero del Lavoro,Circolare,8047,Circolare n. 8047 del 16 ottobre 2025 Ministero del Lavoro e delle Politiche Sociali,,1,https://www.immigrazione.biz/circolare.php?id=1260,
immigrazione.biz,1259,10-01-25,Ministero del Lavoro,Nota,3891,Nota n. 3891 dell'1 ottobre 2025 Ministero del Lavoro e delle Politiche Sociali,,1,https://www.immigrazione.biz/circolare.php?id=1259,
immigrazione.biz,1258,09-02-25,Ministero dell'Interno,Nota,,Nota del 2 settembre 2025 Ministero dell'Interno,,1,https://www.immigrazione.biz/circolare.php?id=1258,
immigrazione.biz,1257,06-30-25,Ministero delle Infrastrutture,Circolare,18606,Circolare n. 18606 del 30 giugno 2025 Ministero delle Infrastrutture e dei Trasporti,,1,https://www.immigrazione.biz/circolare.php?id=1257,
immigrazione.biz,1255,05-28-25,Ministero dell'Interno,Circolare,74,Circolare n. 74 del 28 maggio 2025 Ministero dell'Interno,,1,https://www.immigrazione.biz/circolare.php?id=1255,
immigrazione.biz,1256,05-23-25,Ministero delle Infrastrutture,Circolare,15008,Circolare n.15008 del 23 maggio 2025 Ministero delle Infrastrutture e dei Trasporti,,1,https://www.immigrazione.biz/circolare.php?id=1256,
immigrazione.biz,1254,05-23-25,Ministero delle Infrastrutture,Circolare,15008,Circolare n. 15008 del 23 maggio 2025 MInistero delle Infrastrutture e dei Trasporti,,1,https://www.immigrazione.biz/circolare.php?id=1254,
immigrazione.biz,1253,05-19-25,Ministero del Lavoro,Nota,2500,Nota n. 2500 del 19 maggio 2025 Ministero del Lavoro e delle Politiche Sociali,,1,https://www.immigrazione.biz/circolare.php?id=1253,
immigrazione.biz,1252,05-05-25,Ministero del Lavoro,Circolare,10,Circolare n. 10 del 5 maggio 2025 Ministero del Lavoro e delle Politiche Sociali,,1,https://www.immigrazione.biz/circolare.php?id=1252,
immigrazione.biz,1250,04-01-25,Ministero dell'Interno,Circolare,17680,Circolare n. 17680 dell'1 aprile 2025 Ministero dell'Interno,,1,https://www.immigrazione.biz/circolare.php?id=1250,
immigrazione.biz,1251,03-13-25,Ministero dell'Interno,Circolare,14605,Circolare n. 14605 del 13 marzo 2025 Ministero dell'Interno,,1,https://www.immigrazione.biz/circolare.php?id=1251,
immigrazione.biz,1249,02-12-25,Ministero del Lavoro,Circolare,1054,Circolare n. 1054 del 12 febbraio 2025 Ministero del Lavoro e delle Politiche Sociali,,1,https://www.immigrazione.biz/circolare.php?id=1249,
permessidisoggiorno.info,911,12-23-24,Ministero dell'Interno,Legge,187,Legge n. 187 del 2024-12-23 — Ministero dell'Interno,Normativa LEGGE_9 dicembre 2024_n_187,0,https://www.permessidisoggiorno.info/Normativa.aspx?nid=911,
immigrazione.biz,1246,10-25-24,Ministero del Lavoro,Circolare,,Comunicato 25 ottobre 2024 Ministero del Lavoro e delle Politiche Sociali,,1,https://www.immigrazione.biz/circolare.php?id=1246,
immigrazione.biz,1242,10-24-24,Ministero del Lavoro,Circolare,9032,Circolare n.9032 del 24 ottobre 2024 Ministero Interno Ministero del Lavoro e Ministero dell'Agricoltura,,1,https://www.immigrazione.biz/circolare.php?id=1242,
permessidisoggiorno.info,909,10-24-24,Ministero dell'Interno,Circolare,Protocollo: 0009032 24/10/2024,Circolare n. Protocollo: 0009032 24/10/2024 del 2024-10-24 — Ministero dell'Interno,,1,https://www.permessidisoggiorno.info/Normativa.aspx?nid=909,
permessidisoggiorno.info,910,10-23-24,Presidente della Repubblica,Decreto Legge,158,Decreto Legge n. 158 del 2024-10-23 — Presidente della Repubblica,Normativa Decreto_Legge_riconoscimento_protezione_internazionale,0,https://www.permessidisoggiorno.info/Normativa.aspx?nid=910,
immigrazione.biz,1248,10-03-24,Ministero dell'Interno,Circolare,43347,Circolare n. 43347 del 3 ottobre 2024 Ministero dell'Interno,,1,https://www.immigrazione.biz/circolare.php?id=1248,
immigrazione.biz,1247,10-03-24,Ministero dell'Interno,Circolare,43347,Circolare n. 43347 del 3 ottobre 2024 Ministero dell'Interno,,1,https://www.immigrazione.biz/circolare.php?id=1247,
immigrazione.biz,1270,09-12-24,Ministero dell'Interno,Circolare,77903,Circolare n. 77903 del 12 settembre 2024 Ministero dell'Interno,,1,https://www.immigrazione.biz/circolare.php?id=1270,
immigrazione.biz,1241,08-09-24,Ministero del Lavoro,Circolare,2525,Circolare n. 2525 del 9 agosto 2024 Ministero del Lavoro e delle Politiche Sociali,,1,https://www.immigrazione.biz/circolare.php?id=1241,
permessidisoggiorno.info,908,07-26-24,INPS,Messaggio,2745,Messaggio n. 2745 del 2024-07-26 — INPS,Messaggio INPS numero 2745 del 26-07-2024,0,https://www.permessidisoggiorno.info/Normativa.aspx?nid=908,
permessidisoggiorno.info,907,07-12-24,Ministero dell'Interno,Decreto Presidente del Consiglio dei Ministri,,Decreto Presidente del Consiglio dei Ministri del 2024-07-12 — Ministero dell'Interno,"DECRETO DEL PRESIDENTE DEL CONSIGLIO DEI MINISTRI 10 maggio 2024, n. 98",0,https://www.permessidisoggiorno.info/Normativa.aspx?nid=907,
immigrazione.biz,1240,06-01-24,Ministero dell'Interno,Circolare,50432,Circolare n. 50432 dell'1 giugno 2024 Ministero dell'Interno,,1,https://www.immigrazione.biz/circolare.php?id=1240,
permessidisoggiorno.info,906,05-07-24,Ministero del Lavoro,Decreto Ministeriale,50,Decreto Ministeriale n. 50 del 2024-05-07 — Ministero del Lavoro,Decreto ministeriale del 28 marzo 2024 n. 50,1,https://www.permessidisoggiorno.info/Normativa.aspx?nid=906,http://www.lavoro.gov.it/documenti-e-norme/normativa/dm_50_2024.pdf
immigrazione.biz,1239,04-22-24,,Messaggio,1589,Messaggio n. 1589 del 22 aprile 2024 Istituto Nazionale Previdenza Sociale,,1,https://www.immigrazione.biz/circolare.php?id=1239,
immigrazione.biz,1238,04-11-24,INAIL,Circolare,9,Circolare n. 9 dell'11 aprile 2024 INAIL,,1,https://www.immigrazione.biz/circolare.php?id=1238,
permessidisoggiorno.info,905,04-10-24,Ministero del Lavoro,nota,35 - REGISTRO UFFICIALE(U).0001109.1,nota n. 35 - REGISTRO UFFICIALE(U).0001109.1 del 2024-04-10 — Ministero del Lavoro,Circolare distribuzione quote - Allegato 1 Circolare distribuzione quote - Allegato 2 Circolare distribuzione quote - Allegato 3,1,https://www.permessidisoggiorno.info/Normativa.aspx?nid=905,
permessidisoggiorno.info,904,04-04-24,Interministeriale,Circolare,2829,Circolare n. 2829 del 2024-04-04 — Interministeriale,Circolare n. 2829 del 28 marzo 2024,1,https://www.permessidisoggiorno.info/Normativa.aspx?nid=904,
immigrazione.biz,1237,03-28-24,Ministero dell'Interno,Circolare,r,Circolare nr. 2829 del 28 marzo 2024 Ministero dell'Interno,,1,https://www.immigrazione.biz/circolare.php?id=1237,
permessidisoggiorno.info,903,03-18-24,Ministero dell'Interno,Circolare,400.B/2023/I Div./I Sez.,Circolare n. 400.B/2023/I Div./I Sez. del 2024-03-18 — Ministero dell'Interno,Normativa Circolare_ministeriale_permessi_soggiorno,1,https://www.permessidisoggiorno.info/Normativa.aspx?nid=903,
immigrazione.biz,1236,03-13-24,,Messaggio,1075,Messaggio n. 1075 del 13 marzo 2024 Istituto Nazionale Previdenza Sociale,,1,https://www.immigrazione.biz/circolare.php?id=1236,
immigrazione.biz,1235,02-29-24,Ministero dell'Interno,Circolare,1695,Circolare n. 1695 del 29 febbraio 2024 Ministero dell'Interno,,1,https://www.immigrazione.biz/circolare.php?id=1235,
permessidisoggiorno.info,902,02-29-24,Interministeriale,Circolare,35,Circolare n. 35 del 2024-02-29 — Interministeriale,Normativa Circolare_Decreto_Flussi,1,https://www.permessidisoggiorno.info/Normativa.aspx?nid=902,
immigrazione.biz,1234,01-29-24,Ministero dell'Interno,Circolare,641,Circolare n. 641 del 29 gennaio 2024 Ministero dell'Interno,,1,https://www.immigrazione.biz/circolare.php?id=1234,
immigrazione.biz,1233,01-24-24,Ministero del Lavoro,Nota,231,Nota n. 231 del 24 gennaio 2024 Ministero del Lavoro e delle Politiche Sociali,,1,https://www.immigrazione.biz/circolare.php?id=1233,
immigrazione.biz,1230,12-27-23,Ministero del Lavoro,Circolare,3942,Circolare n. 3942 del 27 dicembre 2023 Ministero del Lavoro e delle Politiche Sociali,,1,https://www.immigrazione.biz/circolare.php?id=1230,
immigrazione.biz,1232,12-05-23,Presidenza del Consiglio dei Ministri,Circolare,,Comunicato n. 61 del 5 dicembre 2023 Presidenza del Consiglio dei Ministri,,1,https://www.immigrazione.biz/circolare.php?id=1232,
immigrazione.biz,1243,11-06-23,Ministero delle Infrastrutture,Circolare,33146,Circolare n. 33146 del 6 novembre 2023 Ministero delle Infrastrutture e dei Trasporti,,1,https://www.immigrazione.biz/circolare.php?id=1243,
permessidisoggiorno.info,901,11-03-23,Interministeriale,Circolare,5969,Circolare n. 5969 del 2023-11-03 — Interministeriale,Normativa CIRCOLARE_OPERATIVA_DECRETO_FLUSSI_2023,1,https://www.permessidisoggiorno.info/Normativa.aspx?nid=901,
immigrazione.biz,1227,10-27-23,Ministero dell'Interno,Circolare,5969,Circolare n. 5969 del 27 ottobre 2023 Ministero dell'Interno,,1,https://www.immigrazione.biz/circolare.php?id=1227,
immigrazione.biz,1225,10-09-23,Ministero dell'Interno,Circolare,5467,Circolare n.5467 del 9 ottobre 2023 Ministero dell'Interno,,1,https://www.immigrazione.biz/circolare.php?id=1225,
permessidisoggiorno.info,900,10-05-23,Ministero dell'Interno,Decreto Legislativo,133,Decreto Legislativo n. 133 del 2023-10-05 — Ministero dell'Interno,"DECRETO-LEGGE 5 ottobre 2023, n. 133",0,https://www.permessidisoggiorno.info/Normativa.aspx?nid=900,
permessidisoggiorno.info,899,09-27-23,Consiglio dei Ministri,Decreto Legge,,Decreto Legge del 2023-09-27 — Consiglio dei Ministri,DECRETO DEL PRESIDENTE DEL CONSIGLIO DEI MINISTRI 27 settembre 2023,0,https://www.permessidisoggiorno.info/Normativa.aspx?nid=899,
permessidisoggiorno.info,898,08-14-23,Ministero dell'Interno,Decreto Presidente del Consiglio dei Ministri,,Decreto Presidente del Consiglio dei Ministri del 2023-08-14 — Ministero dell'Interno,Normativa Decreto_Presidente_del_Consiglio integrazione_programma_flussi,0,https://www.permessidisoggiorno.info/Normativa.aspx?nid=898,
immigrazione.biz,1223,08-10-23,Ministero dell'Interno,Circolare,4518,Circolare n. 4518 del 10 agosto 2023 Ministero dell'Interno,,1,https://www.immigrazione.biz/circolare.php?id=1223,
immigrazione.biz,1222,08-10-23,Ministero dell'Interno,Circolare,4550,Circolare n.4550 del 10 agosto 2023 Ministero dell'Interno,,1,https://www.immigrazione.biz/circolare.php?id=1222,
permessidisoggiorno.info,897,07-13-23,Ministero dell'Interno,Decreto Presidente del Consiglio dei Ministri,,Decreto Presidente del Consiglio dei Ministri del 2023-07-13 — Ministero dell'Interno,Normativa Decreto_Flussi_2023_2025,0,https://www.permessidisoggiorno.info/Normativa.aspx?nid=897,
permessidisoggiorno.info,912,05-12-23,Ministero dell'Interno,Decreto Ministeriale,400/B/20254,Decreto Ministeriale n. 400/B/20254 del 2023-05-12 — Ministero dell'Interno,,1,https://www.permessidisoggiorno.info/Normativa.aspx?nid=912,
permessidisoggiorno.info,896,04-21-23,Ministero dell'Interno,Legge,46,Legge n. 46 del 2023-04-21 — Ministero dell'Interno,Normativa conversione_in_Legge,0,https://www.permessidisoggiorno.info/Normativa.aspx?nid=896,
immigrazione.biz,1220,04-13-23,,Messaggio,1375,Messaggio n. 1375 del 13 aprile 2023 Istituto Nazionale di Previdenza Sociale,,1,https://www.immigrazione.biz/circolare.php?id=1220,
immigrazione.biz,1221,04-07-23,,Circolare,41,Circolare n. 41 del 7 aprile 2023 Istituto Nazionale Previdenza Sociale,,1,https://www.immigrazione.biz/circolare.php?id=1221,
permessidisoggiorno.info,895,04-07-23,INPS,Circolare,41,Circolare n. 41 del 2023-04-07 — INPS,,1,https://www.permessidisoggiorno.info/Normativa.aspx?nid=895,
immigrazione.biz,1245,03-21-23,,Nota,2066,Nota n. 2066 del 21 marzo 2023 Ispettorato Nazionale del Lavoro,,1,https://www.immigrazione.biz/circolare.php?id=1245,
immigrazione.biz,1228,03-13-23,Ministero dell'Interno,Circolare,2044,Circolare n. 2044 del 13 marzo 2023 Ministero dell'Interno,,1,https://www.immigrazione.biz/circolare.php?id=1228,
permessidisoggiorno.info,894,03-10-23,Ministero dell'Interno,Decreto Legge,20,Decreto Legge n. 20 del 2023-03-10 — Ministero dell'Interno,Normativa decreto_legislativo_flussi,0,https://www.permessidisoggiorno.info/Normativa.aspx?nid=894,
immigrazione.biz,1218,02-27-23,Ministero del Lavoro,Circolare,,Comunicato del 27 febbraio 2023 Ministero del Lavoro e delle Politiche Sociali,,1,https://www.immigrazione.biz/circolare.php?id=1218,
immigrazione.biz,1219,02-24-23,,Circolare,1212,Circolare n. 1212 del 24 febbraio 2023 Ministero dell'Intyerno,,1,https://www.immigrazione.biz/circolare.php?id=1219,
permessidisoggiorno.info,893,02-24-23,Ministero dell'Interno,Circolare,1212,Circolare n. 1212 del 2023-02-24 — Ministero dell'Interno,Normativa Circolare Decreto_Flussi,1,https://www.permessidisoggiorno.info/Normativa.aspx?nid=893,
permessidisoggiorno.info,891,02-09-23,Presidenza del Consiglio dei Ministri,Ordinanza,964,Ordinanza n. 964 del 2023-02-09 — Presidenza del Consiglio dei Ministri,Normativa ordinanza_protezione_civile,0,https://www.permessidisoggiorno.info/Normativa.aspx?nid=891,
immigrazione.biz,1217,01-30-23,Ministero dell'Interno,Circolare,648,Circolare n. 648 del 30 gennaio 2023 Ministero dell'Interno,,1,https://www.immigrazione.biz/circolare.php?id=1217,
permessidisoggiorno.info,892,01-30-23,Ministero dell'Interno,Circolare,Protocollo 648,Circolare n. Protocollo 648 del 2023-01-30 — Ministero dell'Interno,Normativa Circolare Flussi_immigrazione,1,https://www.permessidisoggiorno.info/Normativa.aspx?nid=892,
permessidisoggiorno.info,890,01-30-23,Ministero dell'Interno,Circolare,,Circolare del 2023-01-30 — Ministero dell'Interno,,1,https://www.permessidisoggiorno.info/Normativa.aspx?nid=890,
immigrazione.biz,1216,01-20-23,,Nota,119,Nota n. 119 del 20 gennaio 2023 Agenzia Entrate,,1,https://www.immigrazione.biz/circolare.php?id=1216,
permessidisoggiorno.info,889,12-29-22,Presidenza del Consiglio dei Ministri,Decreto Presidente del Consiglio dei Ministri,,Decreto Presidente del Consiglio dei Ministri del 2022-12-29 — Presidenza del Consiglio dei Ministri,,0,https://www.permessidisoggiorno.info/Normativa.aspx?nid=889,
permessidisoggiorno.info,888,12-29-22,Ministero dell'Interno,Decreto Legge,198,Decreto Legge n. 198 del 2022-12-29 — Ministero dell'Interno,"DECRETO-LEGGE 29 dicembre 2022, n. 198",0,https://www.permessidisoggiorno.info/Normativa.aspx?nid=888,
immigrazione.biz,1229,12-20-22,,Nota,17273,Nota n. 17273 del 20 dicembre 2022 Agenzia Nazionale Politiche Attività del Lavaro,,1,https://www.immigrazione.biz/circolare.php?id=1229,
immigrazione.biz,1214,12-12-22,,Circolare,131,Circolare n. 131 del 12 dicembre 2022 Istituto Nazionale Previdenza Sociale,,1,https://www.immigrazione.biz/circolare.php?id=1214,
permessidisoggiorno.info,887,10-14-22,INPS,Messaggio,3656,Messaggio n. 3656 del 2022-10-14 — INPS,Messaggio n° 3656 del 05-10-2022,0,https://www.permessidisoggiorno.info/Normativa.aspx?nid=887,
immigrazione.biz,1210,10-05-22,,Circolare,3656,Circolare n. 3656 del 5 ottobre 2022 Istituto Nazionale Previdenza Sociale,,1,https://www.immigrazione.biz/circolare.php?id=1210,
permessidisoggiorno.info,886,10-03-22,Protezione Civile,Ordinanza,927,Ordinanza n. 927 del 2022-10-03 — Protezione Civile,Normativa Accoglienza_Rifugiati Ucraina_disposizioni_urgenti_accoglienza,0,https://www.permessidisoggiorno.info/Normativa.aspx?nid=886,
permessidisoggiorno.info,885,09-26-22,Protezione Civile,Circolare,36226,Circolare n. 36226 del 2022-09-26 — Protezione Civile,Normativa misure-assistenziali_ucraini,1,https://www.permessidisoggiorno.info/Normativa.aspx?nid=885,
immigrazione.biz,1211,09-23-22,Ministero dell'Interno,Circolare,6707,Circolare n. 6707 del 23 settembre 2022 Ministero dell'Interno,,1,https://www.immigrazione.biz/circolare.php?id=1211,
permessidisoggiorno.info,883,09-12-22,Ministero dell'Interno,Decreto Interministeriale,,Decreto Interministeriale del 2022-09-12 — Ministero dell'Interno,Notizia Minori_Stranieri sosteno_tutori,0,https://www.permessidisoggiorno.info/Normativa.aspx?nid=883,
permessidisoggiorno.info,882,09-12-22,Presidenza del Consiglio dei Ministri,Decreto Legge,,Decreto Legge del 2022-09-12 — Presidenza del Consiglio dei Ministri,Giurisprudenza sport_e_immigrazione,0,https://www.permessidisoggiorno.info/Normativa.aspx?nid=882,
permessidisoggiorno.info,875,08-09-22,Ministero dell'Interno,Decreto Legislativo,115,Decreto Legislativo n. 115 del 2022-08-09 — Ministero dell'Interno,,0,https://www.permessidisoggiorno.info/Normativa.aspx?nid=875,
permessidisoggiorno.info,877,08-08-22,Ministero dell'Interno,Circolare,Protocollo 0005961 08/08/2022,Circolare n. Protocollo 0005961 08/08/2022 del 2022-08-08 — Ministero dell'Interno,Giurisprudenza Circolare_ministeriale Semplificazione nulla_osta_lavoro,1,https://www.permessidisoggiorno.info/Normativa.aspx?nid=877,
permessidisoggiorno.info,881,08-04-22,Governo,Disegno di Legge Delega,127,Disegno di Legge Delega n. 127 del 2022-08-04 — Governo,,0,https://www.permessidisoggiorno.info/Normativa.aspx?nid=881,
permessidisoggiorno.info,879,08-04-22,Ministero dell'Interno,Legge,122,Legge n. 122 del 2022-08-04 — Ministero dell'Interno,Normativa nulla_osta_lavoro conversione_in_Legge misure_urgenti,0,https://www.permessidisoggiorno.info/Normativa.aspx?nid=879,
immigrazione.biz,1209,08-02-22,,Circolare,95,Circolare n. 95 del 2 agosto 2022 Istituto Nazionale Previdenza Sociale,,1,https://www.immigrazione.biz/circolare.php?id=1209,
immigrazione.biz,1208,07-25-22,,Messaggio,2951,Messaggio n. 2951 del 25 luglio 2022 Istituto Nazionale di Previdenza Sociale,,1,https://www.immigrazione.biz/circolare.php?id=1208,
permessidisoggiorno.info,880,07-25-22,INPS,Messaggio,2951,Messaggio n. 2951 del 2022-07-25 — INPS,Normativa Giurisprudenza Assegno_Unico_universale messaggio_inps,0,https://www.permessidisoggiorno.info/Normativa.aspx?nid=880,
immigrazione.biz,1244,07-05-22,,Circolare,3,Circolare n. 3 del 5 luglio 2022 Ispettorato Nazionale del Lavoro,,1,https://www.immigrazione.biz/circolare.php?id=1244,
permessidisoggiorno.info,878,07-05-22,Ispettorato Nazionale del Lavoro,Circolare,,Circolare del 2022-07-05 — Ispettorato Nazionale del Lavoro,,1,https://www.permessidisoggiorno.info/Normativa.aspx?nid=878,
permessidisoggiorno.info,874,07-05-22,Ispettorato Nazionale del Lavoro,Circolare,3,Circolare n. 3 del 2022-07-05 — Ispettorato Nazionale del Lavoro,Normativa flussi_di_ingresso Circolare_verifica_requisiti_datori_di_lavoro,1,https://www.permessidisoggiorno.info/Normativa.aspx?nid=874,
permessidisoggiorno.info,873,06-24-22,INPS,Circolare,73,Circolare n. 73 del 2022-06-24 — INPS,Circolare n° 73 del 24-06-2022,1,https://www.permessidisoggiorno.info/Normativa.aspx?nid=873,
immigrazione.biz,1206,06-23-22,,Circolare,3820,Circolare n. 3820 del 23 giugno 2022 Ispettorato Nazionale del Lavoro,,1,https://www.immigrazione.biz/circolare.php?id=1206,
immigrazione.biz,1205,06-21-22,,Circolare,72,Circolare n. 72 del 21 giugno 2022 Istituto Nazionale Previdenza Sociale,,1,https://www.immigrazione.biz/circolare.php?id=1205,
permessidisoggiorno.info,876,06-21-22,Ministero dell'Interno,Decreto Legge,73,Decreto Legge n. 73 del 2022-06-21 — Ministero dell'Interno,"DECRETO-LEGGE 21 giugno 2022, n. 73",0,https://www.permessidisoggiorno.info/Normativa.aspx?nid=876,
immigrazione.biz,1212,06-15-22,Ministero dell'Interno,Circolare,19098,Circolare n. 19098 del 15 giugno 2022 Ministero dell'Interno,,1,https://www.immigrazione.biz/circolare.php?id=1212,
immigrazione.biz,1204,05-24-22,,Nota,1074,Nota n. 1074 del 24 maggio 2022 Ispettorato Nazionale del Lavoro,,1,https://www.immigrazione.biz/circolare.php?id=1204,
permessidisoggiorno.info,870,05-24-22,Ministero dell'Interno,Decreto Legge,50,Decreto Legge n. 50 del 2022-05-24 — Ministero dell'Interno,Normativa Decreto_Legge Emergenza_Ucraina,0,https://www.permessidisoggiorno.info/Normativa.aspx?nid=870,
permessidisoggiorno.info,869,05-24-22,Protezione Civile,Ordinanza,895,Ordinanza n. 895 del 2022-05-24 — Protezione Civile,Ocdpc n. 895 del 24 maggio 2022 - Ulteriori disposizioni urgenti di protezione civile,0,https://www.permessidisoggiorno.info/Normativa.aspx?nid=869,
immigrazione.biz,1207,05-20-22,Ministero dell'Interno,Circolare,4386,Circolare n. 4386 del 20 maggio 2022 Ministero dell'Interno,,1,https://www.immigrazione.biz/circolare.php?id=1207,
permessidisoggiorno.info,871,05-17-22,Ministero dell'Interno,Decreto Legge,50,Decreto Legge n. 50 del 2022-05-17 — Ministero dell'Interno,,0,https://www.permessidisoggiorno.info/Normativa.aspx?nid=871,
immigrazione.biz,1201,04-14-22,Ministero dell'Istruzione,Circolare,781,Circolare n. 781 del 14 aprile 2022 Ministero dell'Istruzione,,1,https://www.immigrazione.biz/circolare.php?id=1201,
permessidisoggiorno.info,866,04-13-22,Ministero dell'Interno,Circolare,3592,Circolare n. 3592 del 2022-04-13 — Ministero dell'Interno,Normativa Circolare_nuovi_sistemi_prefetture,1,https://www.permessidisoggiorno.info/Normativa.aspx?nid=866,
permessidisoggiorno.info,865,04-13-22,Ministero dell'Interno,Circolare,3592,Circolare n. 3592 del 2022-04-13 — Ministero dell'Interno,Normativa Prefetture_nuovo sistema ALI_SPI2.0_Circolare_3592_13_04_2022,1,https://www.permessidisoggiorno.info/Normativa.aspx?nid=865,
immigrazione.biz,1200,04-07-22,,Messaggio,1562,Messaggio n. 1562 del 7 aprile 2022 Istituto Nazionale Previdenza Sociale,,1,https://www.immigrazione.biz/circolare.php?id=1200,
immigrazione.biz,1202,04-05-22,,Messaggio,1515,Messaggio n. 1515 del 5 aprile 2022 Istituto Nazionale Previdenza Sociale,,1,https://www.immigrazione.biz/circolare.php?id=1202,
immigrazione.biz,1197,03-29-22,ANCI,Circolare,222,Circolare n.222 del 29 marzo 2022 Anci Lombardia,,1,https://www.immigrazione.biz/circolare.php?id=1197,
permessidisoggiorno.info,867,03-28-22,Agenzia delle Entrate,Decreto Presidente del Consiglio dei Ministri,,Decreto Presidente del Consiglio dei Ministri del 2022-03-28 — Agenzia delle Entrate,Normativa Ucraina_disposizioni_urgenti_accoglienza Decreto_Emergenza,0,https://www.permessidisoggiorno.info/Normativa.aspx?nid=867,
permessidisoggiorno.info,864,03-28-22,Presidente del Consiglio dei Ministri,Decreto Presidente del Consiglio dei Ministri,1,Decreto Presidente del Consiglio dei Ministri n. 1 del 2022-03-28 — Presidente del Consiglio dei Ministri,Normativa Accoglienza_cittadini_Ucraini,0,https://www.permessidisoggiorno.info/Normativa.aspx?nid=864,
immigrazione.biz,1196,03-16-22,Ministero dell'Interno,Circolare,2477,Circolare n. 2477 del 16 marzo 2022 Ministero dell'Interno,,1,https://www.immigrazione.biz/circolare.php?id=1196,
permessidisoggiorno.info,863,03-16-22,Interministeriale,Circolare,2477,Circolare n. 2477 del 2022-03-16 — Interministeriale,Normativa proroga_decreto_flussi_2021,1,https://www.permessidisoggiorno.info/Normativa.aspx?nid=863,
immigrazione.biz,1199,03-10-22,Ministero dell'Interno,Circolare,23,Circolare n. 23 del 10 marzo 2022 Ministero dell'Interno,,1,https://www.immigrazione.biz/circolare.php?id=1199,
immigrazione.biz,1193,03-10-22,Ministero dell'Interno,Circolare,20815,Circolare n. 20815 del 10 marzo 2022 Ministero dell'Interno,,1,https://www.immigrazione.biz/circolare.php?id=1193,
immigrazione.biz,1192,03-08-22,,Circolare,15709,Circolare n. 15709 dell'8 marzo 2022 Ministero del'Interno,,1,https://www.immigrazione.biz/circolare.php?id=1192,
immigrazione.biz,1189,03-08-22,,Nota,1521,Nota n. 1521 dell'8 marzo 2022 Ispettorato Nazionale del Lavoro,,1,https://www.immigrazione.biz/circolare.php?id=1189,
permessidisoggiorno.info,868,03-06-22,Protezione Civile,Ordinanza,873,Ordinanza n. 873 del 2022-03-06 — Protezione Civile,,0,https://www.permessidisoggiorno.info/Normativa.aspx?nid=868,
immigrazione.biz,1191,03-04-22,Ministero dell'Istruzione,Circolare,381,Circolare n. 381 del 4 marzo 2022 Ministero dell'Istruzione,,1,https://www.immigrazione.biz/circolare.php?id=1191,
immigrazione.biz,1188,03-04-22,Ministero dell'Interno,Nota,7948,Nota n. 7948 del 4 marzo 2022 Ministero dell'Interno,,1,https://www.immigrazione.biz/circolare.php?id=1188,
immigrazione.biz,1195,03-03-22,Ministero dell'Interno,Circolare,18603,Circolare n. 18603 del 3 marzo 2022 Ministero dell'Interno,,1,https://www.immigrazione.biz/circolare.php?id=1195,
immigrazione.biz,1194,03-03-22,Presidenza del Consiglio dei Ministri,Nota,,Nota del 3 marzo 2022 Presidenza del Consiglio dei Ministri,,1,https://www.immigrazione.biz/circolare.php?id=1194,
immigrazione.biz,1190,03-03-22,Ministero della Salute,Circolare,15743,Circolare n. 15743 del 3 marzo 2022 Ministero della Salute,,1,https://www.immigrazione.biz/circolare.php?id=1190,
permessidisoggiorno.info,862,03-03-22,Agenzia delle Entrate,Comunicato,,Comunicato del 2022-03-03 — Agenzia delle Entrate,Comunicazione Crisi_Ucraina_comunicato_Ministero_della_Salute,0,https://www.permessidisoggiorno.info/Normativa.aspx?nid=862,
immigrazione.biz,1187,03-02-22,Ministero dell'Interno,Circolare,6378,Circolare n. 6378 del 2 marzo 2022 Ministero dell'Interno,,1,https://www.immigrazione.biz/circolare.php?id=1187,
immigrazione.biz,1186,02-09-22,Ministero del Lavoro,Circolare,359,Circolare n. 359 del 9 febbraio 2022 Ministero del Lavoro e delle Politiche Sociali,,1,https://www.immigrazione.biz/circolare.php?id=1186,
immigrazione.biz,1183,02-09-22,,Circolare,23,Circolare n. 23 del 9 febbraio 2022 Istituto Nazionale Previdenza Sociale,,1,https://www.immigrazione.biz/circolare.php?id=1183,
immigrazione.biz,1184,02-03-22,Ministero del Lavoro,Circolare,,Comunicato del 3 febbraio 2022 Ministero del Lavoro e delle Politiche Sociali,,1,https://www.immigrazione.biz/circolare.php?id=1184,
immigrazione.biz,1181,02-01-22,,Circolare,17,Circolare n. 17 dell'1 febbraio 2022 Istituto Nazionale Previdenza Sociale,,1,https://www.immigrazione.biz/circolare.php?id=1181,
immigrazione.biz,1182,01-20-22,,Circolare,9,Circolare n. 9 del 20 gennaio 2022 Istituto Nazionale Previdenza Sociale,,1,https://www.immigrazione.biz/circolare.php?id=1182,
immigrazione.biz,1185,01-12-22,Ministero dell'Interno,Circolare,1,Circolare n. 1 del 12 gennaio 2022 Ministero dell'Interno,,1,https://www.immigrazione.biz/circolare.php?id=1185,
permessidisoggiorno.info,861,01-12-22,Corte Costituzionale,Comunicato,,Comunicato del 2022-01-12 — Corte Costituzionale,Normativa Assegno_maternità_e_bonus_bebé,0,https://www.permessidisoggiorno.info/Normativa.aspx?nid=861,
immigrazione.biz,1179,01-05-22,Ministero dell'Interno,Circolare,116,Circolare n. 116 del 5 gennaio 2022 Ministero dell'Interno,,1,https://www.immigrazione.biz/circolare.php?id=1179,
permessidisoggiorno.info,884,01-05-22,Ministero dell'Interno,Circolare,,Circolare del 2022-01-05 — Ministero dell'Interno,Normativa Flussi_immigrazione Circolare_ministeriale,1,https://www.permessidisoggiorno.info/Normativa.aspx?nid=884,
immigrazione.biz,1178,12-31-21,,Messaggio,4748,Messaggio n. 4748 del 31 dicembre 2021 Istituto Nazionale di Previdenza Sociale,,1,https://www.immigrazione.biz/circolare.php?id=1178,
immigrazione.biz,1213,10-06-21,Ministero dell'Interno,Circolare,,Circolare 6497 del 6 ottobre 2021 Ministero dell'Interno,,1,https://www.immigrazione.biz/circolare.php?id=1213,
permessidisoggiorno.info,860,09-28-21,Ministero dell'Interno,Circolare,,Circolare del 2021-09-28 — Ministero dell'Interno,,1,https://www.permessidisoggiorno.info/Normativa.aspx?nid=860,
immigrazione.biz,1215,09-21-21,Ministero dell'Interno,Circolare,78,Circolare n. 78 del 21 settembre 2021 Ministero dell'Interno,,1,https://www.immigrazione.biz/circolare.php?id=1215,
permessidisoggiorno.info,859,09-02-21,Corte di Giustizia UE,Sentenza,,Sentenza del 2021-09-02 — Corte di Giustizia UE,Giurisprudenza Bonus_Asilo:cittadini_stranieri,0,https://www.permessidisoggiorno.info/Normativa.aspx?nid=859,
immigrazione.biz,1180,07-19-21,Ministero dell'Interno,Circolare,99,Circolare n. 99 del 19 luglio 2021 Ministero dell'Interno,,1,https://www.immigrazione.biz/circolare.php?id=1180,
permessidisoggiorno.info,858,07-08-21,Ministero dell'Interno,Circolare,49637,Circolare n. 49637 del 2021-07-08 — Ministero dell'Interno,,1,https://www.permessidisoggiorno.info/Normativa.aspx?nid=858,
immigrazione.biz,1177,06-30-21,,Circolare,93,Circolare n. 93 del 30 giugno 2021 Istituto Nazionale Previdenza Sociale,,1,https://www.immigrazione.biz/circolare.php?id=1177,
permessidisoggiorno.info,857,06-22-21,Ministero dell'Interno,Circolare,46888,Circolare n. 46888 del 2021-06-22 — Ministero dell'Interno,,1,https://www.permessidisoggiorno.info/Normativa.aspx?nid=857,
permessidisoggiorno.info,856,06-22-21,Ministero dell'Interno,Circolare,Circolare 400.B/2021/I Div. /I Sez.,Circolare 400.B/2021/I Div. /I Sez. del 2021-06-22 — Ministero dell'Interno,,1,https://www.permessidisoggiorno.info/Normativa.aspx?nid=856,
immigrazione.biz,1176,05-28-21,,Circolare,79,Circolare n. 79 del 28 maggio 2021 Istituto Nazionale Previdenza Sociale,,1,https://www.immigrazione.biz/circolare.php?id=1176,
immigrazione.biz,1174,05-11-21,Ministero dell'Interno,Circolare,3625,Circolare n. 3625 dell'11 maggio 2021 Ministero dell'Interno,,1,https://www.immigrazione.biz/circolare.php?id=1174,
permessidisoggiorno.info,855,05-03-21,Governo,Decreto Legge,,Decreto Legge del 2021-05-03 — Governo,,0,https://www.permessidisoggiorno.info/Normativa.aspx?nid=855,
immigrazione.biz,1175,04-21-21,Ministero dell'Interno,Circolare,3020,Circolare n. 3020 del 21 aprile 2021 Ministero dell'Interno,,1,https://www.immigrazione.biz/circolare.php?id=1175,
immigrazione.biz,1171,03-22-21,Ministero dell'Interno,Circolare,7987,Circolare n. 7987 del 22 marzo 2021 Ministero dell'Interno,,1,https://www.immigrazione.biz/circolare.php?id=1171,
immigrazione.biz,1172,03-01-21,Ministero dell'Interno,Circolare,6,Circolare n. 6 del 1 marzo 2021 Ministero dell'Interno,,1,https://www.immigrazione.biz/circolare.php?id=1172,
permessidisoggiorno.info,854,02-03-21,Ministero dell'Interno,Circolare,400/C/2021,Circolare n. 400/C/2021 del 2021-02-03 — Ministero dell'Interno,,1,https://www.permessidisoggiorno.info/Normativa.aspx?nid=854,
immigrazione.biz,1170,01-25-21,,Circolare,9,Circolare n. 9 del 25 gennaio 2021 Istituto Nazionale Previdenza Sociale,,1,https://www.immigrazione.biz/circolare.php?id=1170,
immigrazione.biz,1169,01-18-21,Ministero dell'Interno,Circolare,153580,Circolare n. 153580 del 18 gennaio 2021 Ministero dell'Interno,,1,https://www.immigrazione.biz/circolare.php?id=1169,
permessidisoggiorno.info,853,12-22-20,INPS,Circolare,Prot. 4678 del 18 dicembre 2020,Circolare n. Prot. 4678 del 18 dicembre 2020 del 2020-12-22 — INPS,,1,https://www.permessidisoggiorno.info/Normativa.aspx?nid=853,
immigrazione.biz,1168,12-18-20,,Messaggio,4768,Messaggio n.4768 del 18 dicembre 2020 Istituto Nazionale Previdenza Sociale,,1,https://www.immigrazione.biz/circolare.php?id=1168,
permessidisoggiorno.info,852,12-18-20,Ministero dell'Interno,Circolare,Prot. 0089161 del 12/12/2020,Circolare n. Prot. 0089161 del 12/12/2020 del 2020-12-18 — Ministero dell'Interno,,1,https://www.permessidisoggiorno.info/Normativa.aspx?nid=852,
immigrazione.biz,1167,12-12-20,Ministero dell'Interno,Circolare,89161,Circolare n. 89161 del 12 dicembre 2020 Ministero dell'Interno,,1,https://www.immigrazione.biz/circolare.php?id=1167,
immigrazione.biz,1166,12-09-20,Ministero dello Sviluppo Economico,Circolare,5/V,Circolare n. 5/V del 9 dicembre 2020 Ministero dello Sviluppo Economico,,1,https://www.immigrazione.biz/circolare.php?id=1166,
immigrazione.biz,1165,11-30-20,,Nota,1057,Nota n. 1057 del 30 novembre 2020 Ispettorato Nazionale del lavoro,,1,https://www.immigrazione.biz/circolare.php?id=1165,
immigrazione.biz,1164,11-19-20,,Circolare,,Comunicato del 19 novembre 2020 Istituto Nazionale Previdenza Sociale,,1,https://www.immigrazione.biz/circolare.php?id=1164,
immigrazione.biz,1162,11-18-20,Ministero del Lavoro,Circolare,4460,Circolare n. 4460 del 18 novembre 2020 Ministero del Lavoro e delle Poliche Sociali,,1,https://www.immigrazione.biz/circolare.php?id=1162,
immigrazione.biz,1163,11-17-20,Ministero dell'Interno,Circolare,4623,Circolare n. 4623 del 17 novembre 2020 Ministero dell'Interno,OGGETTO: Decreto legge 19 maggio 2020 n. 34 convertito nella legge 17 luglio 2020 n.77. Emersione di rapporti di lavoro irregolari. Indicazioni operative.,1,https://www.immigrazione.biz/circolare.php?id=1163,
immigrazione.biz,1161,11-02-20,Ministero del Lavoro,Circolare,15,Circolare n. 15 del 2 novembre 2020 Ministero del Lavoro e delle Politiche Sociali,,1,https://www.immigrazione.biz/circolare.php?id=1161,
immigrazione.biz,1173,10-30-20,Ministero dell'Interno,Circolare,75580,Circolare n. 75580 del 30 ottobre 2020 Ministero dell'Interno,,1,https://www.immigrazione.biz/circolare.php?id=1173,
immigrazione.biz,1160,10-12-20,Ministero dell'Interno,Circolare,,Circolare del 12 ottobre 2020 del Ministero dell'Interno,,1,https://www.immigrazione.biz/circolare.php?id=1160,
immigrazione.biz,1157,09-25-20,Agenzia delle Entrate,Circolare,,Risoluzione n. 58/E del 25 settembre 2020 Agenzia delle Entrate,,1,https://www.immigrazione.biz/circolare.php?id=1157,
permessidisoggiorno.info,850,09-24-20,INPS,Circolare,,Circolare del 2020-09-24 — INPS,,1,https://www.permessidisoggiorno.info/Normativa.aspx?nid=850,
permessidisoggiorno.info,849,09-24-20,INPS,Circolare,,Circolare del 2020-09-24 — INPS,,1,https://www.permessidisoggiorno.info/Normativa.aspx?nid=849,
permessidisoggiorno.info,851,09-11-20,INPS,Circolare,101,Circolare n. 101 del 2020-09-11 — INPS,,1,https://www.permessidisoggiorno.info/Normativa.aspx?nid=851,
permessidisoggiorno.info,847,08-04-20,Ministero dell'Interno,Circolare,,Circolare del 2020-08-04 — Ministero dell'Interno,,1,https://www.permessidisoggiorno.info/Normativa.aspx?nid=847,
immigrazione.biz,1156,07-24-20,Ministero dell'Interno,Circolare,2399,Circolare n. 2399 del 24 luglio 2020 Ministero dell'Interno e Ministero del Lavoro e delle Politiche Sociali,,1,https://www.immigrazione.biz/circolare.php?id=1156,
immigrazione.biz,1155,06-19-20,Ministero dell'Interno,Circolare,44360,Circolare n. 44360 del 19 giugno 2020 Ministero dell'Interno,,1,https://www.immigrazione.biz/circolare.php?id=1155,
permessidisoggiorno.info,846,06-19-20,Ministero dell'Interno,Circolare,44360,Circolare n. 44360 del 2020-06-19 — Ministero dell'Interno,,1,https://www.permessidisoggiorno.info/Normativa.aspx?nid=846,
immigrazione.biz,1154,06-05-20,Ministero dell'Interno,Circolare,1455,Circolare n. 1455 del 5 giugno 2020 Ministero dell'Interno,,1,https://www.immigrazione.biz/circolare.php?id=1154,
immigrazione.biz,1152,06-04-20,,Messaggio,2327,Messaggio n. 2327 del 4 giugno 2020 Istituto Nazionale Previdenza Sociale,,1,https://www.immigrazione.biz/circolare.php?id=1152,
immigrazione.biz,1153,06-01-20,,Circolare,,Comunicato dell'1 giugno 2020 Istituto Nazionale Previdenza Sociale,,1,https://www.immigrazione.biz/circolare.php?id=1153,
immigrazione.biz,1151,05-31-20,,Circolare,68,Circolare n. 68 del 31 maggio 2020 Istituto Nazionale Previdenza Sociale,,1,https://www.immigrazione.biz/circolare.php?id=1151,
immigrazione.biz,1150,05-30-20,Ministero dell'Interno,Circolare,40467del,Circolare n. 40467del 30 maggio 2020 Ministero dell'Interno,,1,https://www.immigrazione.biz/circolare.php?id=1150,
immigrazione.biz,1149,05-30-20,Ministero dell'Interno,Circolare,,Circolare del 30 maggio 2020 Ministero dell'Interno,,1,https://www.immigrazione.biz/circolare.php?id=1149,
permessidisoggiorno.info,848,05-02-20,Corte Costituzionale,Sentenza,,Sentenza del 2020-05-02 — Corte Costituzionale,,0,https://www.permessidisoggiorno.info/Normativa.aspx?nid=848,
permessidisoggiorno.info,844,04-30-20,Consiglio dei Ministri,Legge,,Legge del 2020-04-30 — Consiglio dei Ministri,,0,https://www.permessidisoggiorno.info/Normativa.aspx?nid=844,
immigrazione.biz,1203,04-14-20,Ministero del Lavoro,Nota,3803,Nota n. 3803 del 14 aprile 2020 Ministero del Lavoro e delle Politiche Sociali,,1,https://www.immigrazione.biz/circolare.php?id=1203,
immigrazione.biz,1137,03-24-20,Ministero dell'Interno,Circolare,3511,Circolare n.3511 del 24 marzo 2020 Ministero dell'Interno,,1,https://www.immigrazione.biz/circolare.php?id=1137,
immigrazione.biz,1136,03-21-20,Ministero dell'Interno,Circolare,23308,Circolare n.23308 del 21 marzo 2020 Ministero dell'Interno,,1,https://www.immigrazione.biz/circolare.php?id=1136,
permessidisoggiorno.info,845,03-17-20,Governo,Decreto Legge,,Decreto Legge del 2020-03-17 — Governo,,0,https://www.permessidisoggiorno.info/Normativa.aspx?nid=845,
immigrazione.biz,1139,03-09-20,Ministero dell'Interno,Circolare,20359,Circolare n. 20359 del 9 marzo 2020 Ministero dell'Interno,,1,https://www.immigrazione.biz/circolare.php?id=1139,
immigrazione.biz,1138,03-06-20,Ministero dell'Interno,Circolare,19964,Circolare n. 19964 del 6 marzo 2020 Ministero dell'Interno,,1,https://www.immigrazione.biz/circolare.php?id=1138,
immigrazione.biz,1134,02-19-20,Ministero del Lavoro,Circolare,1319,Circolare n. 1319 del 19 febbraio 2020 Ministero del Lavoro e delle Politiche Sociali,,1,https://www.immigrazione.biz/circolare.php?id=1134,
permessidisoggiorno.info,843,02-06-20,INPS,Circolare,17,Circolare n. 17 del 2020-02-06 — INPS,,1,https://www.permessidisoggiorno.info/Normativa.aspx?nid=843,
immigrazione.biz,1133,02-04-20,Ministero dell'Interno,Circolare,,Circolare del 4 febbraio 2020 Ministero dell'Interno,,1,https://www.immigrazione.biz/circolare.php?id=1133,
permessidisoggiorno.info,842,02-04-20,Ministero dell'Interno,Circolare,,Circolare del 2020-02-04 — Ministero dell'Interno,,1,https://www.permessidisoggiorno.info/Normativa.aspx?nid=842,
immigrazione.biz,1141,01-13-20,Ministero dell'Interno,Circolare,2464,Circolare n. 2464 del 13 gennaio 2020 Ministero dell'Interno,,1,https://www.immigrazione.biz/circolare.php?id=1141,
immigrazione.biz,1143,12-27-19,Ministero dell'Interno,Circolare,,Circolare del 27 dicembre 2019 Ministero dell'Interno,,1,https://www.immigrazione.biz/circolare.php?id=1143,
immigrazione.biz,1131,12-20-19,Ministero dell'Interno,Circolare,4338,Circolare n. 4338 del 20 dicembre 2019 Ministero dell'Interno,,1,https://www.immigrazione.biz/circolare.php?id=1131,
immigrazione.biz,1144,12-19-19,Ministero dell'Interno,Circolare,24763,Circolare n. 24763 del 19 dicembre 2019 MInistero dell'Interno,,1,https://www.immigrazione.biz/circolare.php?id=1144,
immigrazione.biz,1145,12-17-19,Ministero dell'Interno,Circolare,14,Circolare n. 14 del 17 dicembre 2019 MInistero dell'Interno,,1,https://www.immigrazione.biz/circolare.php?id=1145,
immigrazione.biz,1132,12-11-19,,Circolare,147,Circolare n. 147 dell'11 dicembre 2019 Istituto Nazionale della Previdenza Sociale,,1,https://www.immigrazione.biz/circolare.php?id=1132,
permessidisoggiorno.info,841,12-05-19,INPS,Messaggio,,Messaggio del 2019-12-05 — INPS,,0,https://www.permessidisoggiorno.info/Normativa.aspx?nid=841,
permessidisoggiorno.info,840,12-05-19,Ministero del Lavoro,Legge,,Legge del 2019-12-05 — Ministero del Lavoro,,0,https://www.permessidisoggiorno.info/Normativa.aspx?nid=840,
permessidisoggiorno.info,839,12-05-19,Ministero dell'Interno,Decreto Ministeriale,(GU Serie Generale n.284 del 04-12-2019),Decreto Ministeriale n. (GU Serie Generale n.284 del 04-12-2019) del 2019-12-05 — Ministero dell'Interno,,1,https://www.permessidisoggiorno.info/Normativa.aspx?nid=839,
immigrazione.biz,1130,12-03-19,,Messaggio,4516,Messaggio n. 4516 del 3 dicembre 2019 Istituto Nazionale della Previdenza Sociale,,1,https://www.immigrazione.biz/circolare.php?id=1130,
permessidisoggiorno.info,838,11-29-19,Ministero dell'Interno,Decreto Ministeriale,,Decreto Ministeriale del 2019-11-29 — Ministero dell'Interno,,1,https://www.permessidisoggiorno.info/Normativa.aspx?nid=838,
permessidisoggiorno.info,837,11-26-19,Corte di Cassazione,Sentenza,,Sentenza del 2019-11-26 — Corte di Cassazione,,0,https://www.permessidisoggiorno.info/Normativa.aspx?nid=837,
immigrazione.biz,1146,11-25-19,,Circolare,,Circolare del 25 novembre 2019 Ministero dellInterno,,1,https://www.immigrazione.biz/circolare.php?id=1146,
immigrazione.biz,1142,11-20-19,Ministero dell'Interno,Circolare,150380,Circolare n. 150380 del 20 novembre 2019 Ministero dell'Interno,,1,https://www.immigrazione.biz/circolare.php?id=1142,
immigrazione.biz,1140,10-31-19,Ministero dell'Interno,Circolare,9004,Circolare n. 9004 del 31 ottobre 2019 Ministero dell'Interno,,1,https://www.immigrazione.biz/circolare.php?id=1140,
immigrazione.biz,1147,10-18-19,,Circolare,138656,Circolare n. 138656 del 18 ottobre 2019 Ministero dellInterno,,1,https://www.immigrazione.biz/circolare.php?id=1147,
immigrazione.biz,1148,10-16-19,,Circolare,8560,Circolare n. 8560 del 16 ottobre 2019 Ministero dellInterno,,1,https://www.immigrazione.biz/circolare.php?id=1148,
permessidisoggiorno.info,836,10-07-19,Ministero dell'Interno,Circolare,Circolare Ministero interno del 6/9/2019 PROT. no. 122106,Circolare Ministero interno del 6/9/2019 PROT. no. 122106 del 2019-10-07 — Ministero dell'Interno,,1,https://www.permessidisoggiorno.info/Normativa.aspx?nid=836,
immigrazione.biz,1125,09-06-19,,Circolare,122106,Circolare n. 122106 del 6 settembre 2019 il Ministero dellInterno,,1,https://www.immigrazione.biz/circolare.php?id=1125,
immigrazione.biz,1129,09-03-19,Ministero delle Infrastrutture,Circolare,26741,Circolare n. 26741 del 3 settembre 2019 Ministero delle Infrastrutture e dei Trasporti,,1,https://www.immigrazione.biz/circolare.php?id=1129,
immigrazione.biz,1128,09-03-19,Ministero delle Infrastrutture,Circolare,26749,Circolare n. 26749 del 3 settembre 2019 Ministero delle Infrastrutture e dei Trasporti,,1,https://www.immigrazione.biz/circolare.php?id=1128,
immigrazione.biz,1127,08-01-19,,Circolare,10,Circolare n. 10 dell'1 agosto 2019 il Ministero dellInterno,,1,https://www.immigrazione.biz/circolare.php?id=1127,
immigrazione.biz,1124,07-05-19,,Circolare,100,Circolare n. 100 del 5 luglio 2019 Istituto Nazionale Previdenza Sociale,,1,https://www.immigrazione.biz/circolare.php?id=1124,
permessidisoggiorno.info,835,06-15-19,Consiglio dei Ministri,Decreto Legge,"decreto-legge 14 giugno 2019, n. 53","Decreto Legge decreto-legge 14 giugno 2019, n. 53 del 2019-06-15 — Consiglio dei Ministri",,0,https://www.permessidisoggiorno.info/Normativa.aspx?nid=835,
immigrazione.biz,1120,06-11-19,Ministero dell'Interno,Circolare,6,Circolare n. 6 dell'11 giugno 2019 Ministero dell'Interno,,1,https://www.immigrazione.biz/circolare.php?id=1120,
immigrazione.biz,1123,06-05-19,,Circolare,5293,Circolare n. 5293 del 5 giugno 2019 Ispettorato Nazionale del Lavoro,,1,https://www.immigrazione.biz/circolare.php?id=1123,
immigrazione.biz,1122,05-09-19,Ministero del Lavoro,Circolare,,Circolare del 9 maggio 2019 Ministero del Lavoro e delle Politiche Sociali,,1,https://www.immigrazione.biz/circolare.php?id=1122,
immigrazione.biz,1119,04-16-19,Ministero del Lavoro,Circolare,9,Circolare n. 9 del 16 aprile 2019 Ministero del Lavoro e delle Politiche Sociali,,1,https://www.immigrazione.biz/circolare.php?id=1119,
immigrazione.biz,1117,04-09-19,Ministero dell'Interno,Circolare,1257,Circolare n. 1257 del 9 aprile 2019 Ministero dell'Interno e Ministero del Lavoro e delle Politiche Sociali,,1,https://www.immigrazione.biz/circolare.php?id=1117,
immigrazione.biz,1115,03-20-19,,Circolare,43,Circolare n. 43 del 20 marzo 2019 Istituto Nazione Previdenza Sociale,,1,https://www.immigrazione.biz/circolare.php?id=1115,
immigrazione.biz,1159,03-19-19,Ministero dell'Interno,Circolare,44790,Circolare n. 44790 del 19 marzo 2019 Ministero dell'Interno,,1,https://www.immigrazione.biz/circolare.php?id=1159,
immigrazione.biz,1121,03-18-19,Ministero dell'Interno,Circolare,,Direttiva n. 14100/141/(8) del 18 marzo 2019 Ministero dell'Interno,,1,https://www.immigrazione.biz/circolare.php?id=1121,
immigrazione.biz,1116,03-15-19,,Circolare,n,Circolare n. n. 43323 del 15 marzo 2019 Ministero dellInterno,,1,https://www.immigrazione.biz/circolare.php?id=1116,
immigrazione.biz,1198,03-06-19,Ministero dell'Interno,Circolare,2811,Circolare n.2811 del 6 marzo 2019 Ministero dell'Interno,,1,https://www.immigrazione.biz/circolare.php?id=1198,
permessidisoggiorno.info,834,03-01-19,Corte di Cassazione,Sentenza,sentenza n. 4890/2019,sentenza n. 4890/2019 del 2019-03-01 — Corte di Cassazione,,0,https://www.permessidisoggiorno.info/Normativa.aspx?nid=834,
immigrazione.biz,1112,02-28-19,,Circolare,5,Circolare n. 5 del 28 febbraio 2019 Ispettorato Nazionale del Lavoro,,1,https://www.immigrazione.biz/circolare.php?id=1112,
immigrazione.biz,1105,02-01-19,,Circolare,16,Circolare n. 16 dell'1 febbraio 2019 Istituto Nazionale della Previdenza Sociale,,1,https://www.immigrazione.biz/circolare.php?id=1105,
immigrazione.biz,1114,01-29-19,,Circolare,,Circolare del 29 gennaio 2019 Prefettura Forlì,,1,https://www.immigrazione.biz/circolare.php?id=1114,
immigrazione.biz,1106,01-25-19,Ministero dell'Interno,Circolare,666,Circolare n. 666 del 25 gennaio 2019 Ministero dell'Interno,,1,https://www.immigrazione.biz/circolare.php?id=1106,
permessidisoggiorno.info,833,01-25-19,Agenzia delle Entrate,Circolare,,Circolare del 2019-01-25 — Agenzia delle Entrate,,1,https://www.permessidisoggiorno.info/Normativa.aspx?nid=833,
permessidisoggiorno.info,832,01-22-19,Ministero dell'Interno,Circolare,nr.. 22146,Circolare n. nr.. 22146 del 2019-01-22 — Ministero dell'Interno,,1,https://www.permessidisoggiorno.info/Normativa.aspx?nid=832,
immigrazione.biz,1224,01-18-19,Ministero dell'Interno,Circolare,10380,Circolare n. 10380 del 18 gennaio 2019 Ministero dell'Interno,,1,https://www.immigrazione.biz/circolare.php?id=1224,
immigrazione.biz,1113,01-18-19,Ministero dell'Interno,Circolare,462,Circolare n. 462 del 18 gennaio 2019 Ministero dell'Interno,,1,https://www.immigrazione.biz/circolare.php?id=1113,
immigrazione.biz,1104,01-15-19,Ministero dell'Interno,Circolare,,Circolare del 15 gennaio 2019 Ministero dell'Interno,,1,https://www.immigrazione.biz/circolare.php?id=1104,
immigrazione.biz,1103,01-14-19,Ministero dell'Interno,Circolare,,Circolare del 14 gennaio 2019 Ministero dell'Interno,,1,https://www.immigrazione.biz/circolare.php?id=1103,
immigrazione.biz,1102,01-14-19,Ministero dell'Interno,Circolare,,Circolare del 14 gennaio 2019 Ministero dell'Interno,,1,https://www.immigrazione.biz/circolare.php?id=1102,
immigrazione.biz,1109,01-02-19,Ministero dell'Interno,Circolare,1,Circolare n. 1 del 2 gennaio 2019 Ministero dell'Interno,,1,https://www.immigrazione.biz/circolare.php?id=1109,
immigrazione.biz,1107,12-27-18,,Circolare,122,Circolare n. 122 del 27 dicembre 2018 Istituto Nazione Previdenza Sociale,,1,https://www.immigrazione.biz/circolare.php?id=1107,
immigrazione.biz,1110,12-20-18,Ministero delle Infrastrutture,Circolare,33292,Circolare n. 33292 del 20 dicembre 2018 Ministero delle Infrastrutture e dei Trasporti,,1,https://www.immigrazione.biz/circolare.php?id=1110,
immigrazione.biz,1101,12-18-18,Ministero dell'Interno,Circolare,83744,Circolare n. 83744 del 18 dicembre 2018 Ministero dell'Interno,,1,https://www.immigrazione.biz/circolare.php?id=1101,
permessidisoggiorno.info,830,12-18-18,Ministero dell'Interno,Circolare,,Circolare del 2018-12-18 — Ministero dell'Interno,,1,https://www.permessidisoggiorno.info/Normativa.aspx?nid=830,
permessidisoggiorno.info,829,12-18-18,Ministero dell'Interno,Circolare,,Circolare del 2018-12-18 — Ministero dell'Interno,,1,https://www.permessidisoggiorno.info/Normativa.aspx?nid=829,
immigrazione.biz,1118,12-04-18,Ministero dell'Interno,Circolare,3738,Circolare n. 3738 del 4 dicembre 2018 Ministero dell'Interno,,1,https://www.immigrazione.biz/circolare.php?id=1118,
permessidisoggiorno.info,828,12-03-18,Parlamento Italiano,Legge,,Legge del 2018-12-03 — Parlamento Italiano,,0,https://www.permessidisoggiorno.info/Normativa.aspx?nid=828,
immigrazione.biz,1111,11-21-18,Ministero dell'Interno,Circolare,14810,Circolare n. 14810 del 21 novembre 2018 Ministero dell'Interno,,1,https://www.immigrazione.biz/circolare.php?id=1111,
permessidisoggiorno.info,826,10-22-18,Ministero dell'Interno,Circolare,,Circolare del 2018-10-22 — Ministero dell'Interno,Normativa Giurisprudenza FAQ_Normativa Circolari,1,https://www.permessidisoggiorno.info/Normativa.aspx?nid=826,
immigrazione.biz,1099,10-18-18,Ministero dell'Interno,Circolare,15,Circolare n.15 del 18 ottobre 2018 Ministero dell'Interno,,1,https://www.immigrazione.biz/circolare.php?id=1099,
immigrazione.biz,1100,10-16-18,Ministero dell'Interno,Circolare,7132,Circolare n. 7132 del 16 ottobre 2018 Ministero dell'Interno,,1,https://www.immigrazione.biz/circolare.php?id=1100,
permessidisoggiorno.info,827,10-16-18,Ministero dell'Interno,Circolare,,Circolare del 2018-10-16 — Ministero dell'Interno,Normativa Notizia Giurisprudenza,1,https://www.permessidisoggiorno.info/Normativa.aspx?nid=827,
permessidisoggiorno.info,825,10-04-18,Ministero dell'Interno,Decreto Legge,"D.L. 4 ottobre 2018, n.113","Decreto Legge n. D.L. 4 ottobre 2018, n.113 del 2018-10-04 — Ministero dell'Interno",Normativa Giurisprudenza FAQ_Normativa Decreto_Legge,0,https://www.permessidisoggiorno.info/Normativa.aspx?nid=825,
permessidisoggiorno.info,823,10-04-18,Presidente del Consiglio dei Ministri,Circolare,"D.L. 4 ottobre 2018, n.113","Circolare n. D.L. 4 ottobre 2018, n.113 del 2018-10-04 — Presidente del Consiglio dei Ministri",,1,https://www.permessidisoggiorno.info/Normativa.aspx?nid=823,
permessidisoggiorno.info,822,10-04-18,Agenzia delle Entrate,Decreto Legge,"D.L. 4 ottobre 2018, n.113","Decreto Legge n. D.L. 4 ottobre 2018, n.113 del 2018-10-04 — Agenzia delle Entrate",,0,https://www.permessidisoggiorno.info/Normativa.aspx?nid=822,
immigrazione.biz,1098,09-01-18,Ministero dell'Interno,Circolare,59445,Circolare n. 59445 dell'1 settembre 2018 Ministero dell'Interno,,1,https://www.immigrazione.biz/circolare.php?id=1098,
immigrazione.biz,1095,08-27-18,Ministero del Lavoro,Circolare,10569,Circolare n. 10569 del 27 agosto 2018 Ministero del Lavoro e delle Politiche Sociali e Anpal,,1,https://www.immigrazione.biz/circolare.php?id=1095,
immigrazione.biz,1097,08-08-18,Ministero dell'Interno,Circolare,6389,Circolare n. 6389 dell'8 agosto 2018 Ministero dell'Interno,,1,https://www.immigrazione.biz/circolare.php?id=1097,
permessidisoggiorno.info,820,07-18-18,Ministero dell'Interno,Circolare,,Circolare del 2018-07-18 — Ministero dell'Interno,,1,https://www.permessidisoggiorno.info/Normativa.aspx?nid=820,
immigrazione.biz,1094,07-04-18,Ministero dell'Interno,Circolare,8819,Circolare n. 8819 del 4 luglio 2018 Ministero dell'Interno,,1,https://www.immigrazione.biz/circolare.php?id=1094,
immigrazione.biz,1092,07-03-18,Ministero dell'Interno,Circolare,11,Circolare n. 11 del 3 luglio 2018 Ministero dell'Interno,,1,https://www.immigrazione.biz/circolare.php?id=1092,
permessidisoggiorno.info,821,06-22-18,Governo,Decreto Legislativo,71,Decreto Legislativo n. 71 del 2018-06-22 — Governo,,0,https://www.permessidisoggiorno.info/Normativa.aspx?nid=821,
permessidisoggiorno.info,818,06-12-18,Corte di Giustizia UE,Sentenza,,Sentenza del 2018-06-12 — Corte di Giustizia UE,,0,https://www.permessidisoggiorno.info/Normativa.aspx?nid=818,
immigrazione.biz,1091,06-11-18,,Circolare,68,Circolare n. 68 dell'11 giugno 2018 Istituto Nazionale della Previdenza Sociale,,1,https://www.immigrazione.biz/circolare.php?id=1091,
immigrazione.biz,1093,06-04-18,Ministero dell'Interno,Circolare,10,Circolare n. 10 del 4 giugno 2018 Ministero dell'Interno,,1,https://www.immigrazione.biz/circolare.php?id=1093,
immigrazione.biz,1090,05-23-18,,Circolare,,Comunicazione n. 6202 del 23 maggio 2018 Agenzia Nazionale Politiche Attive del Lavoro,,1,https://www.immigrazione.biz/circolare.php?id=1090,
immigrazione.biz,1087,05-07-18,Ministero del Lavoro,Circolare,4079,Circolare n. 4079 del 7 maggio 2018 Ministero del Lavoro e delle Politiche Sociali,,1,https://www.immigrazione.biz/circolare.php?id=1087,
permessidisoggiorno.info,824,05-04-18,Ministero dell'Interno,Decreto Legge,"D.L. 4 ottobre 2018, n.113","Decreto Legge n. D.L. 4 ottobre 2018, n.113 del 2018-05-04 — Ministero dell'Interno",Normativa Giurisprudenza Decreto_Legge,0,https://www.permessidisoggiorno.info/Normativa.aspx?nid=824,
immigrazione.biz,1088,05-02-18,Ministero del Lavoro,Nota,5070,Nota n. 5070 del 2 maggio 2018 Ministero del Lavoro e delle Politiche Sociali,,1,https://www.immigrazione.biz/circolare.php?id=1088,
immigrazione.biz,1085,03-28-18,,Circolare,57,Circolare n. 57 del 28 marzo 2018 Istituto Nazionale della Previdenza Sociale,,1,https://www.immigrazione.biz/circolare.php?id=1085,
immigrazione.biz,1079,02-28-18,,Circolare,35,Circolare n. 35 del 28 febbraio 2018 Istituto Nazionale della Previdenza Sociale,,1,https://www.immigrazione.biz/circolare.php?id=1079,
immigrazione.biz,1084,02-27-18,,Circolare,39,Circolare n. 39 del 27 febbraio 2018 Istituto Nazionale Previdenza Sociale,,1,https://www.immigrazione.biz/circolare.php?id=1084,
immigrazione.biz,1080,02-27-18,,Circolare,40356,Circolare n. 40356 del 27 febbraio 2018 Ministero dio Grazia e Giustizia,,1,https://www.immigrazione.biz/circolare.php?id=1080,
immigrazione.biz,1082,02-22-18,,Circolare,16219/SS,Circolare n. 16219/SS 17-18 del 22 febbraio 2018 FIGC Federazione Italiana Giuoco Calcio,,1,https://www.immigrazione.biz/circolare.php?id=1082,
immigrazione.biz,1081,02-16-18,Ministero dell'Istruzione,Circolare,,Circolare del 16 febbraio 2018 Ministero dell'Istruzione dell'Università e della Ricerca,,1,https://www.immigrazione.biz/circolare.php?id=1081,
immigrazione.biz,1077,02-14-18,Ministero dell'Interno,Circolare,502,Circolare n. 502 del 14 febbraio 2018 Ministero dell'Interno,,1,https://www.immigrazione.biz/circolare.php?id=1077,
immigrazione.biz,1078,02-13-18,,Messaggio,661,Messaggio n. 661 del 13 febbraio 2018 Istituto Nazionale della Previdenza Sociale,,1,https://www.immigrazione.biz/circolare.php?id=1078,
immigrazione.biz,1076,02-12-18,Ministero del Lavoro,Circolare,463,Circolare n. 463 del 12 febbraio 2018 Ministero del Lavoro e delle Politiche Sociali,,1,https://www.immigrazione.biz/circolare.php?id=1076,
permessidisoggiorno.info,817,01-31-18,Consiglio dei Ministri,Decreto Legislativo,"DECRETO LEGISLATIVO 22 dicembre 2017, n. 220","DECRETO LEGISLATIVO 22 dicembre 2017, n. 220 del 2018-01-31 — Consiglio dei Ministri",Normativa Minori_stranieri_non_accompagnati,0,https://www.permessidisoggiorno.info/Normativa.aspx?nid=817,
immigrazione.biz,1108,01-18-18,Ministero dell'Interno,Circolare,10380,Circolare n. 10380 del 18 gennaio 2018 Ministero dell'Interno,,1,https://www.immigrazione.biz/circolare.php?id=1108,
immigrazione.biz,1086,01-18-18,,Circolare,,Circolare del 18 gennaio 2018 Ministero dellInterno,,1,https://www.immigrazione.biz/circolare.php?id=1086,
immigrazione.biz,1075,01-12-18,Ministero dell'Interno,Circolare,120,Circolare n. 120 del 12 gennaio 2018 Ministero dell'Interno,,1,https://www.immigrazione.biz/circolare.php?id=1075,
immigrazione.biz,1158,12-14-17,Ministero dell'Interno,Circolare,40845,Circolare n. 40845 del 14 dicembre 2017 Ministero dell'Interno,,1,https://www.immigrazione.biz/circolare.php?id=1158,
permessidisoggiorno.info,816,12-06-17,Consiglio dei Ministri,Decreto Legislativo,"253/D. Lgs. 29 dicembre 2016, n. 253","Decreto Legislativo n. 253/D. Lgs. 29 dicembre 2016, n. 253 del 2017-12-06 — Consiglio dei Ministri",Normativa Trasferimenti_intra-societri,0,https://www.permessidisoggiorno.info/Normativa.aspx?nid=816,
immigrazione.biz,1073,11-22-17,,Circolare,172,Circolare n. 172 del 22 novembre 2017 Istituto Nazionale Previdenza Sociale,,1,https://www.immigrazione.biz/circolare.php?id=1073,
immigrazione.biz,1072,11-13-17,Ministero dell'Interno,Circolare,300/A/8581/17/106/15,Circolare n. 300/A/8581/17/106/15 del 13 novembre 2017 Ministero dell'Interno,,1,https://www.immigrazione.biz/circolare.php?id=1072,
immigrazione.biz,1070,10-26-17,Ministero dell'Interno,Circolare,123548,Circolare n. 123548 del 26 ottobre 2017 Ministero dell'Interno,,1,https://www.immigrazione.biz/circolare.php?id=1070,
immigrazione.biz,1071,09-27-17,Ministero del Lavoro,Circolare,3161,Circolare n. 3161 del 27 settembre 2017 Ministero del Lavoro e delle Politiche Sociali,,1,https://www.immigrazione.biz/circolare.php?id=1071,
immigrazione.biz,1068,09-01-17,Ministero della Salute,Circolare,26382,Circolare n. 26382 dell'1 settembre 2017 Ministero della Salute,,1,https://www.immigrazione.biz/circolare.php?id=1068,
immigrazione.biz,1067,08-16-17,Ministero della Salute,Circolare,25233,Circolare n. 25233 del 16 agosto 2017 Ministero della Salute,,1,https://www.immigrazione.biz/circolare.php?id=1067,
immigrazione.biz,1066,08-14-17,Ministero della Salute,Circolare,25146,Circolare n. 25146 del 14 agosto 2017 Ministero della Salute,,1,https://www.immigrazione.biz/circolare.php?id=1066,
immigrazione.biz,1096,08-10-17,Ministero dell'Interno,Circolare,6300,Circolare n. 6300 del 10 agosto 2017 Ministero dell'Interno,,1,https://www.immigrazione.biz/circolare.php?id=1096,
immigrazione.biz,1064,07-31-17,Ministero dell'Interno,Circolare,2805,Circolare n.2805 del 31 luglio 2017 Ministero dell'Interno,,1,https://www.immigrazione.biz/circolare.php?id=1064,
permessidisoggiorno.info,814,07-31-17,Ministero dell'Interno,Circolare,,Circolare del 2017-07-31 — Ministero dell'Interno,Normativa Ricongiungimenti_familiari,1,https://www.permessidisoggiorno.info/Normativa.aspx?nid=814,
immigrazione.biz,1065,07-28-17,,Circolare,3151,Circolare n. 3151 del 28 luglio 2017 Istituto Nazionale Previdenza Sociale,,1,https://www.immigrazione.biz/circolare.php?id=1065,
permessidisoggiorno.info,813,06-12-17,Ministero dell'Interno,Circolare,400/A/2017,Circolare n. 400/A/2017 del 2017-06-12 — Ministero dell'Interno,,1,https://www.permessidisoggiorno.info/Normativa.aspx?nid=813,
immigrazione.biz,1063,06-09-17,Ministero dell'Interno,Circolare,18780,Circolare n. 18780 del 9 giugno 2017 Ministero dell'Interno,,1,https://www.immigrazione.biz/circolare.php?id=1063,
permessidisoggiorno.info,812,06-09-17,Ministero dell'Economia,Decreto Ministeriale,Decreto in GU n. 131 del 08/06/2017,Decreto Ministeriale Decreto in GU n. 131 del 08/06/2017 del 2017-06-09 — Ministero dell'Economia,,1,https://www.permessidisoggiorno.info/Normativa.aspx?nid=812,
immigrazione.biz,1062,05-31-17,,Circolare,95,Circolare n. 95 del 31 maggio 2017 Istituto Nazionale della Previdenza Sociale,,1,https://www.immigrazione.biz/circolare.php?id=1062,
immigrazione.biz,1059,05-25-17,Ministero dell'Interno,Circolare,6,Circolare n. 6 del 25 maggio 2017 Ministero dell'Interno,,1,https://www.immigrazione.biz/circolare.php?id=1059,
immigrazione.biz,1060,05-18-17,,Circolare,87,Circolare n. 87 del 18 maggio 2017 Istituto Nazionale della Previdenza Sociale,,1,https://www.immigrazione.biz/circolare.php?id=1060,
immigrazione.biz,1058,05-18-17,Ministero dell'Interno,Circolare,5,Circolare n. 5 del 18 maggio 2017 Ministero dell'Interno,,1,https://www.immigrazione.biz/circolare.php?id=1058,
permessidisoggiorno.info,815,05-18-17,Ministero dell'Interno,Circolare,5,Circolare n. 5 del 2017-05-18 — Ministero dell'Interno,Normativa Richiedenti_asilo Iscrizione_Anagrafica,1,https://www.permessidisoggiorno.info/Normativa.aspx?nid=815,
permessidisoggiorno.info,811,05-08-17,Parlamento Italiano,Legge,n.47 del 7 aprile 2017,Legge n.47 del 7 aprile 2017 del 2017-05-08 — Parlamento Italiano,Normativa Minori_stranieri_non_accompagnati,0,https://www.permessidisoggiorno.info/Normativa.aspx?nid=811,
immigrazione.biz,1061,05-04-17,Ministero dell'Interno,Circolare,5085,Circolare n. 5085 del 4 maggio 2017 Ministero dell'Interno,,1,https://www.immigrazione.biz/circolare.php?id=1061,
immigrazione.biz,1056,04-28-17,,Circolare,78,Circolare n. 78 del 28 aprile 2017 Istituto Nazionale Previdenza Sociale,,1,https://www.immigrazione.biz/circolare.php?id=1056,
immigrazione.biz,1057,04-27-17,Ministero dell'Interno,Circolare,3638,Circolare n. 3638 del 27 aprile 2017 Ministero dell'Interno,,1,https://www.immigrazione.biz/circolare.php?id=1057,
immigrazione.biz,1055,04-19-17,,Circolare,3464,Circolare n.3464 del 19 aprile 2017 Ispettorato Nazionale del Lavoro,,1,https://www.immigrazione.biz/circolare.php?id=1055,
immigrazione.biz,1050,03-31-17,Ministero dell'Interno,Circolare,1323,Circolare n. 1323 del 31 marzo 2017 Ministero dell'Interno,,1,https://www.immigrazione.biz/circolare.php?id=1050,
immigrazione.biz,1049,03-31-17,,Circolare,66,Circolare n. 66 del 31 marzo 2017 Istituto Nazionale della Previdenza Sociale,,1,https://www.immigrazione.biz/circolare.php?id=1049,
immigrazione.biz,1053,03-24-17,Ministero dell'Interno,Circolare,10337,Circolare n. 10337 del 24 marzo 2017 Ministero dell'Interno,,1,https://www.immigrazione.biz/circolare.php?id=1053,
immigrazione.biz,1048,03-22-17,Ministero del Lavoro,Circolare,6,Circolare n. 6 del 22 marzo 2017 Ministero del Lavoro e delle Politiche Sociali,,1,https://www.immigrazione.biz/circolare.php?id=1048,
immigrazione.biz,1045,03-16-17,,Circolare,61,Circolare n. 61 del 16 marzo 2017 Istituto Nazionale della Previdenza Sociale,,1,https://www.immigrazione.biz/circolare.php?id=1045,
immigrazione.biz,1051,03-14-17,Ministero degli Affari Esteri,Circolare,MAE00490652017,Circolare n. MAE00490652017 del 14 marzo 2017 Ministero degli Affari Esteri,,1,https://www.immigrazione.biz/circolare.php?id=1051,
immigrazione.biz,1044,03-08-17,,Circolare,55,Circolare n. 55 dell'8 marzo 2017 Istituto Nazionale della Previdenza Sociale,,1,https://www.immigrazione.biz/circolare.php?id=1044,
permessidisoggiorno.info,809,03-08-17,Ministero dell'Interno,Circolare,902,Circolare n. 902 del 2017-03-08 — Ministero dell'Interno,Normativa Circolare_decreto flussi 2017,1,https://www.permessidisoggiorno.info/Normativa.aspx?nid=809,
immigrazione.biz,1052,03-07-17,Ministero dell'Interno,Circolare,1422,Circolare n. 1422 del 7 marzo 2017 Ministero dell'Interno,,1,https://www.immigrazione.biz/circolare.php?id=1052,
immigrazione.biz,1046,03-07-17,Ministero della Salute,Circolare,7404,Circolare n. 7404 del 7 marzo 2017 Ministero della Salute,,1,https://www.immigrazione.biz/circolare.php?id=1046,
immigrazione.biz,1038,03-06-17,Ministero dell'Interno,Circolare,943,Circolare n. 943 del 6 marzo 2017 Ministero dell'Interno e Ministero del Lavoro e delle Politiche Sociali,,1,https://www.immigrazione.biz/circolare.php?id=1038,
permessidisoggiorno.info,810,03-03-17,Presidente del Consiglio dei Ministri,Decreto Presidente del Consiglio dei Ministri,,Decreto Presidente del Consiglio dei Ministri del 2017-03-03 — Presidente del Consiglio dei Ministri,,0,https://www.permessidisoggiorno.info/Normativa.aspx?nid=810,
immigrazione.biz,1043,03-01-17,,Circolare,41,Circolare n. 41 del 1 marzo 2017 Istituto Nazionale della Previdenza Sociale,,1,https://www.immigrazione.biz/circolare.php?id=1043,
immigrazione.biz,1042,02-28-17,,Circolare,40,Circolare n. 40 del 28 febbraio 2017 Istituto Nazionale della Previdenza Sociale,,1,https://www.immigrazione.biz/circolare.php?id=1042,
immigrazione.biz,1039,02-28-17,Ministero dell'Istruzione,Circolare,,Circolare del 28 febbraio 2017 Ministero dell'Istruzione,,1,https://www.immigrazione.biz/circolare.php?id=1039,
immigrazione.biz,1054,02-27-17,Ministero dell'Interno,Circolare,3,Circolare n. 3 del 27 febbraio 2017 Ministero dell'Interno,,1,https://www.immigrazione.biz/circolare.php?id=1054,
immigrazione.biz,1041,02-27-17,,Circolare,39,Circolare n. 39 del 27 febbraio 2017 Istituto Nazionale della Previdenza Sociale,,1,https://www.immigrazione.biz/circolare.php?id=1041,
permessidisoggiorno.info,808,02-27-17,INPS,Circolare,39,Circolare n. 39 del 2017-02-27 — INPS,,1,https://www.permessidisoggiorno.info/Normativa.aspx?nid=808,
immigrazione.biz,1040,02-09-17,Ministero dell'Interno,Circolare,517,Circolare n. 517 del 9 febbraio 2017 Ministero dell'Interno e Ministero del Lavoro e delle Politiche Sociali,,1,https://www.immigrazione.biz/circolare.php?id=1040,
permessidisoggiorno.info,807,01-30-17,INPS,Circolare,N 8 - 17 - 01 - 2017,Circolare N 8 - 17 - 01 - 2017 del 2017-01-30 — INPS,Normativa Giurisprudenza Assegno_sociale INPS_,1,https://www.permessidisoggiorno.info/Normativa.aspx?nid=807,
immigrazione.biz,1035,01-27-17,,Circolare,13,Circolare n. 13 del 27 gennaio 2017 Istituto Nazionale della Previdenza Sociale,,1,https://www.immigrazione.biz/circolare.php?id=1035,
immigrazione.biz,1074,01-17-17,Ministero dell'Interno,Circolare,169,Circolare n. 169 del 17 gennaio 2017 Ministero dell'Interno e Ministero del lavoro e delle Politiche Sociali,,1,https://www.immigrazione.biz/circolare.php?id=1074,
immigrazione.biz,1037,01-10-17,Ministero dell'Interno,Circolare,,Circolare del 10 gennaio 2017 Ministero dell'Interno e Ministero del Lavoro delle Politiche Sociali,,1,https://www.immigrazione.biz/circolare.php?id=1037,
immigrazione.biz,1033,12-30-16,Ministero dell'Interno,Circolare,,Circolare del 30 dicembre 2016 Ministero dell'Interno,,1,https://www.immigrazione.biz/circolare.php?id=1033,
immigrazione.biz,1036,12-21-16,Ministero dell'Interno,Circolare,5146,Circolare n. 5146 del 21 dicembre 2016 Ministero dell'Interno,,1,https://www.immigrazione.biz/circolare.php?id=1036,
immigrazione.biz,1032,12-16-16,Ministero del Lavoro,Circolare,37,Circolare n. 37 del 16 dicembre 2016 Ministero del Lavoro e delle Politiche Sociali,,1,https://www.immigrazione.biz/circolare.php?id=1032,
immigrazione.biz,1029,12-06-16,,Circolare,214,Circolare n. 214 del 6 dicembre 2016 Istituto Nazionale Pevidenza Sociale,,1,https://www.immigrazione.biz/circolare.php?id=1029,
immigrazione.biz,1027,11-24-16,Ministero dell'Interno,Circolare,4725,Circolare n. 4725 del 24 novembre 2016 Ministero dell'Interno,,1,https://www.immigrazione.biz/circolare.php?id=1027,
immigrazione.biz,1034,11-15-16,Ministero dell'Istruzione,Circolare,10,Circolare n. 10 del 15 novembre 2016 Ministero dell'Istruzione dell'Università e della Ricerca,,1,https://www.immigrazione.biz/circolare.php?id=1034,
permessidisoggiorno.info,804,11-10-16,Governo,Decreto Legislativo,D. Legis 203/2016,Decreto Legislativo n. D. Legis 203/2016 del 2016-11-10 — Governo,Normativa UE Stagionali_Direttiva,0,https://www.permessidisoggiorno.info/Normativa.aspx?nid=804,
immigrazione.biz,1028,10-28-16,Ministero dell'Interno,Circolare,43896,Circolare n. 43896 del 28 ottobre 2016 Ministero dell'Interno,,1,https://www.immigrazione.biz/circolare.php?id=1028,
permessidisoggiorno.info,803,10-28-16,Ministero dell'Interno,Circolare,400/C/II DIV/ 4 SEZ/2016,Circolare n. 400/C/II DIV/ 4 SEZ/2016 del 2016-10-28 — Ministero dell'Interno,Normativa PSE_380 Rimborso_PDS,1,https://www.permessidisoggiorno.info/Normativa.aspx?nid=803,
immigrazione.biz,1023,10-26-16,Ministero dell'Interno,Circolare,43699,Circolare n. 43699 del 26 ottobre 2016 Ministero dell'Interno,,1,https://www.immigrazione.biz/circolare.php?id=1023,
permessidisoggiorno.info,806,10-26-16,Ministero dell'Interno,Circolare,N.400/A/2016/12.214.5,Circolare N.400/A/2016/12.214.5 del 2016-10-26 — Ministero dell'Interno,,1,https://www.permessidisoggiorno.info/Normativa.aspx?nid=806,
permessidisoggiorno.info,805,10-26-16,Consiglio di Stato,Sentenza,07047/2016 REG RIC,Sentenza n. 07047/2016 REG RIC del 2016-10-26 — Consiglio di Stato,Normativa Giurisprudenza contributo di Consiglio Stato_Annullamento,0,https://www.permessidisoggiorno.info/Normativa.aspx?nid=805,
permessidisoggiorno.info,802,10-21-16,Ministero dell'Interno,nota,11894,nota n. 11894 del 2016-10-21 — Ministero dell'Interno,Normativa Giurisprudenza Accoglienza_Rifugiati Residenza_Richiedenti,1,https://www.permessidisoggiorno.info/Normativa.aspx?nid=802,
immigrazione.biz,1031,10-20-16,Ministero delle Infrastrutture,Circolare,23176,Circolare n. 23176 del 20 ottobre 2016 Ministero delle Infrastrutture e dei Trasporti,,1,https://www.immigrazione.biz/circolare.php?id=1031,
immigrazione.biz,1024,10-11-16,Ministero dell'Interno,Circolare,,Circolare dell'11 ottobre 2016 Ministero dell'Interno,,1,https://www.immigrazione.biz/circolare.php?id=1024,
permessidisoggiorno.info,801,10-11-16,Ministero dell'Interno,Circolare,2715,Circolare n. 2715 del 2016-10-11 — Ministero dell'Interno,Giurisprudenza Rinnovo_Permesso_di_Soggiorno Questura,1,https://www.permessidisoggiorno.info/Normativa.aspx?nid=801,
immigrazione.biz,1021,10-03-16,Ministero dell'Interno,Circolare,40579,Circolare n. 40579 del 3 ottobre 2016 Ministero dell'Interno,,1,https://www.immigrazione.biz/circolare.php?id=1021,
immigrazione.biz,1020,10-03-16,Ministero dell'Interno,Circolare,4084,Circolare n. 4084 del 3 ottobre 2016 Ministero dell'Interno,,1,https://www.immigrazione.biz/circolare.php?id=1020,
permessidisoggiorno.info,799,10-03-16,Ministero dell'Interno,Circolare,N.400/A/2016/12.214.22,Circolare N.400/A/2016/12.214.22 del 2016-10-03 — Ministero dell'Interno,Giurisprudenza sentenza Permesso_di_Soggiorno_per_attesa_occupazione,1,https://www.permessidisoggiorno.info/Normativa.aspx?nid=799,
permessidisoggiorno.info,800,10-01-16,Consiglio di Stato,Sentenza,2730/2016,Sentenza n. 2730/2016 del 2016-10-01 — Consiglio di Stato,Giurisprudenza Permesso_di_Soggiorno_per_attesa_occupazione Consiglio_di_Stato,0,https://www.permessidisoggiorno.info/Normativa.aspx?nid=800,
immigrazione.biz,1022,09-19-16,,Messaggio,3726,Messaggio n. 3726 del 19 settembre 2016 Istituto Nazionale Previdenza Sociale,,1,https://www.immigrazione.biz/circolare.php?id=1022,
immigrazione.biz,1019,09-16-16,Ministero dell'Interno,Circolare,38650,Circolare n. 38650 del 16 settembre 2016 Ministero dell'Interno,,1,https://www.immigrazione.biz/circolare.php?id=1019,
immigrazione.biz,1018,09-08-16,Ministero dell'Interno,Circolare,16,Circolare n. 16 dell'8 settembre 2016 Ministero dell'Interno,,1,https://www.immigrazione.biz/circolare.php?id=1018,
immigrazione.biz,1015,08-23-16,,Messaggio,3407,Messaggio n. 3407 del 23 agosto 2016 Istituto Nazionale Previdenza Sociale,,1,https://www.immigrazione.biz/circolare.php?id=1015,
permessidisoggiorno.info,798,08-22-16,Ministero dell'Interno,Circolare,"Circolare ministeriale di appllicazione dell'art. 1, c. 20 L. 76/2016","Circolare ministeriale di appllicazione dell'art. 1, c. 20 L. 76/2016 del 2016-08-22 — Ministero dell'Interno",Giurisprudenza Unioni Civili_Ricongiungimento,1,https://www.permessidisoggiorno.info/Normativa.aspx?nid=798,
immigrazione.biz,1025,08-17-16,Ministero dell'Interno,Circolare,,Circolare del 17 agosto 2016 Ministero dell'Interno,,1,https://www.immigrazione.biz/circolare.php?id=1025,
immigrazione.biz,1017,08-08-16,Ministero dell'Interno,Circolare,3523,Circolare n. 3523 dell'8 agosto 2016 Ministero dell'Interno,,1,https://www.immigrazione.biz/circolare.php?id=1017,
immigrazione.biz,1014,08-05-16,Ministero dell'Interno,Circolare,3511,Circolare n. 3511 del 5 agosto 2016 Ministero dell'Interno,,1,https://www.immigrazione.biz/circolare.php?id=1014,
permessidisoggiorno.info,797,08-03-16,Ministero dell'Interno,Circolare,L. 7 luglio 2016 n.122,Circolare n. L. 7 luglio 2016 n.122 del 2016-08-03 — Ministero dell'Interno,Normativa Minori_Stranieri Permessi_di_soggiorno_elettronici,1,https://www.permessidisoggiorno.info/Normativa.aspx?nid=797,
immigrazione.biz,1013,07-28-16,Ministero dell'Interno,Circolare,15,Circolare n. 15 del 28 luglio 2016 Ministero dell'Interno,,1,https://www.immigrazione.biz/circolare.php?id=1013,
immigrazione.biz,1016,07-27-16,Ministero dell'Interno,Circolare,14,Circolare n. 14 del 27 luglio 2016 Ministero dell'Interno,,1,https://www.immigrazione.biz/circolare.php?id=1016,
immigrazione.biz,1047,07-26-16,Agenzia delle Entrate,Circolare,8,Circolare n. 8 del 26 luglio 2016 Agenzia delle Entrate,,1,https://www.immigrazione.biz/circolare.php?id=1047,
immigrazione.biz,1012,07-26-16,Ministero del Lavoro,Circolare,14751,Circolare n. 14751 del 26 luglio 2016 Ministero del Lavoro e delle Politiche Sociali,,1,https://www.immigrazione.biz/circolare.php?id=1012,
immigrazione.biz,1026,07-21-16,,Circolare,31404,Circolare n. 31404 del 21 luglio 2016 Ministero dellinterno,,1,https://www.immigrazione.biz/circolare.php?id=1026,
immigrazione.biz,1009,07-14-16,Ministero dell'Interno,Circolare,3303,Circolare n. 3303 del 14 luglio 2016 Ministero dell'Interno e Ministero del Lavoro e delle Politiche Sociali,,1,https://www.immigrazione.biz/circolare.php?id=1009,
immigrazione.biz,1010,07-12-16,Ministero dell'Interno,Circolare,3261,Circolare n. 3261 del 12 luglio 2016 Ministero dell'Interno,,1,https://www.immigrazione.biz/circolare.php?id=1010,
immigrazione.biz,1011,07-07-16,Ministero dell'Interno,Circolare,DDCmb/n.3371vp/16,Circolare n.DDCmb/n.3371vp/16 del 7 luglio 2016 Ministero dell'Interno,,1,https://www.immigrazione.biz/circolare.php?id=1011,
immigrazione.biz,1008,06-30-16,Ministero degli Affari Esteri,Circolare,,Comunicato del 30 giugno 2016 Ministero degli Affari Esteri (GU Serie Generale n.151 del 30-6-2016),,1,https://www.immigrazione.biz/circolare.php?id=1008,
immigrazione.biz,1007,06-20-16,Ministero dell'Interno,Circolare,,Circolare del 20 giugno 2016 Ministero dell'Interno,,1,https://www.immigrazione.biz/circolare.php?id=1007,
immigrazione.biz,1006,06-16-16,INAIL,Circolare,22,Circolare n. 22 del 16 giugno 2016 INAIL,,1,https://www.immigrazione.biz/circolare.php?id=1006,
immigrazione.biz,1005,06-06-16,Ministero dell'Interno,Circolare,,Comunicato del 6 giugno 2016 Ministero dell'Interno (G.U. n. 130 del 6.60.2016),,1,https://www.immigrazione.biz/circolare.php?id=1005,
immigrazione.biz,1004,06-01-16,Ministero dell'Interno,Circolare,7,Circolare n. 7 dell'1 giugno 2016 Ministero dell'Interno,,1,https://www.immigrazione.biz/circolare.php?id=1004,
immigrazione.biz,1002,05-27-16,,Circolare,92,Circolare n. 92 del 27 maggio 2016 Istituto Nazionale Previdenza Sociale,,1,https://www.immigrazione.biz/circolare.php?id=1002,
permessidisoggiorno.info,796,05-24-16,TAR_Lazio,Sentenza,N. 06095/2016 REG.PROV.COLL. N. 01577/2012 REG.RIC,Sentenza N. 06095/2016 REG.PROV.COLL. N. 01577/2012 REG.RIC del 2016-05-24 — TAR_Lazio,Giurisprudenza contributo Tar_Lazio,0,https://www.permessidisoggiorno.info/Normativa.aspx?nid=796,
immigrazione.biz,1003,05-18-16,Ministero delle Infrastrutture,Circolare,11645,Circolare n. 11645 del 18 maggio 2016 Ministero delle Infrastrutture e dei Trasporti,,1,https://www.immigrazione.biz/circolare.php?id=1003,
immigrazione.biz,997,04-29-16,,Circolare,70,Circolare n. 70 del 29 aprile 2016 Istituto Nazionale Previdenza Sociale,,1,https://www.immigrazione.biz/circolare.php?id=997,
permessidisoggiorno.info,795,04-27-16,Ministero dell'Economia,Decreto Ministeriale,"Gazzetta Ufficiale, Serie Generale n. 9 del 27/04/2016","Decreto Ministeriale n. Gazzetta Ufficiale, Serie Generale n. 9 del 27/04/2016 del 2016-04-27 — Ministero dell'Economia",Decreto Prezzi in Gazzetta Ufficiale,1,https://www.permessidisoggiorno.info/Normativa.aspx?nid=795,
immigrazione.biz,993,04-18-16,Ministero del Lavoro,Circolare,,Comunicato del 18 aprile 2016 Ministero del Lavoro e delle Politiche Sociali,,1,https://www.immigrazione.biz/circolare.php?id=993,
immigrazione.biz,998,04-15-16,,Messaggio,1661,Messaggio n. 1661 del 15 aprile 2016 Istituto Nazione Previdenza Sociale,,1,https://www.immigrazione.biz/circolare.php?id=998,
immigrazione.biz,994,04-15-16,Ministero dell'Interno,Circolare,,Avviso Pubblico n.3662 del 15 aprile 2016 Ministero dell'Interno,,1,https://www.immigrazione.biz/circolare.php?id=994,
immigrazione.biz,991,04-07-16,,Circolare,,Comunicato del 7 aprile 2016 Ministero Affari Esteri,,1,https://www.immigrazione.biz/circolare.php?id=991,
immigrazione.biz,1069,04-04-16,Ministero del Lavoro,Circolare,5090,Circolare n. 5090 del 4 aprile 2016 Ministero del Lavoro e delle Politiche Sociali,,1,https://www.immigrazione.biz/circolare.php?id=1069,
immigrazione.biz,989,03-23-16,Ministero dell'Istruzione,Nota,3298,Nota n. 3298 del 23 marzo 2016 Ministero dell'Istruzione dell'Università e della Ricerca,,1,https://www.immigrazione.biz/circolare.php?id=989,
immigrazione.biz,987,03-21-16,Ministero del Lavoro,Circolare,,Interpello n. 11 del 21 marzo 2016 Ministero del Lavoro e delle Politiche Sociali,,1,https://www.immigrazione.biz/circolare.php?id=987,
immigrazione.biz,990,03-18-16,Ministero dell'Interno,Circolare,4756,Circolare n. 4756 del 18 marzo 2016 Ministero dell'Interno,,1,https://www.immigrazione.biz/circolare.php?id=990,
immigrazione.biz,988,03-14-16,,Messaggio,1149,Messaggio n. 1149 del 14 marzo 2016 Istituto Nazionale Previdenza Sociale,,1,https://www.immigrazione.biz/circolare.php?id=988,
immigrazione.biz,978,03-04-16,Ministero del Lavoro,Circolare,12,Circolare n. 12 del 4 marzo 2016 Ministero del Lavoro e delle Politiche Sociali,,1,https://www.immigrazione.biz/circolare.php?id=978,
immigrazione.biz,996,03-02-16,,Circolare,46,Circolare n. 46 del 2 marzo 2016 Istituto Nazionale Previdenza Sociale,,1,https://www.immigrazione.biz/circolare.php?id=996,
immigrazione.biz,976,02-22-16,Ministero del Lavoro,Circolare,11,Circolare n. 11 del 22 febbraio 2016 Ministero del Lavoro e delle Politiche Sociali,,1,https://www.immigrazione.biz/circolare.php?id=976,
permessidisoggiorno.info,794,02-22-16,Governo,Circolare,Circolare del MLPS del 22.02.2016,Circolare del MLPS del 22.02.2016 del 2016-02-22 — Governo,"- Circolare del MLPS del 22.02.2016 di attribuzione territoriale delle quote di cui all'articolo 3 e 4 del D.P.C.M 14 dicembre 2015 - D.P.C.M 14 dicembre 2015 concernente la ""Programmazione transitoria dei flussi di ingresso dei lavoratori non comunitari per lavoro nel territorio dello Stato per l'anno 2016"" - Circolare congiunta MLPS e Ministero degli Interni del D.P.C.M 14 dicembre 2015",1,https://www.permessidisoggiorno.info/Normativa.aspx?nid=794,http://www.dottrinalavoro.it/wp-content/uploads/2016/03/DPCM14DICEMBRE2015_PROGRAMMAZIONETRANSITORIAFLUSSI.pdf
permessidisoggiorno.info,793,02-22-16,Governo,Circolare,Circolare del MLPS del 22.02.2016 di attribuzione territoriale delle quote di cui all'articolo 3 e 4 del D.P.C.M 14 dicembre 2015,Circolare del MLPS del 22.02.2016 di attribuzione territoriale delle quote di cui all'articolo 3 e 4 del D.P.C.M 14 dicembre 2015 del 2016-02-22 — Governo,DPCM del 14 dicembre 2015 – Flussi 2016 Circolare congiunta MLPS e Ministero degli Interni del D.P.C.M 14 dicembre 2015 Circolare del MLPS del 22.02.2016 di attribuzione territoriale delle quote di cui all'articolo 3 e 4 del D.P.C.M 14 dicembre 2015,1,https://www.permessidisoggiorno.info/Normativa.aspx?nid=793,http://www.integrazionemigranti.gov.it/Attualita/News/Documents/DPCM%2014-12-2015%20%20registrato.pdf
permessidisoggiorno.info,792,02-22-16,Governo,Decreto Presidente del Consiglio dei Ministri,"D.P.C.M 14 dicembre 2015 c.d. ""Decreto Flussi 2016""","Decreto Presidente del Consiglio dei Ministri n. D.P.C.M 14 dicembre 2015 c.d. ""Decreto Flussi 2016"" del 2016-02-22 — Governo",DPCM del 14 dicembre 2015 – Flussi 2016 Circolare del MLPS del 22.02.2016 Circolare congiunta MLPS e Ministero degli Interni del D.P.C.M 14 dicembre 2015,0,https://www.permessidisoggiorno.info/Normativa.aspx?nid=792,http://www.integrazionemigranti.gov.it/Attualita/News/Documents/DPCM%2014-12-2015%20%20registrato.pdf
permessidisoggiorno.info,791,02-17-16,Governo,Legge,,Legge del 2016-02-17 — Governo,"Disposizioni per la formazione del bilancio annuale e pluriennale dello Stato (legge di stabilita'2016) Quadro sinottico elaborato dalla Segreteria della Conferenza delle Regioni e delle Province autonome sulle previsioni in materia di assistenza sociale. La legge di stabilità 2016 – Le misure di interesse del ministero dell'Interno, pubblicazione all'interno dei “Quaderni del Viminale” con cui s'",0,https://www.permessidisoggiorno.info/Normativa.aspx?nid=791,http://www.asgi.it/wp-content/uploads/2016/02/legge_di_stabilita_2016_.pdf
immigrazione.biz,975,02-12-16,Ministero dell'Interno,Circolare,4,Circolare n. 4 del 12 febbraio 2016 Ministero dell'Interno,,1,https://www.immigrazione.biz/circolare.php?id=975,
immigrazione.biz,974,02-11-16,Ministero dell'Interno,Circolare,3,Circolare n. 3 dell'11 febbraio 2016 Ministero dell'Interno,,1,https://www.immigrazione.biz/circolare.php?id=974,
permessidisoggiorno.info,789,02-10-16,Consiglio dei Ministri,Decreto Legge,"Decreto legge 30 dicembre 2015, n. 210 (cd Mille proroghe)","Decreto legge 30 dicembre 2015, n. 210 (cd Mille proroghe) del 2016-02-10 — Consiglio dei Ministri","DECRETO-LEGGE 30 dicembre 2015, n. 210 Relazione tecnica",0,https://www.permessidisoggiorno.info/Normativa.aspx?nid=789,
permessidisoggiorno.info,790,02-06-16,Manuale,parere,,parere del 2016-02-06 — Manuale,Normativa Corte_Costituzionale_e_prestazioni_sociali_agli_stranieri,0,https://www.permessidisoggiorno.info/Normativa.aspx?nid=790,
immigrazione.biz,977,02-05-16,Ministero dell'Interno,Circolare,572,Circolare n. 572 del 5 febbraio 2016 Ministero dell'Interno,,1,https://www.immigrazione.biz/circolare.php?id=977,
immigrazione.biz,973,02-05-16,Ministero dell'Interno,Circolare,589,Circolare n. 589 del 5 febbraio 2016 Ministero dell'Interno,,1,https://www.immigrazione.biz/circolare.php?id=973,
immigrazione.biz,971,01-29-16,,Circolare,16,Circolare n. 16 del 29 gennaio 2016 Istituto Nazionale Previdenza Sociale,,1,https://www.immigrazione.biz/circolare.php?id=971,
immigrazione.biz,969,01-29-16,Ministero dell'Interno,Circolare,,Circolare del 29 gennaio 2016 Ministero dell'Interno e Ministero del Lavoro e delle Politiche Sociali,,1,https://www.immigrazione.biz/circolare.php?id=969,
immigrazione.biz,999,01-20-16,Ministero dell'Interno,Circolare,861,Circolare n.861 del 20 gennaio 2016 Ministero dell'Interno,,1,https://www.immigrazione.biz/circolare.php?id=999,
immigrazione.biz,970,01-15-16,,Circolare,1731,Circolare n. 1731 del 15 gennaio 2016 Regione Toscana,,1,https://www.immigrazione.biz/circolare.php?id=970,
immigrazione.biz,967,01-05-16,Ministero dell'Interno,Circolare,66,Circolare n. 66 del 5 gennaio 2016 Ministero dell'Interno,,1,https://www.immigrazione.biz/circolare.php?id=967,
immigrazione.biz,964,12-31-15,,Circolare,211,Circolare n. 211 del 31 dicembre 2015 Istituto Nazionale Previdenza Sociale,,1,https://www.immigrazione.biz/circolare.php?id=964,
immigrazione.biz,995,12-29-15,,Circolare,41807,Circolare n. 41807 del 29 dicembre 2015 Ministero dellInterno,,1,https://www.immigrazione.biz/circolare.php?id=995,
immigrazione.biz,966,12-24-15,Ministero dell'Interno,Circolare,41587,Circolare n. 41587 del 24 dicembre 2015 Ministero dell'Interno,,1,https://www.immigrazione.biz/circolare.php?id=966,
immigrazione.biz,965,12-21-15,Ministero dell'Istruzione,Circolare,22,Circolare n. 22 del 21 dicembre 2015 Ministero dell'Istruzione dell'Università e della Ricerca,Oggetto: Iscrizioni alle scuole dellinfanzia e alle scuole di ogni ordine e grado per lanno scolastico 2016/2017 -,1,https://www.immigrazione.biz/circolare.php?id=965,
permessidisoggiorno.info,788,12-04-15,Ministero dell'Interno,Circolare,2255,Circolare n. 2255 del 2015-12-04 — Ministero dell'Interno,Normativa Circolare_ministeriale,1,https://www.permessidisoggiorno.info/Normativa.aspx?nid=788,
immigrazione.biz,1089,12-01-15,,Circolare,10244/15,Circolare n. 10244/15 dell'1 dicembre 2015 CONI Comitato Olimpico Nazionale Italiano,,1,https://www.immigrazione.biz/circolare.php?id=1089,
immigrazione.biz,963,11-30-15,Ministero dell'Interno,Circolare,6292,Circolare n. 6292 del 30 novembre 2015 Ministero dell'Interno,,1,https://www.immigrazione.biz/circolare.php?id=963,
immigrazione.biz,980,11-26-15,Ministero dell'Interno,Circolare,5708,Circolare n. 5708 del 26 novembre 2015 Ministero dell'Interno,,1,https://www.immigrazione.biz/circolare.php?id=980,
immigrazione.biz,961,11-23-15,Ministero dell'Interno,Circolare,6231,Circolare n. 6231 del 23 novembre 2015 Ministero dell'Interno,,1,https://www.immigrazione.biz/circolare.php?id=961,
immigrazione.biz,960,11-16-15,Ministero dell'Interno,Circolare,18,Circolare n. 18 del 16 novembre 2015 Ministero dell'Interno,,1,https://www.immigrazione.biz/circolare.php?id=960,
immigrazione.biz,958,11-11-15,Ministero dell'Interno,Circolare,5973,Circolare n. 5973 dell'11 novembre 2015 Ministero dell'Interno,,1,https://www.immigrazione.biz/circolare.php?id=958,
immigrazione.biz,959,11-10-15,Ministero dell'Interno,Circolare,17,Circolare n. 17 del 10 novembre 2015 Ministero dell'Interno,,1,https://www.immigrazione.biz/circolare.php?id=959,
permessidisoggiorno.info,787,11-05-15,Ministero dell'Interno,Circolare,400/C/2015/5.5.10.3/2 dIV./3 Sez,Circolare n. 400/C/2015/5.5.10.3/2 dIV./3 Sez del 2015-11-05 — Ministero dell'Interno,Normativa Nuovo_Permesso_di_Soggiorno_Elettronico,1,https://www.permessidisoggiorno.info/Normativa.aspx?nid=787,
immigrazione.biz,962,10-30-15,Ministero dell'Interno,Circolare,2255,Circolare n. 2255 e 2257 del 30 ottobre 2015 Ministero dell'Interno,,1,https://www.immigrazione.biz/circolare.php?id=962,
immigrazione.biz,986,10-22-15,Ministero dell'Interno,Circolare,34694,Circolare n. 34694 del 22 ottobre 2015 Ministero dell'Interno,,1,https://www.immigrazione.biz/circolare.php?id=986,
immigrazione.biz,992,10-20-15,,Messaggio,6456,Messaggio n. 6456 del 20 ottobre 2015 Istituto Nazionale Previdenza Soiciale,,1,https://www.immigrazione.biz/circolare.php?id=992,
immigrazione.biz,955,10-09-15,,Circolare,168,Circolare n. 168 del 9 ottobre 2015 Istituto Nazionale Previdenza Sociale,,1,https://www.immigrazione.biz/circolare.php?id=955,
immigrazione.biz,957,10-06-15,Ministero dell'Interno,Circolare,14106,Circolare n. 14106 del 6 ottobre 2015 Ministero dell'Interno,,1,https://www.immigrazione.biz/circolare.php?id=957,
immigrazione.biz,956,10-02-15,Ministero dell'Interno,Circolare,12,Circolare n. 12 del 2 ottobre 2015 Ministero dell'Interno,,1,https://www.immigrazione.biz/circolare.php?id=956,
immigrazione.biz,953,10-02-15,Ministero delle Infrastrutture,Circolare,22453,Circolare n. 22453 del 2 ottobre 2015 Ministero delle Infrastrutture e dei Trasporti,,1,https://www.immigrazione.biz/circolare.php?id=953,
immigrazione.biz,952,09-30-15,Ministero dell'Interno,Circolare,5218,Circolare n. 5218 del 30 settembre 2015 Ministero dell'Interno,,1,https://www.immigrazione.biz/circolare.php?id=952,
immigrazione.biz,954,09-23-15,Ministero dell'Interno,Circolare,8117,Circolare n. 8117 del 23 settembre 2015 Ministero dell'Interno,,1,https://www.immigrazione.biz/circolare.php?id=954,
immigrazione.biz,948,09-22-15,Ministero dell'Interno,Circolare,11,Circolare n. 11 del 22 settembre 2015 Ministero dell'Interno,,1,https://www.immigrazione.biz/circolare.php?id=948,
immigrazione.biz,951,09-04-15,Ministero dell'Interno,Circolare,4807,Circolare n. 4807 del 4 settembre 2015 Ministero dell'Interno,,1,https://www.immigrazione.biz/circolare.php?id=951,
immigrazione.biz,947,08-27-15,Ministero dell'Interno,Circolare,4621,Circolare n. 4621 del 27 agosto 2015 Ministero dell'Interno,,1,https://www.immigrazione.biz/circolare.php?id=947,
immigrazione.biz,946,08-07-15,Ministero dell'Interno,Circolare,4454,Circolare n. 4454 del 7 agosto 2015 Ministero dell'Interno e Ministero del Lavoro e delle Politiche Sociali,,1,https://www.immigrazione.biz/circolare.php?id=946,
immigrazione.biz,949,08-03-15,,Messaggio,5145,Messaggio n. 5145 del 3 agosto 2015 Istituto Nazionale Previdenza Sociale,,1,https://www.immigrazione.biz/circolare.php?id=949,
immigrazione.biz,982,07-30-15,Ministero dell'Interno,Circolare,,Circolare 3718 del 30 luglio 2015 Ministero dell'Interno,,1,https://www.immigrazione.biz/circolare.php?id=982,
immigrazione.biz,981,07-30-15,Ministero dell'Interno,Circolare,,Circolare 3716 del 30 luglio 2015 Ministero dell'Interno,,1,https://www.immigrazione.biz/circolare.php?id=981,
immigrazione.biz,979,07-30-15,Ministero dell'Interno,Circolare,,Circolare del 30 luglio 2015 Ministero dell'Interno,,1,https://www.immigrazione.biz/circolare.php?id=979,
immigrazione.biz,950,07-17-15,,Messaggio,4845,Messaggio n. 4845 del 17 luglio 2015 Istituto Nazionale Previdenza Sociale,,1,https://www.immigrazione.biz/circolare.php?id=950,
immigrazione.biz,983,07-16-15,Ministero dell'Interno,Circolare,4081,Circolare n. 4081 del 16 luglio 2015 Ministero dell'Interno,,1,https://www.immigrazione.biz/circolare.php?id=983,
immigrazione.biz,944,07-11-15,Ministero dell'Interno,Circolare,10,Circolare n.10 del 11 luglio 2015 Ministero dell'Interno,,1,https://www.immigrazione.biz/circolare.php?id=944,
immigrazione.biz,943,07-03-15,Ministero dell'Interno,Circolare,3841,Circolare n. 3841 del 3 luglio 2015 Ministero dell'Interno e Ministero del Lavoro e delle Politiche Sociali,,1,https://www.immigrazione.biz/circolare.php?id=943,
immigrazione.biz,972,06-23-15,,Circolare,6092,Circolare n. 6092 del 23 giugno 2015 F.I.G.C. Lega Nazionale Dilettanti,,1,https://www.immigrazione.biz/circolare.php?id=972,
immigrazione.biz,941,06-23-15,Ministero dell'Interno,Circolare,3634,Circolare n. 3634 del 23 giugno 2015 Ministero dell'Interno,,1,https://www.immigrazione.biz/circolare.php?id=941,
immigrazione.biz,942,06-11-15,Ministero delle Infrastrutture,Circolare,13821,Circolare n. 13821 dell'11 giugno 2015 Ministero delle Infrastrutture e dei Trasporti,,1,https://www.immigrazione.biz/circolare.php?id=942,
immigrazione.biz,945,06-09-15,Ministero dell'Economia,Circolare,21,Circolare n. 21 del 9 giugno 2015 Ministero dell'Economia e delle Finanze,,1,https://www.immigrazione.biz/circolare.php?id=945,
immigrazione.biz,940,06-05-15,Ministero dell'Interno,Circolare,20209,Circolare n. 20209 del 5 giugno 2015 Ministero dell'Interno,,1,https://www.immigrazione.biz/circolare.php?id=940,
immigrazione.biz,937,05-27-15,Ministero dell'Interno,Circolare,19359,Circolare n. 19359 del 27 maggio 2015 Ministero dell'Interno,,1,https://www.immigrazione.biz/circolare.php?id=937,
immigrazione.biz,936,05-27-15,,Circolare,109,Circolare n. 109 del 27 maggio 2015 Istituto Nazionale Previdenza Sociale,,1,https://www.immigrazione.biz/circolare.php?id=936,
permessidisoggiorno.info,785,05-27-15,Ministero dell'Interno,Circolare,n. 19359,Circolare n. 19359 del 2015-05-27 — Ministero dell'Interno,"Modifiche al Regolamento (CE) n. 539/2001 - Esenzione dall'obbligo di visto di breve soggiorno per i cittadini di Timor Est, Samoa e Vanatau.",1,https://www.permessidisoggiorno.info/Normativa.aspx?nid=785,
permessidisoggiorno.info,784,05-27-15,INPS,Circolare,n. 109,Circolare n. 109 del 2015-05-27 — INPS,,1,https://www.permessidisoggiorno.info/Normativa.aspx?nid=784,
immigrazione.biz,934,05-22-15,,Circolare,106,Circolare n.106 del 22 maggio 2015 Istituto Nazionale Previdenza Sociale,,1,https://www.immigrazione.biz/circolare.php?id=934,
immigrazione.biz,935,05-21-15,,Messaggio,3455,Messaggio n. 3455 del 21 maggio 2015 Istituto Nazionale Previdenza Sociale,,1,https://www.immigrazione.biz/circolare.php?id=935,
permessidisoggiorno.info,786,05-21-15,INPS,Decreto Presidente del Consiglio dei Ministri,3455,Decreto Presidente del Consiglio dei Ministri n. 3455 del 2015-05-21 — INPS,D.P.C.M. 02.04.2015 - Programmazione transitoria dei flussi d'ingresso dei lavoratori,0,https://www.permessidisoggiorno.info/Normativa.aspx?nid=786,http://www.stranieriinitalia.it/images/stagioinps3giugno2015.pdf
immigrazione.biz,938,05-18-15,Ministero dell'Interno,Circolare,,Circolare del 18 maggio 2015 Ministero dell'Interno,,1,https://www.immigrazione.biz/circolare.php?id=938,
immigrazione.biz,933,05-18-15,Ministero dell'Interno,Circolare,2972,Circolare n. 2972 del 18 maggio 2015 Ministero dell'Interno,,1,https://www.immigrazione.biz/circolare.php?id=933,
immigrazione.biz,930,05-13-15,,Circolare,,Circolare del 13 maggio 2015 INCA - CAAF,,1,https://www.immigrazione.biz/circolare.php?id=930,
immigrazione.biz,929,05-08-15,,Circolare,93,Circolare n. 93 dell'8 maggio 2015 Istituto Nazionale Previdenza Sociale,,1,https://www.immigrazione.biz/circolare.php?id=929,
immigrazione.biz,1000,05-05-15,Ministero dell'Interno,Circolare,4822,Circolare n.4822 del 5 maggio 2015 Ministero dell'Interno,,1,https://www.immigrazione.biz/circolare.php?id=1000,
immigrazione.biz,927,05-05-15,Ministero dell'Interno,Circolare,2740,Circolare n. 2740 del 5 maggio 2015 Ministero dell'Interno e Ministero del Lavoro e delle Politiche Sociali,,1,https://www.immigrazione.biz/circolare.php?id=927,
immigrazione.biz,928,05-04-15,Ministero dell'Interno,Circolare,2700,Circolare n. 2700 del 4 maggio 2015 Ministero dell'Interno,,1,https://www.immigrazione.biz/circolare.php?id=928,
immigrazione.biz,922,04-29-15,Ministero dell'Interno,Circolare,2643,Circolare n. 2643 del 29 aprile 2015 Ministero dell'Interno - Ministero del Lavoro e delle Politiche Sociali,,1,https://www.immigrazione.biz/circolare.php?id=922,
immigrazione.biz,931,04-23-15,Ministero dell'Interno,Circolare,2513,Circolare n. 2513 del 23 aprile 2015 Ministero dell'Interno,,1,https://www.immigrazione.biz/circolare.php?id=931,
immigrazione.biz,923,04-20-15,Ministero del Lavoro,Nota,2062,Nota n. 2062 del 20 aprile 2015 Ministero del Lavoro e delle Politiche Sociali,,1,https://www.immigrazione.biz/circolare.php?id=923,
immigrazione.biz,925,04-09-15,Ministero del Lavoro,Circolare,14,Circolare n. 14 del 9 aprile 2015 Ministero del Lavoro e delle Politiche Sociali,,1,https://www.immigrazione.biz/circolare.php?id=925,
immigrazione.biz,926,04-07-15,Ministero dell'Interno,Circolare,3549,Circolare n. 3549 del 7 aprile 2015 Ministero dell'Interno,,1,https://www.immigrazione.biz/circolare.php?id=926,
immigrazione.biz,932,04-03-15,Ministero dell'Istruzione,Circolare,5274,Circolare n. 5274 del 3 aprile 2015 Ministero dell'Istruzione dell'Università e della Ricerca,,1,https://www.immigrazione.biz/circolare.php?id=932,
immigrazione.biz,920,03-30-15,,Circolare,64,Circolare n.64 del 30 marzo 2015 Istituto Nazionale Previdenza Sociale,,1,https://www.immigrazione.biz/circolare.php?id=920,
immigrazione.biz,924,03-24-15,Ministero del Lavoro,Circolare,11,Circolare n. 11 del 24 marzo 2015 Ministero del Lavoro e delle Politiche Sociali,,1,https://www.immigrazione.biz/circolare.php?id=924,
immigrazione.biz,918,03-17-15,Ministero dell'Interno,Circolare,1653,Circolare n. 1653 del 17 marzo 2015 Ministero dell'Interno,,1,https://www.immigrazione.biz/circolare.php?id=918,
immigrazione.biz,917,03-13-15,,Messaggio,1842,Messaggio n. 1842 del 13 marzo 2015 Istituto Nazionale Previdenza Sociale,,1,https://www.immigrazione.biz/circolare.php?id=917,
immigrazione.biz,921,03-10-15,Ministero dell'Interno,Circolare,4,Circolare n. 4 del 10 marzo 2015 Ministero dell'Interno,,1,https://www.immigrazione.biz/circolare.php?id=921,
immigrazione.biz,919,02-27-15,Ministero dell'Istruzione,Circolare,6,"Circolare n. 6 del 27 febbraio 2015 Ministero dell'Istruzione, dell'Università e della Ricerca",,1,https://www.immigrazione.biz/circolare.php?id=919,
immigrazione.biz,913,02-26-15,Ministero dell'Interno,Circolare,400,Circolare n. 400 del 26 febbraio 2015 Ministero dell'Interno,,1,https://www.immigrazione.biz/circolare.php?id=913,
immigrazione.biz,912,02-20-15,Ministero dell'Interno,Circolare,1724,Circolare n. 1724 del 20 febbraio 2015 Ministero dell'Interno,,1,https://www.immigrazione.biz/circolare.php?id=912,
immigrazione.biz,911,02-17-15,,Circolare,,Parere del 17 febbraio 2015 Garante Regionale dei Diritti della Persona del Friuli Venezia Giulia,,1,https://www.immigrazione.biz/circolare.php?id=911,
immigrazione.biz,909,02-11-15,,Circolare,123/ISIS,Circolare n. 123/ISIS dell'11 febbraio 2015 Istituto Statale d'Istruzione Superiore della Bassa Friulana,,1,https://www.immigrazione.biz/circolare.php?id=909,
immigrazione.biz,1001,02-02-15,Ministero dell'Interno,Circolare,953,Circolare n.953 del 2 febbraio 2015 Ministero dell'Interno,,1,https://www.immigrazione.biz/circolare.php?id=1001,
immigrazione.biz,1083,02-01-15,,Circolare,10244,Circolare n. 10244 del 1 febbraio 2015 CONI,,1,https://www.immigrazione.biz/circolare.php?id=1083,
immigrazione.biz,908,01-30-15,,Messaggio,746,Messaggio n. 746 del 30 gennaio 2015 Istituto Nazionale Previdenza Sociale,,1,https://www.immigrazione.biz/circolare.php?id=908,
immigrazione.biz,907,01-29-15,,Circolare,17,Circolare n. 17 del 29 gennaio 2015 Istituto Nazionale Previdenza Sociale,,1,https://www.immigrazione.biz/circolare.php?id=907,
immigrazione.biz,905,01-27-15,Ministero dell'Interno,Circolare,2916,Circolare n. 2916 del 27 gennaio 2015 Ministero dell'Interno,,1,https://www.immigrazione.biz/circolare.php?id=905,
permessidisoggiorno.info,783,01-27-15,Ministero dell'Interno,Circolare,400/C/2015/12.214.9,Circolare n. 400/C/2015/12.214.9 del 2015-01-27 — Ministero dell'Interno,Normativa Permessi_di_Soggiorno Protezione,1,https://www.permessidisoggiorno.info/Normativa.aspx?nid=783,
immigrazione.biz,901,01-23-15,,Circolare,12,Circolare n. 12 del 23 gennaio 2015 Istituto Nazionale Previdenza Sociale,,1,https://www.immigrazione.biz/circolare.php?id=901,
immigrazione.biz,904,01-16-15,Ministero dell'Interno,Circolare,352,Circolare n. 352 del 16 gennaio 2015 Ministero dell'Interno,,1,https://www.immigrazione.biz/circolare.php?id=904,
immigrazione.biz,903,01-16-15,,Messaggio,380,Messaggio n. 380 del 16 gennaio 2015 Istituto Nazione Previdenza Sociale,,1,https://www.immigrazione.biz/circolare.php?id=903,
immigrazione.biz,897,01-14-15,Ministero dell'Interno,Circolare,312,Circolare n. 312 del 14 gennaio 2015 Ministero dell'Interno,,1,https://www.immigrazione.biz/circolare.php?id=897,
immigrazione.biz,898,01-09-15,,Circolare,1,Circolare n. 1 del 9 gennaio 2015 Istituto Nazionale Previdenza Sociale,,1,https://www.immigrazione.biz/circolare.php?id=898,
immigrazione.biz,896,12-22-14,Ministero dell'Interno,Circolare,7172,Circolare n. 7172 del 22 dicembre 2014 Ministero dell'Interno e Ministero del Lavoro e delle Politiche Sociali,,1,https://www.immigrazione.biz/circolare.php?id=896,
immigrazione.biz,899,12-17-14,Ministero dell'Interno,Circolare,14906,Circolare n.14906 del 17 dicembre 2014 Ministero dell'Interno,,1,https://www.immigrazione.biz/circolare.php?id=899,
immigrazione.biz,915,12-11-14,Ministero dell'Interno,Circolare,2741,Circolare n. 2741 del 11 dicembre 2014 Ministero dell'Interno,,1,https://www.immigrazione.biz/circolare.php?id=915,
immigrazione.biz,895,10-31-14,Ministero dell'Interno,Circolare,18,Circolare n. 18 del 31 ottobre 2014 Ministero dell'Interno,,1,https://www.immigrazione.biz/circolare.php?id=895,
immigrazione.biz,893,10-24-14,Ministero dell'Interno,Circolare,5698,Circolare n. 5698 del 24 ottobre 2014 Ministero del Lavoro e delle Politiche Sociali - Ministero dell'Interno,,1,https://www.immigrazione.biz/circolare.php?id=893,
immigrazione.biz,892,10-10-14,Ministero dell'Interno,Circolare,5923,Circolare n. 5923 del 10 ottobre 2014 Ministero dell'Interno,,1,https://www.immigrazione.biz/circolare.php?id=892,
immigrazione.biz,939,10-09-14,Ministero dell'Interno,Circolare,400,Circolare n. 400 del 9 ottobre 2014 Ministero dell'Interno,,1,https://www.immigrazione.biz/circolare.php?id=939,
immigrazione.biz,900,10-08-14,Ministero dello Sviluppo Economico,Circolare,,Parere n. 175547 dell'8 ottobre 2014 Ministero dello Sviluppo Economico,,1,https://www.immigrazione.biz/circolare.php?id=900,
immigrazione.biz,890,10-07-14,Ministero dell'Interno,Circolare,10863,Circolare n. 10863 del 7 ottobre 2014 Ministero dell'Interno,,1,https://www.immigrazione.biz/circolare.php?id=890,
immigrazione.biz,889,09-24-14,Ministero dell'Istruzione,Circolare,,"Avviso del 24 settembre 2014 Ministero dell'Istruzione, dell'Università e della Ricerca",,1,https://www.immigrazione.biz/circolare.php?id=889,
immigrazione.biz,888,08-06-14,Ministero dell'Interno,Circolare,1778,Circolare n. 1778 del 6 agosto 2014 Ministero dell'Interno,,1,https://www.immigrazione.biz/circolare.php?id=888,
immigrazione.biz,887,08-04-14,,Circolare,97,Circolare n. 97 del 4 agosto 2014 Istituto Nazionale Previdenza Sociale,,1,https://www.immigrazione.biz/circolare.php?id=887,
immigrazione.biz,891,07-31-14,Ministero dell'Interno,Circolare,4806,Circolare n. 4806 del 31 luglio 2014 Ministero dell'Interno,,1,https://www.immigrazione.biz/circolare.php?id=891,
immigrazione.biz,914,07-25-14,Ministero dell'Interno,Circolare,8855,Circolare n. 8855 del 25 luglio 2014 Ministero dell'Interno,,1,https://www.immigrazione.biz/circolare.php?id=914,
immigrazione.biz,1126,07-23-14,,Circolare,22744,Circolare n. 22744 del 23 luglio 2014 il Ministero dellInterno,,1,https://www.immigrazione.biz/circolare.php?id=1126,
permessidisoggiorno.info,782,07-23-14,Ministero dell'Interno,Circolare,22744,Circolare n. 0022744 del 2014-07-23 — Ministero dell'Interno,Normativa ASSEGNI_FAMILIARI_CITTADINI_STRANIERI,1,https://www.permessidisoggiorno.info/Normativa.aspx?nid=782,
immigrazione.biz,886,07-21-14,Ministero dell'Interno,Circolare,4663,Circolare n. 4663 del 21 luglio 2014 Ministero dell'Interno e Ministero del Lavoro e delle Politiche Sociali,,1,https://www.immigrazione.biz/circolare.php?id=886,
immigrazione.biz,884,07-11-14,Agenzia delle Entrate,Circolare,22/E,Circolare n. 22/E dell'11 luglio 2014 Agenzia delle Entrate,,1,https://www.immigrazione.biz/circolare.php?id=884,
immigrazione.biz,883,07-10-14,Ministero dell'Interno,Circolare,4486,Circolare n. 4486 del 10 luglio 2014 Ministero dell'Interno e Ministero del Lavoro e delle Politiche Sociali,,1,https://www.immigrazione.biz/circolare.php?id=883,
immigrazione.biz,879,06-11-14,,Circolare,76,Circolare n. 76 dell'11 giugno 2014 Istituto Nazionale Previdenza Sociale,,1,https://www.immigrazione.biz/circolare.php?id=879,
immigrazione.biz,885,05-22-14,Commissione Europea,Circolare,,Comunicazione n. 288 del 22 maggio 2014 Commissione Europea,,1,https://www.immigrazione.biz/circolare.php?id=885,
immigrazione.biz,881,05-19-14,Ministero dell'Istruzione,Circolare,,"Avviso del 19 maggio 2014 Ministero dell'Istruzione, dell'Università e della Ricerca",,1,https://www.immigrazione.biz/circolare.php?id=881,
immigrazione.biz,880,05-13-14,,Circolare,,Comunicato del 13 maggio 2014 Questura di Milano,,1,https://www.immigrazione.biz/circolare.php?id=880,
immigrazione.biz,875,04-28-14,Agenzia delle Entrate,Circolare,8/E,Circolare n. 8/E del 28 aprile 2014 Agenzia delle Entrate,,1,https://www.immigrazione.biz/circolare.php?id=875,
immigrazione.biz,882,04-18-14,Ministero dell'Interno,Circolare,850/A.A18/9-1549,Circolare n. 850/A.A18/9-1549 del 18 aprile 2014 Ministero dell'Interno,,1,https://www.immigrazione.biz/circolare.php?id=882,
immigrazione.biz,894,04-16-14,,Circolare,5369,Circolare n. 5369 del 16 aprile 2014 CONI,,1,https://www.immigrazione.biz/circolare.php?id=894,
immigrazione.biz,869,04-11-14,Ministero del Lavoro,Circolare,9,Circolare n. 9 dell'11 aprile 2014 Ministero del Lavoro e delle Politiche Sociali,,1,https://www.immigrazione.biz/circolare.php?id=869,
immigrazione.biz,873,04-09-14,Ministero del Lavoro,Circolare,35,Circolare n. 35 del 9 aprile 2014 Ministero del Lavoro e delle Politiche Sociali,,1,https://www.immigrazione.biz/circolare.php?id=873,
permessidisoggiorno.info,781,04-09-14,Ministero del Lavoro,Circolare,83,Circolare n. 83 del 2014-04-09 — Ministero del Lavoro,,1,https://www.permessidisoggiorno.info/Normativa.aspx?nid=781,
immigrazione.biz,868,04-04-14,Ministero dell'Interno,Circolare,2460,Circolare n. 2460 del 4 aprile 2014 Ministero dell'Interno,,1,https://www.immigrazione.biz/circolare.php?id=868,
immigrazione.biz,864,04-03-14,Ministero dell'Interno,Circolare,2458,Circolare n. 2458 del 3 aprile 2014 Ministero dell'Interno e Ministero del lavoro e delle Politiche Sociali,,1,https://www.immigrazione.biz/circolare.php?id=864,
immigrazione.biz,865,03-24-14,Ministero della Giustizia,Nota,,Nota del 24 marzo 2014 Ministero della Giustizia,,1,https://www.immigrazione.biz/circolare.php?id=865,
immigrazione.biz,863,03-20-14,Ministero dell'Interno,Circolare,9276,Circolare n. 9276 del 20 marzo 2014 Ministero dell'Interno,,1,https://www.immigrazione.biz/circolare.php?id=863,
permessidisoggiorno.info,780,03-20-14,Ministero dell'Interno,Circolare,9276,Circolare n. 9276 del 2014-03-20 — Ministero dell'Interno,,1,https://www.permessidisoggiorno.info/Normativa.aspx?nid=780,
immigrazione.biz,861,03-19-14,Ministero dell'Interno,Circolare,2204,Circolare n. 2204 del 19 marzo 2014 Ministero dell'Interno,,1,https://www.immigrazione.biz/circolare.php?id=861,
immigrazione.biz,862,03-18-14,,Messaggio,3381,Messaggio n. 3381 del 18 marzo 2014 Istituto Nazionale della Previdenza Sociale,,1,https://www.immigrazione.biz/circolare.php?id=862,
immigrazione.biz,860,03-17-14,Ministero dell'Interno,Circolare,1886,Circolare n. 1886 del 17 marzo 2014 Ministero dell'Interno e Ministero del Lavoro e delle Politiche Sociali,,1,https://www.immigrazione.biz/circolare.php?id=860,
immigrazione.biz,877,03-13-14,Ministero dell'Interno,Circolare,,Direttiva n. 17452/10/2014 del 13 marzo 2014 Ministero dell'Interno,,1,https://www.immigrazione.biz/circolare.php?id=877,
immigrazione.biz,872,03-12-14,Ministero dell'Interno,Circolare,1748,Circolare n. 1748 del 12 marzo 2014 Ministero dell'Interno,,1,https://www.immigrazione.biz/circolare.php?id=872,
immigrazione.biz,859,03-04-14,Ministero del Lavoro,Circolare,5,Circolare n. 5 del 4 marzo 2014 Ministero del Lavoro e delle Politiche Sociali,,1,https://www.immigrazione.biz/circolare.php?id=859,
permessidisoggiorno.info,778,03-04-14,Presidente della Repubblica,Decreto Legislativo,40,Decreto Legislativo n. 40 del 2014-03-04 — Presidente della Repubblica,Normativa Permesso_di_Soggiorno_unico_lavoro_soggiorno,0,https://www.permessidisoggiorno.info/Normativa.aspx?nid=778,
immigrazione.biz,858,02-19-14,Ministero della Giustizia,Circolare,,Parere n. 30321 del 19 febbraio 2014 Ministero della Giustizia,,1,https://www.immigrazione.biz/circolare.php?id=858,
immigrazione.biz,857,02-19-14,Ministero dell'Istruzione,Circolare,4233,"Circolare n. 4233 del 19 febbraio 2014 Ministero dell'Istruzione, dell'Università e delle Ricerca",,1,https://www.immigrazione.biz/circolare.php?id=857,
permessidisoggiorno.info,779,02-13-14,Presidente del Consiglio dei Ministri,Decreto Legislativo,12,Decreto Legislativo n. 12 del 2014-02-13 — Presidente del Consiglio dei Ministri,Normativa Beneficiari_protezione_internazionale,0,https://www.permessidisoggiorno.info/Normativa.aspx?nid=779,
immigrazione.biz,855,02-10-14,Ministero dell'Interno,Circolare,824,Circolare n. 824 del 10 febbraio 2014 Ministero dell'Interno,,1,https://www.immigrazione.biz/circolare.php?id=855,
immigrazione.biz,854,02-10-14,,Circolare,23,Circolare n. 23 del 10 febbraio 2014 Istituto Nazionale Previdenza Sociale,,1,https://www.immigrazione.biz/circolare.php?id=854,
immigrazione.biz,853,02-03-14,Ministero dell'Interno,Circolare,716,Circolare n. 716 del 3 febbraio 2014 Ministero dell'Interno,,1,https://www.immigrazione.biz/circolare.php?id=853,
immigrazione.biz,849,01-24-14,Ministero dell'Interno,Circolare,3,Circolare n. 3 del 24 gennaio 2014 Ministero dell'Interno,,1,https://www.immigrazione.biz/circolare.php?id=849,
immigrazione.biz,846,01-22-14,,Circolare,8,Circolare n. 8 del 22 gennaio 2014 Istituto Nazionale della Previdenza Sociale,,1,https://www.immigrazione.biz/circolare.php?id=846,
immigrazione.biz,851,01-21-14,,Circolare,2151,Circolare n. 2151 del 21 gennaio 2014 Regione Lombardia,,1,https://www.immigrazione.biz/circolare.php?id=851,
immigrazione.biz,848,01-17-14,Ministero dell'Interno,Circolare,2,Circolare n. 2 del 17 gennaio 2014 Ministero dell'Interno,,1,https://www.immigrazione.biz/circolare.php?id=848,
immigrazione.biz,847,01-17-14,Ministero dell'Interno,Circolare,1,Circolare n. 1 del 17 gennaio 2014 Ministero dell'Interno,,1,https://www.immigrazione.biz/circolare.php?id=847,
immigrazione.biz,844,01-15-14,,Circolare,5,Circolare n. 5 del 15 gennaio 2014 Istituto Nazionale della Previdenza Sociale,,1,https://www.immigrazione.biz/circolare.php?id=844,
immigrazione.biz,843,01-15-14,,Circolare,4,Circolare n. 4 del 15 gennaio 2014 Istituto Nazionale della Previdenza Sociale,,1,https://www.immigrazione.biz/circolare.php?id=843,
immigrazione.biz,852,01-10-14,Ministero dell'Istruzione,Circolare,206,"Circolare n. 206 del 10 gennaio 2014 Ministero dell'Istruzione, dell'Università e della Ricerca",,1,https://www.immigrazione.biz/circolare.php?id=852,
immigrazione.biz,845,01-08-14,Ministero dell'Interno,Circolare,104,Circolare n. 104 dell'8 gennaio 2014 Ministero dell'Interno,,1,https://www.immigrazione.biz/circolare.php?id=845,
immigrazione.biz,842,01-02-14,Ministero dell'Interno,Circolare,1,Circolare n. 01 del 2 gennaio 2014 Ministero dell'Interno,,1,https://www.immigrazione.biz/circolare.php?id=842,
immigrazione.biz,841,12-27-13,Ministero del Lavoro,Circolare,22277,Circolare n. 22277 del 27 dicembre 2013 Ministero del lavoro e delle politiche sociali,,1,https://www.immigrazione.biz/circolare.php?id=841,
immigrazione.biz,850,12-23-13,Ministero dell'Interno,Circolare,14424,Circolare n. 14424 del 23 dicembre 2013 Ministero dell'Interno,,1,https://www.immigrazione.biz/circolare.php?id=850,
immigrazione.biz,840,12-19-13,Ministero del Lavoro,Circolare,35,Circolare n. 35 del 19 dicembre 2013 Ministero del Lavoro e delle Politiche Sociali,,1,https://www.immigrazione.biz/circolare.php?id=840,
immigrazione.biz,838,12-16-13,Ministero dell'Interno,Circolare,7550,Circolare n. 7550 del 16 dicembre 2013 Ministero dell'Interno e Ministero del Lavoro e delle Politiche Sociali,,1,https://www.immigrazione.biz/circolare.php?id=838,
immigrazione.biz,985,12-13-13,Ministero dell'Interno,Circolare,39871,Circolare n. 39871 del 13 dicembre 2013 Ministero dell'Interno,,1,https://www.immigrazione.biz/circolare.php?id=985,
permessidisoggiorno.info,777,12-13-13,Ministero dell'Interno,Circolare,39871,Circolare n. 39871 del 2013-12-13 — Ministero dell'Interno,Normativa Nuovo_Permesso_di_Soggiorno_Elettronico,1,https://www.permessidisoggiorno.info/Normativa.aspx?nid=777,
immigrazione.biz,839,12-11-13,Ministero dell'Interno,Circolare,7438,Circolare n. 7438 dell'11 dicembre 2013 Ministero dell'Interno,,1,https://www.immigrazione.biz/circolare.php?id=839,
immigrazione.biz,836,12-04-13,Ministero dell'Interno,Circolare,24,Circolare n. 24 del 4 dicembre 2013 Ministero dell'Interno,,1,https://www.immigrazione.biz/circolare.php?id=836,
immigrazione.biz,835,12-03-13,,Circolare,165,Circolare n. 165 del 3 dicembre 2013 Istituto Nazionale Previdenza Sociale,,1,https://www.immigrazione.biz/circolare.php?id=835,
immigrazione.biz,878,11-26-13,Ministero dell'Interno,Circolare,37783,Circolare n. 37783 del 26 novembre 2013 Ministero dell'Interno,,1,https://www.immigrazione.biz/circolare.php?id=878,
immigrazione.biz,834,11-26-13,,Messaggio,19198,Messaggio n. 19198 del 26 novembre 2013 Istituto Nazionale Previdenza Sociale,,1,https://www.immigrazione.biz/circolare.php?id=834,
immigrazione.biz,831,11-05-13,Ministero dell'Interno,Circolare,,Circolare del 5 novembre 2013 Ministero del Lavoro e delle Politiche Sociali e Ministero dell'Interno,,1,https://www.immigrazione.biz/circolare.php?id=831,
immigrazione.biz,837,10-31-13,Ministero dell'Interno,Circolare,2696,Circolare n. 2696 del 31 ottobre 2013 Ministero dell'Interno,,1,https://www.immigrazione.biz/circolare.php?id=837,
immigrazione.biz,828,10-30-13,Ministero dell'Interno,Circolare,6635,Circolare n. 6635 del 30 ottobre 2013 Ministero dell'Interno,,1,https://www.immigrazione.biz/circolare.php?id=828,
immigrazione.biz,829,10-24-13,Ministero della Salute,Circolare,27162-P,Circolare n. 27162-P del 24 ottobre 2013 Ministero della Salute,,1,https://www.immigrazione.biz/circolare.php?id=829,
immigrazione.biz,832,10-21-13,Ministero dell'Interno,Circolare,33453,Circolare n.33453 del 21 ottobre 2013 MInistero dell'Interno,,1,https://www.immigrazione.biz/circolare.php?id=832,
permessidisoggiorno.info,776,10-21-13,Ministero dell'Interno,Circolare,,Circolare del 2013-10-21 — Ministero dell'Interno,Normativa sicurezza violenze_di_genere,1,https://www.permessidisoggiorno.info/Normativa.aspx?nid=776,
immigrazione.biz,827,10-11-13,Ministero dell'Interno,Circolare,32397,Circolare n. 32397 dell'11 ottobre 2013 Ministero dell'Interno,,1,https://www.immigrazione.biz/circolare.php?id=827,
immigrazione.biz,825,10-03-13,Ministero dell'Interno,Circolare,19,Circolare n. 19 del 3 ottobre 2013 Ministero dell'Interno,,1,https://www.immigrazione.biz/circolare.php?id=825,
immigrazione.biz,824,09-27-13,,Circolare,138,Circolare n. 138 del 27 settembre 2013 Istituto Nazione Previdenza Sociale,,1,https://www.immigrazione.biz/circolare.php?id=824,
immigrazione.biz,814,09-04-13,,Messaggio,13983,Messaggio n. 13983 del 4 settembre 2013 Istituto Nazionale Prividenza Sociale,,1,https://www.immigrazione.biz/circolare.php?id=814,
immigrazione.biz,823,08-27-13,Ministero dell'Interno,Circolare,5279,Circolare n. 5279 del 27 agosto 2013 Ministero dell'interno,,1,https://www.immigrazione.biz/circolare.php?id=823,
immigrazione.biz,916,08-26-13,,Circolare,,Circolare del 26 agosto 2013 Questura di Ravenna,,1,https://www.immigrazione.biz/circolare.php?id=916,
immigrazione.biz,830,08-26-13,Ministero dell'Interno,Circolare,27205,Circolare n. 27205 del 26 agosto 2013 Ministero dell'Interno,,1,https://www.immigrazione.biz/circolare.php?id=830,
permessidisoggiorno.info,775,08-26-13,Ministero dell'Interno,Circolare,,Circolare del 2013-08-26 — Ministero dell'Interno,Normativa sicurezza violenze_di_genere,1,https://www.permessidisoggiorno.info/Normativa.aspx?nid=775,
immigrazione.biz,812,08-14-13,,Messaggio,13156,Messaggio n. 13156 del 14 agosto 2013 Istituto Nazionale Previdenza Sociale,,1,https://www.immigrazione.biz/circolare.php?id=812,
immigrazione.biz,821,08-08-13,Ministero dell'Interno,Circolare,26215,Circolare n. 26215 dell'8 agosto 2013 Ministero dell'Interno,,1,https://www.immigrazione.biz/circolare.php?id=821,
permessidisoggiorno.info,773,08-08-13,Ministero dell'Interno,Comunicato,26215,Comunicato n. 0026215 del 2013-08-08 — Ministero dell'Interno,Comunicazione Ricongiungimenti_familiari,0,https://www.permessidisoggiorno.info/Normativa.aspx?nid=773,
immigrazione.biz,815,08-07-13,Ministero dell'Interno,Circolare,1/7860,Circolare n. 1/7860 del 7 agosto 2013 Ministero dell'Interno,,1,https://www.immigrazione.biz/circolare.php?id=815,
immigrazione.biz,820,08-06-13,Ministero degli Affari Esteri,Messaggio,,Messaggio del 6 agosto 2013 Ministero degli Affari Esteri,,1,https://www.immigrazione.biz/circolare.php?id=820,
immigrazione.biz,811,08-01-13,,Circolare,117,Circolare n. 117 del 1 agosto 2013 Istituto Nazionale Previdenza Sociale,,1,https://www.immigrazione.biz/circolare.php?id=811,
permessidisoggiorno.info,774,07-31-13,Ministero dell'Interno,Circolare,,Circolare del 2013-07-31 — Ministero dell'Interno,,1,https://www.permessidisoggiorno.info/Normativa.aspx?nid=774,
immigrazione.biz,809,07-30-13,,Messaggio,12242,Messaggio n. 12242 del 30 luglio 2013 Istituto Nazionale Previdenza Sociale,,1,https://www.immigrazione.biz/circolare.php?id=809,
immigrazione.biz,808,07-26-13,,Circolare,114,Circolare n. 114 del 26 luglio 2013 Istituto Nazionale Previdenza Sociale,,1,https://www.immigrazione.biz/circolare.php?id=808,
immigrazione.biz,807,07-24-13,,Circolare,111,Circolare n. 111 del 24 luglio 2013 Istituto Nazionale Previdenza Sociale,,1,https://www.immigrazione.biz/circolare.php?id=807,
immigrazione.biz,806,07-18-13,Ministero delle Infrastrutture,Circolare,18861,Circolare n. 18861 del 18 luglio 2013 Ministero delle Infrastrutture,,1,https://www.immigrazione.biz/circolare.php?id=806,
immigrazione.biz,804,07-18-13,,Circolare,109,Circolare n. 109 del 18 luglio 2013 Istituto Nazionale Previdenza Sociale,,1,https://www.immigrazione.biz/circolare.php?id=804,
immigrazione.biz,805,07-17-13,,Messaggio,11512,Messaggio n. 11512 del 17 luglio 2013 Istituto Nazionale Previdenza Sociale,,1,https://www.immigrazione.biz/circolare.php?id=805,
immigrazione.biz,802,07-10-13,Ministero dell'Interno,Circolare,4417,Circolare n. 4417 del 10 luglio 2013 Ministero dell'Interno e Ministero del Lavoro e delle Politiche Sociali,,1,https://www.immigrazione.biz/circolare.php?id=802,
immigrazione.biz,813,07-08-13,,Circolare,7,Circolare n. 7 dell'8 luglio 2013 Fondazione Studi Consulenti del Lavoro,,1,https://www.immigrazione.biz/circolare.php?id=813,
immigrazione.biz,803,07-03-13,Ministero dell'Interno,Circolare,22412,Circolare n. 22412 del 3 luglio 2013 Ministero dell'Interno,,1,https://www.immigrazione.biz/circolare.php?id=803,
immigrazione.biz,801,07-02-13,Ministero dell'Interno,Circolare,4184,Circolare n. 4184 del 2 luglio 2013 Ministero dell'Interno,,1,https://www.immigrazione.biz/circolare.php?id=801,
immigrazione.biz,800,07-02-13,Ministero dell'Interno,Circolare,,Circolare del 2 luglio 2013 Ministero dell'Interno e Ministero del Lavoro e delle Politiche Sociali,,1,https://www.immigrazione.biz/circolare.php?id=800,
immigrazione.biz,799,06-28-13,Ministero dell'Interno,Circolare,,Circolare del 28 giugno 2013 Ministero dell'Interno e Ministero del Lavoro e delle Politiche Sociali,,1,https://www.immigrazione.biz/circolare.php?id=799,
immigrazione.biz,798,06-28-13,,Circolare,104,Circolare n.104 del 28 giugno 2013 Istituto Nazionale Previdenza Sociale,,1,https://www.immigrazione.biz/circolare.php?id=798,
permessidisoggiorno.info,772,06-28-13,Ministero dell'Interno,Circolare,4119,Circolare n. 4119 del 2013-06-28 — Ministero dell'Interno,,1,https://www.permessidisoggiorno.info/Normativa.aspx?nid=772,
immigrazione.biz,816,06-27-13,Ministero dell'Interno,Circolare,21842,Circolare n. 21842 del 27 giugno 2013 Ministero dell'Interno,,1,https://www.immigrazione.biz/circolare.php?id=816,
permessidisoggiorno.info,771,06-27-13,Ministero dell'Interno,Circolare,,Circolare del 2013-06-27 — Ministero dell'Interno,,1,https://www.permessidisoggiorno.info/Normativa.aspx?nid=771,
immigrazione.biz,826,06-24-13,Ministero dell'Interno,Circolare,16,Circolare n. 16 del 24 giugno 2013 Ministero dell'Interno,,1,https://www.immigrazione.biz/circolare.php?id=826,
immigrazione.biz,822,06-18-13,Ministero dell'Interno,Circolare,14,Circolare n. 14 del 18 giugno 2013 Ministero dell'Interno,,1,https://www.immigrazione.biz/circolare.php?id=822,
immigrazione.biz,797,06-17-13,Ministero dell'Interno,Circolare,14,Circolare n. 14 del 17 giugno 2013 Ministero dell'Interno,,1,https://www.immigrazione.biz/circolare.php?id=797,
immigrazione.biz,984,06-14-13,Ministero dell'Interno,Circolare,20444,Circolare n. 20444 del 14 giugno 2013 Ministero dell'Interno,,1,https://www.immigrazione.biz/circolare.php?id=984,
immigrazione.biz,796,06-14-13,Ministero dell'Interno,Circolare,13,Circolare n. 13 del 14 giugno 2013 Ministero dell'Interno,,1,https://www.immigrazione.biz/circolare.php?id=796,
immigrazione.biz,795,06-14-13,INPS,Messaggio,9710,Messaggio n. 9710 del 14 giugno 2013 INPS,,1,https://www.immigrazione.biz/circolare.php?id=795,
immigrazione.biz,794,06-07-13,INAIL,Circolare,31,Circolare n. 31 del 7 giugno 2013 INAIL,,1,https://www.immigrazione.biz/circolare.php?id=794,
immigrazione.biz,792,05-23-13,,Circolare,84,Circolare n. 84 del 23 maggio 2013 Istituto Nazionale previdenza Sociale,,1,https://www.immigrazione.biz/circolare.php?id=792,
immigrazione.biz,791,05-15-13,,Messaggio,7990,Messaggio n. 7990 del 15 maggio 2013 Istituto Nazionale Previdenza Sociale,,1,https://www.immigrazione.biz/circolare.php?id=791,
immigrazione.biz,790,05-15-13,Ministero dell'Interno,Circolare,11,Circolare n. 11 del 15 maggio 2013 Ministero dell'Interno,,1,https://www.immigrazione.biz/circolare.php?id=790,
immigrazione.biz,787,04-30-13,,Messaggio,7108,Messaggio n. 7108 del 30 aprile 2013 Istituto Nazionale Previdenza Sociale,,1,https://www.immigrazione.biz/circolare.php?id=787,
immigrazione.biz,785,04-24-13,Ministero dell'Interno,Circolare,,Circolare del 24 aprile 2013 del Ministero dell'Interno e Ministero del Lavoro e della Politiche Sociali,,1,https://www.immigrazione.biz/circolare.php?id=785,
immigrazione.biz,833,04-03-13,Ministero dell'Istruzione,Nota,7935,Nota n. 7935 del 3 aprile 2013 Ministero dell'Istruzione e della Ricerca,,1,https://www.immigrazione.biz/circolare.php?id=833,
immigrazione.biz,784,03-28-13,,Circolare,48,Circolare n. 48 del 28 marzo 2013 Istituto Nazionale Previdenza Sociale,,1,https://www.immigrazione.biz/circolare.php?id=784,
immigrazione.biz,810,03-27-13,Ministero dell'Interno,Circolare,3720,Circolare n. 3720 del 27 marzo 2013 Ministero dell'Interno,,1,https://www.immigrazione.biz/circolare.php?id=810,
immigrazione.biz,783,03-26-13,Ministero del Lavoro,Circolare,35,Circolare n. 35 del 26 marzo 2013 Ministero del Lavoro e delle Politiche Sociali,,1,https://www.immigrazione.biz/circolare.php?id=783,
immigrazione.biz,781,03-19-13,Ministero dell'Interno,Circolare,1845,Circolare n. 1845 del 19 marzo 2013 Ministero dell'Interno e Ministero del Lavoro e delle Politiche Sociali,,1,https://www.immigrazione.biz/circolare.php?id=781,
permessidisoggiorno.info,770,03-19-13,Ministero dell'Interno,Circolare,Prot.35/001815/MA001.A001,Circolare n. Prot.35/001815/MA001.A001 del 2013-03-19 — Ministero dell'Interno,,1,https://www.permessidisoggiorno.info/Normativa.aspx?nid=770,
immigrazione.biz,777,03-01-13,Ministero dell'Interno,Circolare,1833,Circolare n. 1833 del 1 marzo 2013 Ministero dell'Interno,,1,https://www.immigrazione.biz/circolare.php?id=777,
immigrazione.biz,780,02-28-13,,Messaggio,3549,Messaggio n. 3549 del 28 febbraio 2013 Istituto Nazionale Previdenza Sociale,,1,https://www.immigrazione.biz/circolare.php?id=780,
permessidisoggiorno.info,769,02-28-13,Ministero dell'Interno,Decreto Presidente del Consiglio dei Ministri,,Decreto Presidente del Consiglio dei Ministri del 2013-02-28 — Ministero dell'Interno,Normativa Emergenza_Nord_Africa,0,https://www.permessidisoggiorno.info/Normativa.aspx?nid=769,
permessidisoggiorno.info,768,02-22-13,Ministero dell'Interno,Circolare,,Circolare del 2013-02-22 — Ministero dell'Interno,Normativa Emergenza_Nord_Africa,1,https://www.permessidisoggiorno.info/Normativa.aspx?nid=768,
immigrazione.biz,786,02-18-13,Ministero dell'Interno,Circolare,1424,Circolare n. 1424 del 18 febbraio 2013 Ministero dell'Interno,,1,https://www.immigrazione.biz/circolare.php?id=786,
immigrazione.biz,778,02-18-13,,Circolare,4333,Circolare n. 4333 /23.1801 del 18 febbraio 2013 Ministero delle Instrastrutture e dei Trasporti,,1,https://www.immigrazione.biz/circolare.php?id=778,
immigrazione.biz,793,02-08-13,Ministero dell'Interno,Circolare,5091,Circolare n. 5091 del 8 febbraio 2013 Ministero dell'Interno,,1,https://www.immigrazione.biz/circolare.php?id=793,
immigrazione.biz,773,02-08-13,,Circolare,25,Circolare n. 25 del 8 febbraio 2013 Istituto Nazionale Previdenza Sociale,,1,https://www.immigrazione.biz/circolare.php?id=773,
immigrazione.biz,772,01-31-13,Ministero dell'Interno,Circolare,619,Circolare n. 619 del 31 gennaio 2013 Ministero dell'Interno,,1,https://www.immigrazione.biz/circolare.php?id=772,
immigrazione.biz,771,01-27-13,,Circolare,2778,Circolare n. 2778 del 27 gennaio 2013 Regione Lombardia,,1,https://www.immigrazione.biz/circolare.php?id=771,
immigrazione.biz,817,01-25-13,Ministero dell'Interno,Circolare,182,Circolare n. 182 del 25 gennaio 2013 Ministero dell'Interno,,1,https://www.immigrazione.biz/circolare.php?id=817,
immigrazione.biz,774,01-25-13,Ministero dell'Interno,Circolare,182,Circolare n.182 del 25 gennaio 2013 Ministero dell'Interno,,1,https://www.immigrazione.biz/circolare.php?id=774,
immigrazione.biz,788,01-18-13,Ministero del Lavoro,Circolare,4,Circolare n. 4 del 18 gennaio 2013 Ministero del Lavoro e delle Politiche Sociali,,1,https://www.immigrazione.biz/circolare.php?id=788,
immigrazione.biz,768,01-17-13,,Circolare,10,Circolare n. 10 del 17 gennaio 2013 Istituto Nazionale Previdenza Sociale,,1,https://www.immigrazione.biz/circolare.php?id=768,
permessidisoggiorno.info,767,01-17-13,INPS,Circolare,10,Circolare n. 10 del 2013-01-17 — INPS,,1,https://www.permessidisoggiorno.info/Normativa.aspx?nid=767,
immigrazione.biz,769,01-15-13,Ministero dell'Interno,Circolare,3/13,Circolare n. 3/13 del 15 gennaio 2013 Ministero dell'Interno,,1,https://www.immigrazione.biz/circolare.php?id=769,
immigrazione.biz,766,01-14-13,Ministero dell'Interno,Circolare,1/13,Circolare n. 1/13 del 14 gennaio 2013 Ministero dell'Interno,,1,https://www.immigrazione.biz/circolare.php?id=766,
immigrazione.biz,765,01-07-13,Ministero dell'Interno,Circolare,448,Circolare n. 448 del 7 gennaio 2013 Ministero dell'Interno,,1,https://www.immigrazione.biz/circolare.php?id=765,
immigrazione.biz,767,12-28-12,Ministero dell'Interno,Circolare,10908,Circolare n. 10908 del 28 dicembre 2012 Ministero dell'Interno,,1,https://www.immigrazione.biz/circolare.php?id=767,
immigrazione.biz,763,12-28-12,,Circolare,150,Circolare n. 150 del 28 dicembre 2012 Istituto Nazionale della Previdenza Sociale,,1,https://www.immigrazione.biz/circolare.php?id=763,
immigrazione.biz,756,12-21-12,Ministero del Lavoro,Circolare,,Interpello n. 38/2012 del 21 dicembre 2012 Ministero del Lavoro e delle Politiche Sociali,,1,https://www.immigrazione.biz/circolare.php?id=756,
immigrazione.biz,818,12-20-12,Ministero dell'Interno,Circolare,13218,Circolare n. 13218 del 20 dicembre 2012 Ministero dell'Interno,,1,https://www.immigrazione.biz/circolare.php?id=818,
permessidisoggiorno.info,766,12-20-12,Ministero dell'Interno,Circolare,13218,Circolare n. 13218 del 2012-12-20 — Ministero dell'Interno,,1,https://www.permessidisoggiorno.info/Normativa.aspx?nid=766,
permessidisoggiorno.info,765,12-20-12,Ministero dell'Interno,Circolare,13218,Circolare n. 13218 del 2012-12-20 — Ministero dell'Interno,,1,https://www.permessidisoggiorno.info/Normativa.aspx?nid=765,
immigrazione.biz,755,12-19-12,,Circolare,143,Circolare n. 143 del 19 dicembre 2012 Istituto Nazionale Previdenza Sociale,,1,https://www.immigrazione.biz/circolare.php?id=755,
immigrazione.biz,751,12-17-12,,Circolare,96,"Circolare n. 96 del 17 dicembre 2012 Ministero dellIstruzione, dellUniversità e della Ricerca",,1,https://www.immigrazione.biz/circolare.php?id=751,
immigrazione.biz,819,12-13-12,Ministero dell'Interno,Circolare,10557,Circolare n. 10557 del 13 dicembre 2012 Ministero dell'Interno,,1,https://www.immigrazione.biz/circolare.php?id=819,
immigrazione.biz,754,12-12-12,Ministero dell'Interno,Circolare,9478,Circolare n. 9478 del 12 dicembre 2012 Ministero dell'Interno,,1,https://www.immigrazione.biz/circolare.php?id=754,
immigrazione.biz,753,12-12-12,Ministero dell'Interno,Circolare,9116,Circolare n. 9116 del 12 dicembre 2012 Ministero dell'Interno,,1,https://www.immigrazione.biz/circolare.php?id=753,
immigrazione.biz,752,12-11-12,Ministero dell'Interno,Circolare,9460,Circolare n. 9460 del 11 dicembre 2012 Ministero dell'Interno,,1,https://www.immigrazione.biz/circolare.php?id=752,
immigrazione.biz,750,12-07-12,Ministero dell'Interno,Circolare,7591,Circolare n. 7591 del 7 dicembre 2012 Ministero dell'Interno,,1,https://www.immigrazione.biz/circolare.php?id=750,
permessidisoggiorno.info,764,12-07-12,Ministero dell'Interno,Circolare,n. 7591,Circolare n. 7591 del 2012-12-07 — Ministero dell'Interno,,1,https://www.permessidisoggiorno.info/Normativa.aspx?nid=764,
permessidisoggiorno.info,763,12-05-12,Ministero dell'Interno,Circolare,7529,Circolare n. 7529 del 2012-12-05 — Ministero dell'Interno,,1,https://www.permessidisoggiorno.info/Normativa.aspx?nid=763,
immigrazione.biz,747,12-04-12,Ministero dell'Interno,Circolare,7529,Circolare n. 7529 del 4 dicembre 2012 Ministero dell'Interno,,1,https://www.immigrazione.biz/circolare.php?id=747,
immigrazione.biz,746,11-26-12,Ministero dell'Interno,Circolare,,Circolare del 26 novembre 2012 Ministero dell'Interno e Ministero del Lavoro e delle Politiche Sociali,,1,https://www.immigrazione.biz/circolare.php?id=746,
permessidisoggiorno.info,761,11-26-12,Ministero dell'Interno,Circolare,8266,Circolare n. 8266 del 2012-11-26 — Ministero dell'Interno,,1,https://www.permessidisoggiorno.info/Normativa.aspx?nid=761,
immigrazione.biz,745,11-12-12,Ministero dell'Interno,Circolare,9116,Circolare n. 9116 del 12 novembre 2012 Ministero dell'Interno,,1,https://www.immigrazione.biz/circolare.php?id=745,
immigrazione.biz,744,11-06-12,Ministero dell'Interno,Circolare,6831,Circolare n. 6831 del 6 novembre 2012 Ministero dell'Interno,,1,https://www.immigrazione.biz/circolare.php?id=744,
permessidisoggiorno.info,760,11-06-12,Ministero dell'Interno,Circolare,6831,Circolare n. 6831 del 2012-11-06 — Ministero dell'Interno,,1,https://www.permessidisoggiorno.info/Normativa.aspx?nid=760,
immigrazione.biz,742,11-05-12,,Messaggio,17897,Messaggio n. 17897 del 5 novembre 2012 Istituto Nazionale Previdenza Sociale,,1,https://www.immigrazione.biz/circolare.php?id=742,
immigrazione.biz,741,11-05-12,,Messaggio,17898,Messaggio n. 17898 del 5 novembre 2012 Istituto Nazionale Previdenza Sociale,,1,https://www.immigrazione.biz/circolare.php?id=741,
immigrazione.biz,740,10-31-12,Ministero dell'Interno,Circolare,9099,Circolare n. 9099 del 31 ottobre 2012 Ministero dell'Interno,,1,https://www.immigrazione.biz/circolare.php?id=740,
permessidisoggiorno.info,759,10-31-12,Ministero dell'Interno,Circolare,400,Circolare n. 400 del 2012-10-31 — Ministero dell'Interno,,1,https://www.permessidisoggiorno.info/Normativa.aspx?nid=759,
immigrazione.biz,739,10-30-12,,Circolare,5426,Circolare n. 5426 del 30 ottobre 2012 Commissione Nazionale per il diritto d'asilo,,1,https://www.immigrazione.biz/circolare.php?id=739,
immigrazione.biz,738,10-30-12,Presidenza del Consiglio dei Ministri,Circolare,3835,Circolare n. 3835 del 30 ottobre 2012 Presidenza del Consiglio dei Ministri,,1,https://www.immigrazione.biz/circolare.php?id=738,
immigrazione.biz,735,10-29-12,INAIL,Circolare,7805,Circolare n. 7805 del 29 ottobre 2012 INAIL,,1,https://www.immigrazione.biz/circolare.php?id=735,
immigrazione.biz,743,10-26-12,Ministero dell'Interno,Circolare,8996,Circolare n. 8996 del 26 ottobre 2012 del Ministero dell'Interno,,1,https://www.immigrazione.biz/circolare.php?id=743,
immigrazione.biz,737,10-26-12,Ministero dell'Interno,Circolare,8992,Circolare n. 8992 del 26 ottobre 2012 Ministero dell'Interno,,1,https://www.immigrazione.biz/circolare.php?id=737,
immigrazione.biz,734,10-25-12,Ministero dell'Interno,Circolare,6561,Circolare n. 6561 del 25 Ottobre 2012 Ministero dell'Interno,,1,https://www.immigrazione.biz/circolare.php?id=734,
immigrazione.biz,736,10-17-12,Ministero dell'Interno,Circolare,8911,Circolare n. 8911 del 17 ottobre 2012 Ministero dell'Interno,,1,https://www.immigrazione.biz/circolare.php?id=736,
permessidisoggiorno.info,762,10-16-12,Presidente del Consiglio dei Ministri,Decreto Presidente del Consiglio dei Ministri,DPCM 16/10/2012,Decreto Presidente del Consiglio dei Ministri n. DPCM 16/10/2012 del 2012-10-16 — Presidente del Consiglio dei Ministri,,0,https://www.permessidisoggiorno.info/Normativa.aspx?nid=762,
immigrazione.biz,732,10-04-12,Ministero dell'Interno,Circolare,6121,Circolare n. 6121 del 4 ottobre 2012 Ministero dell'Interno,,1,https://www.immigrazione.biz/circolare.php?id=732,
immigrazione.biz,731,10-04-12,,Circolare,,Parere del 4 ottobre 2012 Avvocatura Generale dello Stato,,1,https://www.immigrazione.biz/circolare.php?id=731,
permessidisoggiorno.info,758,10-04-12,Avvocatura dello Stato,parere,3016,parere n. 3016 del 2012-10-04 — Avvocatura dello Stato,,0,https://www.permessidisoggiorno.info/Normativa.aspx?nid=758,
immigrazione.biz,730,10-02-12,INAIL,Circolare,48,Circolare n. 48 del 2 ottobre 2012 INAIL,,1,https://www.immigrazione.biz/circolare.php?id=730,
immigrazione.biz,728,09-29-12,,Circolare,118,Circolare n. 118 del 29 settembre 2012 Istituto Nazionale Previdenza Sociale,,1,https://www.immigrazione.biz/circolare.php?id=728,
immigrazione.biz,727,09-26-12,Ministero delle Infrastrutture,Circolare,26038,Circolare n. 26038 del 26 settembre 2012 Ministero delle Infrastrutture e dei Trasporti,,1,https://www.immigrazione.biz/circolare.php?id=727,
immigrazione.biz,733,09-19-12,Ministero dell'Interno,Circolare,5829,Circolare n. 5829 del 19 settembre 2012 Ministero dell'Interno,,1,https://www.immigrazione.biz/circolare.php?id=733,
immigrazione.biz,726,09-19-12,,Circolare,115,Circolare n. 115 del 19 settembre 2012 Istituto Nazionale Previdenza Sociale,,1,https://www.immigrazione.biz/circolare.php?id=726,
immigrazione.biz,725,09-18-12,,Circolare,114,Circolare n. 114 del 18 settembre 2012 Istituto Nazionale Previdenza Sociale,,1,https://www.immigrazione.biz/circolare.php?id=725,
immigrazione.biz,722,09-14-12,,Circolare,113,Circolare n. 113 del 14 settembre 2012 Istituto Nazionale Previdenza Sociale,,1,https://www.immigrazione.biz/circolare.php?id=722,
immigrazione.biz,721,09-12-12,Ministero dell'Interno,Circolare,7569,Circolare n. 7569 del 12 settembre 2012 Ministero dell'Interno,,1,https://www.immigrazione.biz/circolare.php?id=721,
permessidisoggiorno.info,756,09-12-12,Ministero dell'Interno,Circolare,7689,Circolare n. 7689 del 2012-09-12 — Ministero dell'Interno,,1,https://www.permessidisoggiorno.info/Normativa.aspx?nid=756,
immigrazione.biz,719,09-07-12,Ministero dell'Interno,Circolare,5638,Circolare n. 5638 del 7 settembre 2012 Ministero dell'Interno e Ministero del Lavoro e delle Politiche Sociali,,1,https://www.immigrazione.biz/circolare.php?id=719,
permessidisoggiorno.info,754,09-07-12,Ministero dell'Interno,Decreto Ministeriale,209,Decreto Ministeriale n. 209 del 2012-09-07 — Ministero dell'Interno,Normativa Decreto_Ministeriale d,1,https://www.permessidisoggiorno.info/Normativa.aspx?nid=754,
immigrazione.biz,718,08-29-12,Ministero dell'Interno,Circolare,7244,Circolare n. 7244 del 29 agosto 2012 Ministero dell'Interno,,1,https://www.immigrazione.biz/circolare.php?id=718,
permessidisoggiorno.info,757,08-24-12,Corte di Appello,Sentenza,7106,Sentenza n. 7106 del 2012-08-24 — Corte di Appello,,0,https://www.permessidisoggiorno.info/Normativa.aspx?nid=757,
immigrazione.biz,712,08-21-12,Ministero dell'Interno,Circolare,7065,Circolare n. 7065 del 21 agosto 2012 Ministero dell'Interno,,1,https://www.immigrazione.biz/circolare.php?id=712,
permessidisoggiorno.info,752,08-21-12,Ministero dell'Interno,Circolare,7066,Circolare n. 7066 del 2012-08-21 — Ministero dell'Interno,,1,https://www.permessidisoggiorno.info/Normativa.aspx?nid=752,
immigrazione.biz,713,08-10-12,Ministero dell'Interno,Circolare,8193,Circolare n. 8193 del 10 agosto 2012 Ministero dell'Interno,,1,https://www.immigrazione.biz/circolare.php?id=713,
immigrazione.biz,717,08-06-12,Ministero dell'Interno,Circolare,6740,Circolare n. 6740 del 6 agosto 2012 Ministero dell'Interno,,1,https://www.immigrazione.biz/circolare.php?id=717,
immigrazione.biz,710,08-06-12,,Circolare,104,Circolare n.104 del 6 agosto 2012 Istituto Nazionale Previdenza Sociale,,1,https://www.immigrazione.biz/circolare.php?id=710,
immigrazione.biz,770,08-03-12,Ministero del Lavoro,Circolare,39/0011377,Circolare n. 39/0011377 del 3 agosto 2012 Ministero del Lavoro e delle Politiche Sociali,,1,https://www.immigrazione.biz/circolare.php?id=770,
immigrazione.biz,711,08-03-12,Ministero dell'Interno,Circolare,5209,Circolare n. 5209 del 3 agosto 2012 Ministero dell'Interno,,1,https://www.immigrazione.biz/circolare.php?id=711,
permessidisoggiorno.info,751,08-03-12,Ministero dell'Interno,Circolare,5209,Circolare n. 5209 del 2012-08-03 — Ministero dell'Interno,,1,https://www.permessidisoggiorno.info/Normativa.aspx?nid=751,
immigrazione.biz,709,07-31-12,Ministero dell'Interno,Circolare,5090,Circolare n. 5090 del 31 luglio 2012 Ministero dell'Interno,,1,https://www.immigrazione.biz/circolare.php?id=709,
immigrazione.biz,707,07-27-12,Ministero dell'Interno,Circolare,6410,Circolare n. 6410 del 27 luglio 2012 Ministero dell'Interno,"OGGETTO: Decreto legislativo 16 luglio 2012, n. 109 recante ""Attuazione della direttiva 2009/52/CE che introduce norme minime relative a sanzioni e a provvedimenti nei confronti dei datori di lavoro che impiegano cittadini di Paesi terzi il cui soggiorno e irregolare"".",1,https://www.immigrazione.biz/circolare.php?id=707,
permessidisoggiorno.info,749,07-27-12,Ministero dell'Interno,Circolare,6410,Circolare n. 6410 del 2012-07-27 — Ministero dell'Interno,,1,https://www.permessidisoggiorno.info/Normativa.aspx?nid=749,
immigrazione.biz,706,07-26-12,Ministero dell'Interno,Circolare,6385,Circolare n. 6385 del 26 luglio 2012 Ministero dell'Interno,,1,https://www.immigrazione.biz/circolare.php?id=706,
permessidisoggiorno.info,750,07-26-12,Ministero dell'Interno,Circolare,6385,Circolare n. 6385 del 2012-07-26 — Ministero dell'Interno,,1,https://www.permessidisoggiorno.info/Normativa.aspx?nid=750,
immigrazione.biz,748,07-20-12,Ministero dell'Interno,Circolare,,Circolare del 20 luglio 2012 Ministero dell'Interno,,1,https://www.immigrazione.biz/circolare.php?id=748,
immigrazione.biz,708,07-18-12,Ministero del Lavoro,Circolare,18,Circolare n. 18 del 18 luglio 2012 Ministero del Lavoro e delle Politiche Sociali,,1,https://www.immigrazione.biz/circolare.php?id=708,
permessidisoggiorno.info,748,07-16-12,Governo,Decreto Legislativo,109,Decreto Legislativo n. 109 del 2012-07-16 — Governo,,0,https://www.permessidisoggiorno.info/Normativa.aspx?nid=748,
permessidisoggiorno.info,746,07-16-12,Tribunale,Ordinanza,,Ordinanza del 2012-07-16 — Tribunale,,0,https://www.permessidisoggiorno.info/Normativa.aspx?nid=746,
permessidisoggiorno.info,745,07-16-12,Tribunale,Ordinanza,,Ordinanza del 2012-07-16 — Tribunale,,0,https://www.permessidisoggiorno.info/Normativa.aspx?nid=745,
immigrazione.biz,705,07-09-12,Ministero dell'Interno,Circolare,5792,Circolare n. 5792 del 09 luglio 2012 Ministero dell'Interno,,1,https://www.immigrazione.biz/circolare.php?id=705,
permessidisoggiorno.info,743,07-09-12,Ministero dell'Interno,Circolare,5792,Circolare n. 5792 del 2012-07-09 — Ministero dell'Interno,,1,https://www.permessidisoggiorno.info/Normativa.aspx?nid=743,
immigrazione.biz,906,07-05-12,Ministero dell'Interno,Circolare,5666,Circolare n. 5666 del 5 luglio 2012 Ministero dell'Interno,,1,https://www.immigrazione.biz/circolare.php?id=906,
permessidisoggiorno.info,744,07-03-12,TAR_Lazio,Sentenza,6070,Sentenza n. 6070 del 2012-07-03 — TAR_Lazio,,0,https://www.permessidisoggiorno.info/Normativa.aspx?nid=744,
immigrazione.biz,703,06-28-12,,Messaggio,10885,Messaggio n. 10885 del 28 giugno 2012 Istituto Nazionale Previdenza Sociale,,1,https://www.immigrazione.biz/circolare.php?id=703,
permessidisoggiorno.info,747,06-28-12,Governo,Decreto Legislativo,108,Decreto Legislativo n. 108 del 2012-06-28 — Governo,,0,https://www.permessidisoggiorno.info/Normativa.aspx?nid=747,
immigrazione.biz,699,06-18-12,Ministero dell'Interno,Circolare,7165,Circolare n. 7165 del 18 giugno 2012 Ministero dell'Interno,,1,https://www.immigrazione.biz/circolare.php?id=699,
immigrazione.biz,701,06-15-12,Ministero dell'Interno,Circolare,4369,Circolare n. 4369 del 15 giugno 2012 Ministero dell'Interno,,1,https://www.immigrazione.biz/circolare.php?id=701,
permessidisoggiorno.info,742,06-13-12,Corte di Appello,Sentenza,64,Sentenza n. 64 del 2012-06-13 — Corte di Appello,,0,https://www.permessidisoggiorno.info/Normativa.aspx?nid=742,
immigrazione.biz,697,06-08-12,INPS,Circolare,79,Circolare n. 79 del 8 giugno 2012 INPS Istituto Nazionale della Previdenza Sociale,,1,https://www.immigrazione.biz/circolare.php?id=697,
immigrazione.biz,696,06-08-12,INPS,Circolare,78,Circolare n. 78 del 8 giugno 2012 INPS Istituto Nazionale della Previdenza Sociale,,1,https://www.immigrazione.biz/circolare.php?id=696,
immigrazione.biz,704,06-07-12,Ministero del Lavoro,Nota,4347,Nota n. 4347 del 7 giugno 2012 Ministero del Lavoro e delle Politiche Sociali,,1,https://www.immigrazione.biz/circolare.php?id=704,
immigrazione.biz,694,05-28-12,Ministero dell'Interno,Circolare,6198,Circolare n. 6198 del 28 maggio 2012 Ministero dell'Interno,,1,https://www.immigrazione.biz/circolare.php?id=694,
permessidisoggiorno.info,741,05-28-12,Ministero dell'Interno,Circolare,15,Circolare n. 15 del 2012-05-28 — Ministero dell'Interno,,1,https://www.permessidisoggiorno.info/Normativa.aspx?nid=741,
immigrazione.biz,693,05-23-12,,Messaggio,8854,Messaggio n. 8854 del 23 maggio 2012 Istituto Nazionale Previdenza Sociale,,1,https://www.immigrazione.biz/circolare.php?id=693,
immigrazione.biz,702,05-21-12,,Circolare,4113,Circolare n. 4113 del 21 maggio 2012 Ministero Interno,,1,https://www.immigrazione.biz/circolare.php?id=702,
immigrazione.biz,691,05-21-12,Ministero dell'Interno,Circolare,3462,Circolare n. 3462 del 21 maggio 2012 Ministero dell'Interno,,1,https://www.immigrazione.biz/circolare.php?id=691,
permessidisoggiorno.info,740,05-21-12,Ministero dell'Interno,Circolare,14,Circolare n. 14 del 2012-05-21 — Ministero dell'Interno,,1,https://www.permessidisoggiorno.info/Normativa.aspx?nid=740,
permessidisoggiorno.info,737,05-21-12,Ministero dell'Interno,Circolare,3462,Circolare n. 3462 del 2012-05-21 — Ministero dell'Interno,,1,https://www.permessidisoggiorno.info/Normativa.aspx?nid=737,
immigrazione.biz,692,05-18-12,Ministero dell'Interno,Circolare,4098,Circolare n. 4098 del 18 maggio 2012 Ministero dell'Interno,,1,https://www.immigrazione.biz/circolare.php?id=692,
permessidisoggiorno.info,739,05-18-12,Ministero dell'Interno,Circolare,4098,Circolare n. 4098 del 2012-05-18 — Ministero dell'Interno,,1,https://www.permessidisoggiorno.info/Normativa.aspx?nid=739,
immigrazione.biz,695,05-16-12,,Messaggio,8468,Messaggio n. 8468 del 16 maggio 2012 Istituto Nazionale Previdenza Sociale,,1,https://www.immigrazione.biz/circolare.php?id=695,
permessidisoggiorno.info,738,05-15-12,Governo,Decreto Presidente del Consiglio dei Ministri,,Decreto Presidente del Consiglio dei Ministri del 2012-05-15 — Governo,,0,https://www.permessidisoggiorno.info/Normativa.aspx?nid=738,
immigrazione.biz,700,05-14-12,Ministero della Giustizia,Circolare,28,Circolare n. 28 del 14 maggio 2012 Ministero della Giustizia,,1,https://www.immigrazione.biz/circolare.php?id=700,
immigrazione.biz,762,05-10-12,Ministero della Salute,Circolare,DGPROGS/11841/I.3.b/1,Circolare n. DGPROGS/11841/I.3.b/1 del 10 maggio 2012 Ministero della Salute,,1,https://www.immigrazione.biz/circolare.php?id=762,
immigrazione.biz,689,04-27-12,Ministero dell'Interno,Circolare,9,Circolare n. 9 del 27 aprile 2012 Ministero dell'Interno,,1,https://www.immigrazione.biz/circolare.php?id=689,
permessidisoggiorno.info,733,04-23-12,Ministero dell'Interno,Circolare,3196,Circolare n. 3196 del 2012-04-23 — Ministero dell'Interno,,1,https://www.permessidisoggiorno.info/Normativa.aspx?nid=733,
immigrazione.biz,720,04-17-12,Presidenza del Consiglio dei Ministri,Circolare,,"Circolare 17 aprile 2012 , n. 3 Presidenza del Consiglio dei Ministri Dipartimento della Funzione Pubblica (GU n. 207 del 5-9-2012 )",,1,https://www.immigrazione.biz/circolare.php?id=720,
immigrazione.biz,688,04-17-12,,Circolare,3/12,Circolare n. 3/12 - Prot. DFP 0015731 P- del 17 aprile 2012 Ministro per la pubblica amministrazione e la semplificazione,,1,https://www.immigrazione.biz/circolare.php?id=688,
permessidisoggiorno.info,732,04-17-12,Ministero per la Pubblica Amministrazione e la Semplificazione,Circolare,3,Circolare n. 3 del 2012-04-17 — Ministero per la Pubblica Amministrazione e la Semplificazione,,1,https://www.permessidisoggiorno.info/Normativa.aspx?nid=732,
immigrazione.biz,968,04-12-12,Ministero dell'Interno,Circolare,,Circolare del 12 aprile 2012 Ministero dell'Interno,,1,https://www.immigrazione.biz/circolare.php?id=968,
immigrazione.biz,687,04-11-12,Ministero dell'Interno,Circolare,2583,Circolare n. 2583 del 11 aprile 2012 Ministero dell'Interno,,1,https://www.immigrazione.biz/circolare.php?id=687,
immigrazione.biz,684,04-05-12,Ministero del Lavoro,Circolare,2848,Circolare n. 2848 del 5 aprile 2012 Ministero del Lavoro e delle Politiche Sociali,"Oggetto: D.P.C.M. 13 marzo 2012 concernente la ""programmazione transitoria dei flussi di ingresso dei lavoratori extracomunitari stagionali nel territorio dello Stato per l'anno 2012 - Attribuzione territoriale delle quote di cui all'articolo 1 del decreto .",1,https://www.immigrazione.biz/circolare.php?id=684,
immigrazione.biz,685,04-02-12,Ministero dell'Interno,Circolare,2655,Circolare n. 2655 del 2 aprile 2012 Ministero dell'Interno,,1,https://www.immigrazione.biz/circolare.php?id=685,
permessidisoggiorno.info,729,04-02-12,Ministero dell'Interno,Circolare,2665,Circolare n. 2665 del 2012-04-02 — Ministero dell'Interno,,1,https://www.permessidisoggiorno.info/Normativa.aspx?nid=729,
immigrazione.biz,683,03-21-12,,Circolare,42,Circolare n. 42 del 21 marzo 2012 Istituto Nazionale Previdenza Sociale,,1,https://www.immigrazione.biz/circolare.php?id=683,
immigrazione.biz,682,03-20-12,Ministero dell'Interno,Circolare,1960,Circolare n. 1960 del 20 marzo 2012 Ministero dell'Interno - Ministero del Lavoro e delle Politiche Sociali,,1,https://www.immigrazione.biz/circolare.php?id=682,
permessidisoggiorno.info,735,03-20-12,Ministero dell'Interno,Circolare,1960,Circolare n. 1960 del 2012-03-20 — Ministero dell'Interno,,1,https://www.permessidisoggiorno.info/Normativa.aspx?nid=735,
permessidisoggiorno.info,730,03-20-12,Ministero dell'Economia,Circolare,18501,Circolare n. 18501 del 2012-03-20 — Ministero dell'Economia,,1,https://www.permessidisoggiorno.info/Normativa.aspx?nid=730,
immigrazione.biz,761,03-19-12,Ministero della Salute,Circolare,DGPROGS/,Circolare n. DGPROGS/ 7257 /I.3.b/1 del 19 marzo 2012 Ministero della Salute,,1,https://www.immigrazione.biz/circolare.php?id=761,
immigrazione.biz,678,03-15-12,Ministero dell'Interno,Circolare,3505,Circolare n. 3505 del 15 marzo 2012 Ministero dell'Interno,,1,https://www.immigrazione.biz/circolare.php?id=678,
permessidisoggiorno.info,736,03-15-12,Ministero dell'Interno,Circolare,2081,Circolare n. 2081 del 2012-03-15 — Ministero dell'Interno,,1,https://www.permessidisoggiorno.info/Normativa.aspx?nid=736,
immigrazione.biz,679,03-12-12,Ministero dell'Interno,Circolare,2000,Circolare n. 2000 del 12 marzo 2012 Ministero dell'Interno,,1,https://www.immigrazione.biz/circolare.php?id=679,
immigrazione.biz,672,03-08-12,Ministero dell'Interno,Circolare,3076,Circolare n. 3076 del 8 marzo 2012 Ministero dell'Interno,OGGETTO: Comunicazioni inerenti alcune sedi consolari in Belgio.,1,https://www.immigrazione.biz/circolare.php?id=672,
immigrazione.biz,681,03-07-12,,Circolare,1869,Circolare n. 1869 del 7 marzo 2012 Ministero Interno,,1,https://www.immigrazione.biz/circolare.php?id=681,
permessidisoggiorno.info,734,03-07-12,Ministero dell'Interno,Direttiva,,Direttiva del 2012-03-07 — Ministero dell'Interno,,1,https://www.permessidisoggiorno.info/Normativa.aspx?nid=734,
immigrazione.biz,675,03-05-12,Ministero dell'Interno,Circolare,1583,Circolare n. 1583 del 5 marzo 2012 Ministero dell'Interno,,1,https://www.immigrazione.biz/circolare.php?id=675,
permessidisoggiorno.info,727,03-05-12,Ministero dell'Interno,Circolare,1583,Circolare n. 1583 del 2012-03-05 — Ministero dell'Interno,,1,https://www.permessidisoggiorno.info/Normativa.aspx?nid=727,
immigrazione.biz,676,03-02-12,,Circolare,1542,Circolare n. 1542 del 2 marzo 2012 Ministro dell'Interno - Ministro per la Cooperazione Internazionale e l'Integrazione,,1,https://www.immigrazione.biz/circolare.php?id=676,
immigrazione.biz,673,03-02-12,Ministero dell'Interno,Circolare,2830,Circolare n. 2830 del 2 marzo 2012 Ministero dell'Interno,"OGGETTO: Art. 15, c.1 legge n. 183/2011 . Norme in materia di certificati e dichiarazioni sostitutive. Istruzioni per gli ufficiali dello stato civile.",1,https://www.immigrazione.biz/circolare.php?id=673,
permessidisoggiorno.info,728,03-02-12,Ministero dell'Interno,Circolare,1542,Circolare n. 1542 del 2012-03-02 — Ministero dell'Interno,,1,https://www.permessidisoggiorno.info/Normativa.aspx?nid=728,
immigrazione.biz,669,03-01-12,,Circolare,29,Circolare n. 29 del 1 marzo 2012 Istituto Nazionale Previdenza Sociale,,1,https://www.immigrazione.biz/circolare.php?id=669,
immigrazione.biz,677,02-29-12,Ministero delle Infrastrutture,Circolare,5808,Circolare n. 5808 del 29 febbraio 2012 Ministero delle Infrastrutture e dei Trasporti,OGGETTO: Conversione di patenti di guida. ECUADOR,1,https://www.immigrazione.biz/circolare.php?id=677,
permessidisoggiorno.info,731,02-29-12,Ministero delle Infrastrutture,Circolare,5805,Circolare n. 5805 del 2012-02-29 — Ministero delle Infrastrutture,Normativa Circolare_ministeriale,1,https://www.permessidisoggiorno.info/Normativa.aspx?nid=731,
immigrazione.biz,776,02-28-12,,Circolare,34,Circolare n. 34 del 28 febbraio 2012 Istituto Nazionale Previdenza Sociale,,1,https://www.immigrazione.biz/circolare.php?id=776,
immigrazione.biz,665,02-22-12,,Circolare,25,Circolare n. 25 del 22 febbraio 2012 Istituto Nazionale della Previdenza Sociale,,1,https://www.immigrazione.biz/circolare.php?id=665,
immigrazione.biz,670,02-20-12,Ministero dell'Interno,Circolare,1253,Circolare n. 1253 del 20 febbraio 2012 Ministero dell'Interno,"OGGETTO: Decreto - legge 9 febbraio 2012, n. 5 concernente: ""Disposizioni urgenti in materia di semplificazione e di sviluppo"".",1,https://www.immigrazione.biz/circolare.php?id=670,
immigrazione.biz,666,02-20-12,Ministero dell'Interno,Circolare,3,"Circolare n. 3 del 20 febbraio 2012 Ministero dell'Interno, Dipartimento per gli Affari Interni e Territoriali",,1,https://www.immigrazione.biz/circolare.php?id=666,
immigrazione.biz,659,02-13-12,,Circolare,22,Circolare n. 22 del 13 febbraio 2012 Istituto Nazionale Previdenza Sociale,,1,https://www.immigrazione.biz/circolare.php?id=659,
immigrazione.biz,667,02-10-12,Ministero dell'Interno,Circolare,2,"Circolare n. 2 del 10 febbraio 2012 Ministero dell'Interno, Dipartimento per gli Affari Interni e Territoriali",,1,https://www.immigrazione.biz/circolare.php?id=667,
immigrazione.biz,664,02-09-12,,Circolare,21,Circolare n. 21 del 9 febbraio 2012 Istituto Nazionale della Previdenza Sociale,,1,https://www.immigrazione.biz/circolare.php?id=664,
immigrazione.biz,662,02-07-12,Ministero dell'Interno,Circolare,864,Circolare n. 864 del 7 febbraio 2012 Ministero dell'Interno,,1,https://www.immigrazione.biz/circolare.php?id=662,
immigrazione.biz,658,02-03-12,Ministero dell'Interno,Circolare,728,Circolare n. 728 del 3 febbraio 2012 Ministero dell'Interno e del Lavoro e delle Politiche Sociali,,1,https://www.immigrazione.biz/circolare.php?id=658,
immigrazione.biz,656,02-03-12,,Circolare,17,Circolare n. 17 del 3 febbraio 2012 Istituto Nazionale Previdenza Sociale,,1,https://www.immigrazione.biz/circolare.php?id=656,
permessidisoggiorno.info,726,02-03-12,Ministero dell'Interno,Circolare,35,Circolare n. 35 del 2012-02-03 — Ministero dell'Interno,,1,https://www.permessidisoggiorno.info/Normativa.aspx?nid=726,
immigrazione.biz,663,02-02-12,,Circolare,10,Circolare n. 10 del 2 febbraio 2012 Istituto Nazionale della Previdenza Sociale,,1,https://www.immigrazione.biz/circolare.php?id=663,
immigrazione.biz,654,02-01-12,,Circolare,4,Circolare n. 4 del 1 febbraio 2012 Comune di Milano,,1,https://www.immigrazione.biz/circolare.php?id=654,
immigrazione.biz,698,01-27-12,,Circolare,5,Circolare n. 5 del 27 gennaio 2012 Patronato INCA,,1,https://www.immigrazione.biz/circolare.php?id=698,
immigrazione.biz,668,01-27-12,Ministero dell'Interno,Circolare,1,"Circolare n. 1 del 27 gennaio 2012 Ministero dell'Interno, Dipartimento per gli Affari Interni e Territoriali",,1,https://www.immigrazione.biz/circolare.php?id=668,
immigrazione.biz,653,01-27-12,,Nota,r,"Nota nr. 465 del 27 gennaio 2012 Ministero dellIstruzione, dellUniversità e della Ricerca",,1,https://www.immigrazione.biz/circolare.php?id=653,
immigrazione.biz,651,01-27-12,Ministero dell'Interno,Circolare,400,Circolare n. 400 del 27 gennaio 2012 Ministero dell'Interno,,1,https://www.immigrazione.biz/circolare.php?id=651,
immigrazione.biz,650,01-27-12,,Circolare,,Circolare del 27 gennaio 2012 CGIL,,1,https://www.immigrazione.biz/circolare.php?id=650,
permessidisoggiorno.info,725,01-27-12,Ministero dell'Interno,Circolare,5,Circolare n. 5 del 2012-01-27 — Ministero dell'Interno,,1,https://www.permessidisoggiorno.info/Normativa.aspx?nid=725,
immigrazione.biz,648,01-24-12,Ministero dell'Interno,Circolare,512,Circolare n. 512 del 24 gennaio 2012 Ministero dell'Interno,,1,https://www.immigrazione.biz/circolare.php?id=648,
permessidisoggiorno.info,724,01-24-12,Ministero dell'Interno,Circolare,512,Circolare n. 512 del 2012-01-24 — Ministero dell'Interno,,1,https://www.permessidisoggiorno.info/Normativa.aspx?nid=724,
immigrazione.biz,655,01-18-12,,Messaggio,995,Messaggio n. 995 del 18 gennaio 2012 Istituto Nazionale Previdenza Sociale,,1,https://www.immigrazione.biz/circolare.php?id=655,
immigrazione.biz,645,01-11-12,Ministero dell'Interno,Circolare,113,Circolare n.113 del 11 gennaio 2012 Ministero dell'Interno,,1,https://www.immigrazione.biz/circolare.php?id=645,
permessidisoggiorno.info,723,01-11-12,Ministero dell'Interno,Circolare,113,Circolare n. 113 del 2012-01-11 — Ministero dell'Interno,,1,https://www.permessidisoggiorno.info/Normativa.aspx?nid=723,
permessidisoggiorno.info,722,01-11-12,Ministero dell'Interno,Circolare,113,Circolare n. 113 del 2012-01-11 — Ministero dell'Interno,,1,https://www.permessidisoggiorno.info/Normativa.aspx?nid=722,
immigrazione.biz,680,01-10-12,,Nota,,Nota verbale del 10 gennaio 2012 Ministero Affari Esteri,,1,https://www.immigrazione.biz/circolare.php?id=680,
immigrazione.biz,652,01-10-12,Ministero dell'Interno,Circolare,113,Circolare n. 113 del 10 gennaio 2012 Ministero dell'Interno,,1,https://www.immigrazione.biz/circolare.php?id=652,
immigrazione.biz,764,01-08-12,,Circolare,3,Circolare n. 3 del 8 gennaio 2012 Istituto Nazionale Previdenza Sociale,,1,https://www.immigrazione.biz/circolare.php?id=764,
permessidisoggiorno.info,721,12-31-11,Ministero dell'Interno,Decreto Ministeriale,304,Decreto Ministeriale n. 304 del 2011-12-31 — Ministero dell'Interno,Normativa Decreto_Ministeriale,1,https://www.permessidisoggiorno.info/Normativa.aspx?nid=721,
immigrazione.biz,642,12-30-11,,Circolare,173,Circolare n. 173 del 30 dicembre 2011 Istituto Nazionale Previdenza Sociale,,1,https://www.immigrazione.biz/circolare.php?id=642,
immigrazione.biz,641,12-30-11,,Circolare,172,Circolare n. 172 del 30 dicembre 2011 Istituto Nazionale Previdenza Sociale,,1,https://www.immigrazione.biz/circolare.php?id=641,
immigrazione.biz,639,12-30-11,Ministero del Lavoro,Circolare,9508,Circolare n. 9508 del 30 dicembre 2011 Ministero del lavoro e Politiche Sociali,,1,https://www.immigrazione.biz/circolare.php?id=639,
immigrazione.biz,638,12-28-11,,Circolare,166,Circolare n. 166 del 28 dicembre 2011 Istituto Nazionale della Previdenza Sociale,,1,https://www.immigrazione.biz/circolare.php?id=638,
immigrazione.biz,646,12-27-11,Presidenza del Consiglio dei Ministri,Circolare,7163,Circolare n. 7163 del 27 dicembre 2011 Presidenza del Consiglio dei Ministri,,1,https://www.immigrazione.biz/circolare.php?id=646,
immigrazione.biz,647,12-23-11,Ministero dell'Interno,Circolare,16056,Circolare n. 16056 del 23 dicembre 2011 Ministero dell'Interno,,1,https://www.immigrazione.biz/circolare.php?id=647,
immigrazione.biz,640,12-21-11,Ministero dell'Interno,Circolare,32,Circolare n. 32 del 21 dicembre 2011 Ministero dell'Interno,,1,https://www.immigrazione.biz/circolare.php?id=640,
permessidisoggiorno.info,719,12-21-11,Ministero dell'Interno,Circolare,32,Circolare n. 32 del 2011-12-21 — Ministero dell'Interno,,1,https://www.permessidisoggiorno.info/Normativa.aspx?nid=719,
permessidisoggiorno.info,720,12-20-11,TAR_Lazio,Sentenza,6855,Sentenza n. 6855 del 2011-12-20 — TAR_Lazio,,0,https://www.permessidisoggiorno.info/Normativa.aspx?nid=720,
immigrazione.biz,635,12-13-11,,Circolare,,Direttiva n. 11050/110(4) del 13 dicembre 2011 Ministro dell'Interno,Oggetto: Accesso ai centri,1,https://www.immigrazione.biz/circolare.php?id=635,
immigrazione.biz,644,12-06-11,Ministero dell'Interno,Circolare,,Circolare 8946 del 6 dicembre 2011 Ministero dell'Interno,,1,https://www.immigrazione.biz/circolare.php?id=644,
immigrazione.biz,671,12-05-11,Ministero dell'Interno,Circolare,9172,Circolare n. 9172 del 5 dicembre 2011 Ministero dell'Interno,OGGETTO: Comunicazioni obbligatorie in caso di assunzione di lavoratore straniero regolarmente soggiornante in Italia,1,https://www.immigrazione.biz/circolare.php?id=671,
immigrazione.biz,632,12-02-11,Ministero dell'Interno,Circolare,30,Circolare n. 30 del 2 dicembre 2011 Ministero dell'Interno,,1,https://www.immigrazione.biz/circolare.php?id=632,
permessidisoggiorno.info,718,12-01-11,Ministero degli Esteri,Decreto Ministeriale,280,Decreto Ministeriale n. 280 del 2011-12-01 — Ministero degli Esteri,Normativa Decreto_Ministeriale,1,https://www.permessidisoggiorno.info/Normativa.aspx?nid=718,
permessidisoggiorno.info,717,11-30-11,Presidente del Consiglio dei Ministri,Ordinanza,279,Ordinanza n. 279 del 2011-11-30 — Presidente del Consiglio dei Ministri,,0,https://www.permessidisoggiorno.info/Normativa.aspx?nid=717,
immigrazione.biz,637,11-29-11,Ministero dell'Interno,Circolare,2707,Circolare n. 2707 del 29 novembre 2011 Ministero dell'Interno,,1,https://www.immigrazione.biz/circolare.php?id=637,
immigrazione.biz,631,11-28-11,Ministero dell'Interno,Circolare,29,Circolare n. 29 del 28 novembre 2011 Ministero dell'Interno,,1,https://www.immigrazione.biz/circolare.php?id=631,
immigrazione.biz,630,11-28-11,Ministero del Lavoro,Circolare,4773,Circolare n. 4773 del 28 novembre 2011 Ministero del Lavoro e delle Politiche Sociali,,1,https://www.immigrazione.biz/circolare.php?id=630,
permessidisoggiorno.info,716,11-28-11,Ministero del Lavoro,Circolare,4773,Circolare n. 4773 del 2011-11-28 — Ministero del Lavoro,,1,https://www.permessidisoggiorno.info/Normativa.aspx?nid=716,
permessidisoggiorno.info,715,11-28-11,Ministero dell'Interno,Circolare,29,Circolare n. 29 del 2011-11-28 — Ministero dell'Interno,,1,https://www.permessidisoggiorno.info/Normativa.aspx?nid=715,
immigrazione.biz,629,11-22-11,,Circolare,149,Circolare n. 149 del 22 novembre 2011 Istituto Nazionale della Previdenza Sociale,,1,https://www.immigrazione.biz/circolare.php?id=629,
immigrazione.biz,606,11-18-11,Ministero dell'Interno,Circolare,14627,Circolare n. 14627 del 18 novembre 2011 Ministero dell'Interno,,1,https://www.immigrazione.biz/circolare.php?id=606,
permessidisoggiorno.info,711,11-18-11,Ministero dell'Interno,Circolare,28,Circolare n. 28 del 2011-11-18 — Ministero dell'Interno,,1,https://www.permessidisoggiorno.info/Normativa.aspx?nid=711,
immigrazione.biz,649,11-16-11,Ministero dell'Interno,Circolare,8710,Circolare n. 8710 del 16 novembre 2011 Ministero dell'Interno,,1,https://www.immigrazione.biz/circolare.php?id=649,
immigrazione.biz,634,11-16-11,Ministero dell'Interno,Circolare,8708,Circolare n. 8708 del 16 novembre 2011 Ministero dell'Interno,,1,https://www.immigrazione.biz/circolare.php?id=634,
permessidisoggiorno.info,714,11-16-11,Ministero dell'Interno,Circolare,8708,Circolare n. 8708 del 2011-11-16 — Ministero dell'Interno,,1,https://www.permessidisoggiorno.info/Normativa.aspx?nid=714,
permessidisoggiorno.info,712,11-15-11,Tribunale,Ordinanza,,Ordinanza del 2011-11-15 — Tribunale,,0,https://www.permessidisoggiorno.info/Normativa.aspx?nid=712,
immigrazione.biz,603,11-11-11,,Circolare,8219,Circolare n. 8219 del 11 novembre 2011 Ministero dell'Intero,,1,https://www.immigrazione.biz/circolare.php?id=603,
permessidisoggiorno.info,710,11-11-11,Governo,Decreto Presidente della Repubblica,,Decreto Presidente della Repubblica del 2011-11-11 — Governo,,0,https://www.permessidisoggiorno.info/Normativa.aspx?nid=710,
immigrazione.biz,587,11-07-11,,Messaggio,21009,Messaggio n. 21009 del 7 novembre 2011 Istituto Nazionale della Previdenza Sociale,,1,https://www.immigrazione.biz/circolare.php?id=587,
immigrazione.biz,612,10-28-11,Ministero dell'Interno,Circolare,26,Circolare n. 26 del 28 ottobre 2011 Ministero dell'Interno,,1,https://www.immigrazione.biz/circolare.php?id=612,
immigrazione.biz,591,10-26-11,Ministero dell'Interno,Circolare,,Circolare del 26 ottobre 2011 Ministero dell'Interno,,1,https://www.immigrazione.biz/circolare.php?id=591,
immigrazione.biz,592,10-19-11,Ministero delle Infrastrutture,Circolare,29646/23.18.01,Circolare n. 29646/23.18.01 del 19 ottobre 2011 Ministero delle Infrastrutture e dei Trasporti,,1,https://www.immigrazione.biz/circolare.php?id=592,
immigrazione.biz,589,10-18-11,Ministero delle Infrastrutture,Circolare,29431,Circolare n. 29431 del 18 ottobre 2011 Ministero delle infrastrutture e dei Trasporti,,1,https://www.immigrazione.biz/circolare.php?id=589,
immigrazione.biz,582,10-13-11,Ministero dell'Interno,Circolare,25,Circolare n. 25 del 13 ottobre 2011 Ministero dell'Interno,,1,https://www.immigrazione.biz/circolare.php?id=582,
permessidisoggiorno.info,713,10-13-11,Ministero dell'Interno,Circolare,25,Circolare n. 25 del 2011-10-13 — Ministero dell'Interno,,1,https://www.permessidisoggiorno.info/Normativa.aspx?nid=713,
permessidisoggiorno.info,708,10-13-11,Ministero dell'Interno,Circolare,25,Circolare n. 25 del 2011-10-13 — Ministero dell'Interno,,1,https://www.permessidisoggiorno.info/Normativa.aspx?nid=708,
immigrazione.biz,583,10-11-11,Presidenza del Consiglio dei Ministri,Circolare,5757,Circolare n. 5757 dell'11 ottobre 2011 Presidenza del Consiglio dei Ministri,,1,https://www.immigrazione.biz/circolare.php?id=583,
immigrazione.biz,633,10-10-11,Ministero dell'Interno,Circolare,7672,Circolare n. 7672 del 10 ottobre 2011 Ministero dell'Interno,,1,https://www.immigrazione.biz/circolare.php?id=633,
permessidisoggiorno.info,709,10-10-11,Ministero dell'Interno,Circolare,7672,Circolare n. 7672 del 2011-10-10 — Ministero dell'Interno,,1,https://www.permessidisoggiorno.info/Normativa.aspx?nid=709,
immigrazione.biz,579,10-08-11,Ministero dell'Interno,Circolare,100,Circolare n. 100 del 8 ottobre 2011 Ministero dell'Interno,,1,https://www.immigrazione.biz/circolare.php?id=579,
immigrazione.biz,578,10-08-11,Ministero dell'Interno,Circolare,,Circolare del 8 ottobre 2011 Ministero dell'Interno,,1,https://www.immigrazione.biz/circolare.php?id=578,
permessidisoggiorno.info,707,10-08-11,Ministero dell'Interno,Circolare,400,Circolare n. 400 del 2011-10-08 — Ministero dell'Interno,,1,https://www.permessidisoggiorno.info/Normativa.aspx?nid=707,
immigrazione.biz,581,10-07-11,Ministero dell'Interno,Circolare,7630,Circolare n. 7630 del 7 ottobre 2011 Ministero dell'Interno,,1,https://www.immigrazione.biz/circolare.php?id=581,
permessidisoggiorno.info,706,10-06-11,Governo,Decreto Presidente del Consiglio dei Ministri,,Decreto Presidente del Consiglio dei Ministri del 2011-10-06 — Governo,,0,https://www.permessidisoggiorno.info/Normativa.aspx?nid=706,
immigrazione.biz,580,10-04-11,Ministero dell'Interno,Circolare,7496,Circolare n. 7496 del 4 ottobre 2011 Ministero dell'Interno,,1,https://www.immigrazione.biz/circolare.php?id=580,
immigrazione.biz,586,10-01-11,,Circolare,,Circolare del 1 ottobre 2011 Dipartimento della Protezione Civile,,1,https://www.immigrazione.biz/circolare.php?id=586,
immigrazione.biz,577,09-26-11,Presidenza del Consiglio dei Ministri,Circolare,5324,Circolare n. 5324 del 26 settembre 2011 Presidenza del Consiglio dei Ministri,,1,https://www.immigrazione.biz/circolare.php?id=577,
immigrazione.biz,588,09-22-11,,Circolare,124042,Circolare n. 124042 del 22 settembre 2011 Ministero di Grazia e Giustizia,,1,https://www.immigrazione.biz/circolare.php?id=588,
immigrazione.biz,576,09-16-11,,Circolare,121,Circolare n. 121 del 16 settembre 2011 Istituto Nazionale della Previdenza Sociale,,1,https://www.immigrazione.biz/circolare.php?id=576,
immigrazione.biz,724,09-14-11,,Circolare,110,Circolare n. 110 del 14 settembre 2011 Istituto Nazionale Previdenza Sociale,,1,https://www.immigrazione.biz/circolare.php?id=724,
immigrazione.biz,723,09-14-11,,Circolare,111,Circolare n. 111 del 14 settembre 2011 Istituto Nazionale Previdenza Sociale,,1,https://www.immigrazione.biz/circolare.php?id=723,
permessidisoggiorno.info,705,09-14-11,TAR_Lazio,Sentenza,6853,Sentenza n. 6853 del 2011-09-14 — TAR_Lazio,,0,https://www.permessidisoggiorno.info/Normativa.aspx?nid=705,
immigrazione.biz,574,09-12-11,Ministero dell'Interno,Circolare,6914,Circolare n. 6914 del 12 settembre 2011 Ministero dell'Interno,,1,https://www.immigrazione.biz/circolare.php?id=574,
immigrazione.biz,573,09-12-11,Ministero del Lavoro,Circolare,24,Circolare n. 24 del 12 settembre 2011 Ministero del Lavoro e Politiche Sociali,,1,https://www.immigrazione.biz/circolare.php?id=573,
immigrazione.biz,570,09-05-11,Ministero dell'Interno,Circolare,6786,Circolare n. 6786 del 5 settembre 2011 Ministero dell'Interno,,1,https://www.immigrazione.biz/circolare.php?id=570,
immigrazione.biz,572,09-01-11,Ministero delle Infrastrutture,Circolare,24705,Circolare n. 24705 del 1 settembre 2011 Ministero delle infrastrutture e dei Trasporti,,1,https://www.immigrazione.biz/circolare.php?id=572,
permessidisoggiorno.info,704,09-01-11,Ministero delle Infrastrutture,Circolare,24705,Circolare n. 24705 del 2011-09-01 — Ministero delle Infrastrutture,,1,https://www.permessidisoggiorno.info/Normativa.aspx?nid=704,
immigrazione.biz,571,08-16-11,Ministero dell'Interno,Circolare,6413,Circolare n. 6413 del 16 agosto 2011 Ministero dell'Interno,,1,https://www.immigrazione.biz/circolare.php?id=571,
immigrazione.biz,569,08-03-11,Ministero dell'Interno,Circolare,22,Circolare n. 22 del 3 agosto 2011 Ministero dell'Interno,,1,https://www.immigrazione.biz/circolare.php?id=569,
permessidisoggiorno.info,703,08-03-11,Ministero dell'Interno,Circolare,22,Circolare n. 22 del 2011-08-03 — Ministero dell'Interno,,1,https://www.permessidisoggiorno.info/Normativa.aspx?nid=703,
immigrazione.biz,627,08-01-11,Ministero delle Infrastrutture,Circolare,23044,Circolare n. 23044 del 1 agosto 2011 Ministero delle Infrastrutture e dei Trasporti,,1,https://www.immigrazione.biz/circolare.php?id=627,
immigrazione.biz,604,07-27-11,,Circolare,3101,Circolare n.3101 del 27 luglio 2011 CONI,,1,https://www.immigrazione.biz/circolare.php?id=604,
immigrazione.biz,566,07-26-11,Ministero dell'Interno,Circolare,21,Circolare n. 21 del 26 luglio 2011 Ministero dell'Interno,,1,https://www.immigrazione.biz/circolare.php?id=566,
permessidisoggiorno.info,701,07-26-11,Ministero dell'Interno,Circolare,21,Circolare n. 21 del 2011-07-26 — Ministero dell'Interno,,1,https://www.permessidisoggiorno.info/Normativa.aspx?nid=701,
immigrazione.biz,568,07-25-11,,Circolare,23,Circolare n. 23 del 25 luglio 2011 Ministero dellInterno,Oggetto: D.P.C.M. 30 novembre 2010 concernente la Programmazione transitoria dei flussi di ingresso dei lavoratori extracomunitari non stagionali nel territorio dello Stato per lanno 2010. Ulteriore attribuzione di quote conversioni permessi di soggiorno per studio/tirocinio/formazione e stagionale in lavoro subordinato (art. 4).,1,https://www.immigrazione.biz/circolare.php?id=568,
permessidisoggiorno.info,702,07-25-11,Ministero del Lavoro,Circolare,23,Circolare n. 23 del 2011-07-25 — Ministero del Lavoro,,1,https://www.permessidisoggiorno.info/Normativa.aspx?nid=702,
permessidisoggiorno.info,700,07-25-11,Corte Costituzionale,Sentenza,245,Sentenza n. 245 del 2011-07-25 — Corte Costituzionale,,0,https://www.permessidisoggiorno.info/Normativa.aspx?nid=700,
immigrazione.biz,565,07-22-11,,Circolare,98,Circolare n. 98 del 22 luglio 2011 Istituto Nazionale della Previdenza Sociale,,1,https://www.immigrazione.biz/circolare.php?id=565,
immigrazione.biz,643,07-21-11,Ministero dell'Interno,Circolare,5798,Circolare n. 5798 del 21 luglio 2011 Ministero dell'Interno,,1,https://www.immigrazione.biz/circolare.php?id=643,
immigrazione.biz,564,07-20-11,Agenzia delle Entrate,Circolare,34/E,Circolare n. 34/E del 20 luglio 2011 Agenzia delle entrate,,1,https://www.immigrazione.biz/circolare.php?id=564,
immigrazione.biz,567,07-15-11,Ministero dell'Interno,Circolare,20,Circolare n. 20 del 15 luglio 2011 Ministero dell'Interno,,1,https://www.immigrazione.biz/circolare.php?id=567,
permessidisoggiorno.info,698,07-15-11,Ministero dell'Interno,Circolare,20,Circolare n. 20 del 2011-07-15 — Ministero dell'Interno,,1,https://www.permessidisoggiorno.info/Normativa.aspx?nid=698,
immigrazione.biz,562,07-12-11,Ministero dell'Interno,Circolare,18,Circolare n. 18 del 12 luglio 2011 Ministero dell'Interno,,1,https://www.immigrazione.biz/circolare.php?id=562,
immigrazione.biz,563,07-04-11,,Nota,411,Nota n. 411 del 4 luglio 2011 Procura della Repubblica di Caltagirone,,1,https://www.immigrazione.biz/circolare.php?id=563,
immigrazione.biz,559,07-04-11,Ministero dell'Interno,Circolare,17,Circolare n. 17 del 4 luglio 2011 Ministero dell'Interno,,1,https://www.immigrazione.biz/circolare.php?id=559,
immigrazione.biz,560,06-29-11,,Circolare,5188,Circolare n. 5188 del 29 giugno 2011 Ministero dellInterno,,1,https://www.immigrazione.biz/circolare.php?id=560,
permessidisoggiorno.info,699,06-29-11,Ministero dell'Interno,Circolare,5188,Circolare n. 5188 del 2011-06-29 — Ministero dell'Interno,,1,https://www.permessidisoggiorno.info/Normativa.aspx?nid=699,
immigrazione.biz,558,06-27-11,Ministero del Lavoro,Circolare,,Interpello n. 28 del 27 giugno 2011 Ministero del Lavoro e delle Politiche Sociali,,1,https://www.immigrazione.biz/circolare.php?id=558,
immigrazione.biz,557,06-23-11,Ministero dell'Interno,Circolare,17102,Circolare n. 17102 del 23 giugno 2011 Ministero dell'Interno,,1,https://www.immigrazione.biz/circolare.php?id=557,
permessidisoggiorno.info,697,06-23-11,Ministero dell'Interno,Circolare,17102/124,Circolare n. 17102/124 del 2011-06-23 — Ministero dell'Interno,,1,https://www.permessidisoggiorno.info/Normativa.aspx?nid=697,
permessidisoggiorno.info,696,06-23-11,Governo,Decreto Legge,89,Decreto Legge n. 89 del 2011-06-23 — Governo,,0,https://www.permessidisoggiorno.info/Normativa.aspx?nid=696,
immigrazione.biz,555,06-13-11,,Circolare,83,Circolare n. 83 del 13 giugno 2011 Istituto Nazionale della Previdenza Sociale,,1,https://www.immigrazione.biz/circolare.php?id=555,
permessidisoggiorno.info,695,06-13-11,INPS,Circolare,83,Circolare n. 83 del 2011-06-13 — INPS,,1,https://www.permessidisoggiorno.info/Normativa.aspx?nid=695,
permessidisoggiorno.info,693,06-13-11,TAR_Lazio,Sentenza,12148,Sentenza n. 12148 del 2011-06-13 — TAR_Lazio,,0,https://www.permessidisoggiorno.info/Normativa.aspx?nid=693,
immigrazione.biz,657,05-31-11,Ministero dell'Interno,Circolare,557,Circolare n. 557 del 31 maggio 2011 Ministero dell'Interno,,1,https://www.immigrazione.biz/circolare.php?id=657,
permessidisoggiorno.info,692,05-31-11,Tribunale,Sentenza,1684,Sentenza n. 1684 del 2011-05-31 — Tribunale,,0,https://www.permessidisoggiorno.info/Normativa.aspx?nid=692,
permessidisoggiorno.info,691,05-30-11,Consiglio di Stato,Sentenza,3246,Sentenza n. 3246 del 2011-05-30 — Consiglio di Stato,,0,https://www.permessidisoggiorno.info/Normativa.aspx?nid=691,
immigrazione.biz,550,05-26-11,,Circolare,15,Circolare n. 15 del 26 maggio 2011 Ministero dellInterno,,1,https://www.immigrazione.biz/circolare.php?id=550,
immigrazione.biz,549,05-26-11,,Circolare,4027,Circolare n. 4027 del 26 maggio 2011 Ministero dellInterno,,1,https://www.immigrazione.biz/circolare.php?id=549,
immigrazione.biz,548,05-24-11,Ministero dell'Interno,Circolare,3958,Circolare n. 3958 del 24 maggio 2011 Ministero dell'Interno,,1,https://www.immigrazione.biz/circolare.php?id=548,
permessidisoggiorno.info,690,05-24-11,Ministero dell'Interno,Circolare,3958,Circolare n. 3958 del 2011-05-24 — Ministero dell'Interno,,1,https://www.permessidisoggiorno.info/Normativa.aspx?nid=690,
permessidisoggiorno.info,688,05-24-11,Ministero dell'Interno,Circolare,4147,Circolare n. 4147 del 2011-05-24 — Ministero dell'Interno,,1,https://www.permessidisoggiorno.info/Normativa.aspx?nid=688,
immigrazione.biz,554,05-18-11,Ministero dell'Interno,Circolare,14,Circolare n. 14 del 18 maggio 2011 Ministero dell'Interno,,1,https://www.immigrazione.biz/circolare.php?id=554,
immigrazione.biz,556,05-17-11,Ministero dell'Interno,Circolare,6415,Circolare n. 6415 del 17 maggio 2011 Ministero dell'Interno,,1,https://www.immigrazione.biz/circolare.php?id=556,
immigrazione.biz,547,05-17-11,,Circolare,,Circolare del 17 maggio 2011 Dipartimento della Protezione civile,,1,https://www.immigrazione.biz/circolare.php?id=547,
permessidisoggiorno.info,694,05-17-11,Ministero dell'Interno,Circolare,K.60.1,Circolare n. K.60.1 del 2011-05-17 — Ministero dell'Interno,,1,https://www.permessidisoggiorno.info/Normativa.aspx?nid=694,
permessidisoggiorno.info,686,05-17-11,Ministero dell'Interno,Circolare,4001,Circolare n. 4001 del 2011-05-17 — Ministero dell'Interno,,1,https://www.permessidisoggiorno.info/Normativa.aspx?nid=686,
permessidisoggiorno.info,685,05-17-11,Ministero dell'Interno,Circolare,4001,Circolare n. 4001 del 2011-05-17 — Ministero dell'Interno,,1,https://www.permessidisoggiorno.info/Normativa.aspx?nid=685,
immigrazione.biz,546,05-13-11,Ministero dell'Interno,Circolare,3666,Circolare n. 3666 del 13 maggio 2011 Ministero dell'Interno,,1,https://www.immigrazione.biz/circolare.php?id=546,
permessidisoggiorno.info,689,05-13-11,TAR Lombardia,Sentenza,1240,Sentenza n. 1240 del 2011-05-13 — TAR Lombardia,,0,https://www.permessidisoggiorno.info/Normativa.aspx?nid=689,
permessidisoggiorno.info,684,05-13-11,Ministero dell'Interno,Circolare,3666,Circolare n. 3666 del 2011-05-13 — Ministero dell'Interno,,1,https://www.permessidisoggiorno.info/Normativa.aspx?nid=684,
immigrazione.biz,553,05-11-11,Ministero delle Infrastrutture,Circolare,11866,Circolare n. 11866 del 11 maggio 2011 Ministero delle Infrastrutture,,1,https://www.immigrazione.biz/circolare.php?id=553,
permessidisoggiorno.info,683,05-04-11,T.A.R. Puglia,Sentenza,798,Sentenza n. 798 del 2011-05-04 — T.A.R. Puglia,,0,https://www.permessidisoggiorno.info/Normativa.aspx?nid=683,
permessidisoggiorno.info,682,05-03-11,Giudice di Pace,Sentenza,,Sentenza del 2011-05-03 — Giudice di Pace,,0,https://www.permessidisoggiorno.info/Normativa.aspx?nid=682,
immigrazione.biz,544,04-28-11,Ministero dell'Interno,Circolare,3416,Circolare n. 3416 del 28 aprile 2011 Ministero dell'Interno,,1,https://www.immigrazione.biz/circolare.php?id=544,
immigrazione.biz,542,04-28-11,,Circolare,3414,Circolare n. 3414 del 28 aprile 2011 Ministero dellInterno,,1,https://www.immigrazione.biz/circolare.php?id=542,
permessidisoggiorno.info,681,04-28-11,Corte di Giustizia UE,Sentenza,G -61/11/PPU,Sentenza n. G -61/11/PPU del 2011-04-28 — Corte di Giustizia UE,,0,https://www.permessidisoggiorno.info/Normativa.aspx?nid=681,
immigrazione.biz,610,04-21-11,,Circolare,13,Circolare n. 13 del 21 aprile 2011 Ministero dellInterno,,1,https://www.immigrazione.biz/circolare.php?id=610,
immigrazione.biz,543,04-21-11,Ministero dell'Interno,Circolare,3078,Circolare n. 3078 del 21 aprile 2011 Ministero dell'Interno,,1,https://www.immigrazione.biz/circolare.php?id=543,
immigrazione.biz,541,04-21-11,Ministero dell'Interno,Circolare,3080,Circolare n. 3080 del 21 aprile 2011 Ministero dell'Interno,,1,https://www.immigrazione.biz/circolare.php?id=541,
immigrazione.biz,540,04-20-11,Ministero dell'Istruzione,Circolare,2787,"Circolare n. 2787 del 20 aprile 2011 Ministero dell'Istruzione, dell'Università e della Ricerca",,1,https://www.immigrazione.biz/circolare.php?id=540,
immigrazione.biz,538,04-20-11,INPS,Circolare,69,Circolare n. 69 del 20 aprile 2011 INPS Istituto Nazionale della Previdenza Sociale,,1,https://www.immigrazione.biz/circolare.php?id=538,
permessidisoggiorno.info,680,04-20-11,Ministero dell'Università e della Ricerca,Circolare,2787,Circolare n. 2787 del 2011-04-20 — Ministero dell'Università e della Ricerca,,1,https://www.permessidisoggiorno.info/Normativa.aspx?nid=680,
permessidisoggiorno.info,679,04-20-11,TAR_Lazio,Sentenza,9,Sentenza n. 9 del 2011-04-20 — TAR_Lazio,,0,https://www.permessidisoggiorno.info/Normativa.aspx?nid=679,
permessidisoggiorno.info,677,04-20-11,TAR_Lazio,Sentenza,11956,Sentenza n. 11956 del 2011-04-20 — TAR_Lazio,,0,https://www.permessidisoggiorno.info/Normativa.aspx?nid=677,
permessidisoggiorno.info,678,04-19-11,TAR_Lazio,Sentenza,11877,Sentenza n. 11877 del 2011-04-19 — TAR_Lazio,,0,https://www.permessidisoggiorno.info/Normativa.aspx?nid=678,
immigrazione.biz,628,04-15-11,,Circolare,300/A/3624/11/111/84/2/18,Circolare n. 300/A/3624/11/111/84/2/18 del 15 aprile 2011 Ministero Interno,,1,https://www.immigrazione.biz/circolare.php?id=628,
immigrazione.biz,551,04-14-11,INPS,Circolare,67,Circolare n. 67 del 14 aprile 2011 INPS Istituto Nazionale della Previdenza Sociale,,1,https://www.immigrazione.biz/circolare.php?id=551,
permessidisoggiorno.info,676,04-13-11,Governo,Ordinanza,3933,Ordinanza n. 3933 del 2011-04-13 — Governo,,0,https://www.permessidisoggiorno.info/Normativa.aspx?nid=676,
permessidisoggiorno.info,673,04-13-11,TAR_Lazio,Sentenza,1462,Sentenza n. 1462 del 2011-04-13 — TAR_Lazio,,0,https://www.permessidisoggiorno.info/Normativa.aspx?nid=673,
immigrazione.biz,533,04-12-11,Ministero dell'Interno,Circolare,12,Circolare n. 12 del 12 aprile 2011Ministero dell'Interno,,1,https://www.immigrazione.biz/circolare.php?id=533,
permessidisoggiorno.info,672,04-12-11,Governo,Piano,,Piano del 2011-04-12 — Governo,,0,https://www.permessidisoggiorno.info/Normativa.aspx?nid=672,
permessidisoggiorno.info,670,04-12-11,TAR_Lazio,Sentenza,1339,Sentenza n. 1339 del 2011-04-12 — TAR_Lazio,,0,https://www.permessidisoggiorno.info/Normativa.aspx?nid=670,
permessidisoggiorno.info,668,04-12-11,Ministero dell'Interno,Circolare,12,Circolare n. 12 del 2011-04-12 — Ministero dell'Interno,,1,https://www.permessidisoggiorno.info/Normativa.aspx?nid=668,
permessidisoggiorno.info,669,04-11-11,Governo,Decreto Presidente del Consiglio dei Ministri,83,Decreto Presidente del Consiglio dei Ministri n. 83 del 2011-04-11 — Governo,,0,https://www.permessidisoggiorno.info/Normativa.aspx?nid=669,
immigrazione.biz,535,04-08-11,,Circolare,2966,Circolare n. 2966 del 8 aprile 2011 Ministero dellInterno,,1,https://www.immigrazione.biz/circolare.php?id=535,
immigrazione.biz,534,04-08-11,Ministero dell'Interno,Circolare,2990,Circolare n. 2990 del 8 aprile 2011 Ministero dell'Interno,,1,https://www.immigrazione.biz/circolare.php?id=534,
permessidisoggiorno.info,667,04-08-11,Ministero dell'Interno,Circolare,2990,Circolare n. 2990 del 2011-04-08 — Ministero dell'Interno,,1,https://www.permessidisoggiorno.info/Normativa.aspx?nid=667,
immigrazione.biz,537,04-07-11,Ministero del Lavoro,Circolare,2622,Circolare n. 2622 del 7 aprile 2011 Ministero del Lavoro e delle Politiche Sociali,,1,https://www.immigrazione.biz/circolare.php?id=537,
permessidisoggiorno.info,674,04-07-11,Ministero del Lavoro,Circolare,1222,Circolare n. 1222 del 2011-04-07 — Ministero del Lavoro,,1,https://www.permessidisoggiorno.info/Normativa.aspx?nid=674,
immigrazione.biz,536,04-05-11,,Circolare,2503,Circolare n. 2503 del 5 aprile 2011 Ministero dellInterno,,1,https://www.immigrazione.biz/circolare.php?id=536,
immigrazione.biz,531,04-05-11,Ministero dell'Interno,Circolare,2495,Circolare n. 2495 del 5 aprile 2011 Ministero dell'Interno,,1,https://www.immigrazione.biz/circolare.php?id=531,
permessidisoggiorno.info,665,04-05-11,Governo,Decreto Presidente del Consiglio dei Ministri,,Decreto Presidente del Consiglio dei Ministri del 2011-04-05 — Governo,,0,https://www.permessidisoggiorno.info/Normativa.aspx?nid=665,
permessidisoggiorno.info,664,04-05-11,Ministero dell'Interno,Circolare,2495,Circolare n. 2495 del 2011-04-05 — Ministero dell'Interno,,1,https://www.permessidisoggiorno.info/Normativa.aspx?nid=664,
permessidisoggiorno.info,671,04-04-11,Tribunale,Ordinanza,4423,Ordinanza n. 4423 del 2011-04-04 — Tribunale,,0,https://www.permessidisoggiorno.info/Normativa.aspx?nid=671,
permessidisoggiorno.info,666,04-04-11,Corte Costituzionale,Sentenza,115,Sentenza n. 115 del 2011-04-04 — Corte Costituzionale,,0,https://www.permessidisoggiorno.info/Normativa.aspx?nid=666,
immigrazione.biz,552,04-01-11,,Circolare,1305,Circolare n. 1305 del 1 aprile 2011 Ministero dellInterno,,1,https://www.immigrazione.biz/circolare.php?id=552,
permessidisoggiorno.info,687,03-31-11,Ministero dell'Interno,Circolare,2692,Circolare n. 2692 del 2011-03-31 — Ministero dell'Interno,,1,https://www.permessidisoggiorno.info/Normativa.aspx?nid=687,
immigrazione.biz,529,03-28-11,INPS,Circolare,56,Circolare n. 56 del 28 marzo 2011 INPS Istituto Nazionale della Previdenza Sociale,,1,https://www.immigrazione.biz/circolare.php?id=529,
immigrazione.biz,525,03-21-11,Ministero del Lavoro,Circolare,984,Circolare n. 984 del 21 marzo 2011 Ministero del Lavoro e delle Politiche Sociali,,1,https://www.immigrazione.biz/circolare.php?id=525,
immigrazione.biz,528,03-16-11,,Messaggio,3,Messaggio n. 3 del 16 marzo 2011 Ente Nazionale di previdenza e di Assistenza per i Lavoratori dello Spettacolo,,1,https://www.immigrazione.biz/circolare.php?id=528,
immigrazione.biz,523,03-15-11,INPS,Circolare,51,Circolare n. 51 del 15 marzo 2011 INPS Istituto Nazionale della Previdenza Sociale,,1,https://www.immigrazione.biz/circolare.php?id=523,
immigrazione.biz,519,03-11-11,INPS,Circolare,49,Circolare n. 49 del 11 marzo 2011 INPS Istituto Nazionale Previdenza Sociale,,1,https://www.immigrazione.biz/circolare.php?id=519,
permessidisoggiorno.info,675,03-11-11,TAR_Lazio,Sentenza,2226,Sentenza n. 2226 del 2011-03-11 — TAR_Lazio,,0,https://www.permessidisoggiorno.info/Normativa.aspx?nid=675,
permessidisoggiorno.info,663,03-11-11,INPS,Circolare,49,Circolare n. 49 del 2011-03-11 — INPS,,1,https://www.permessidisoggiorno.info/Normativa.aspx?nid=663,
permessidisoggiorno.info,662,03-10-11,Ministero dell'Interno,Circolare,9,Circolare n. 9 del 2011-03-10 — Ministero dell'Interno,,1,https://www.permessidisoggiorno.info/Normativa.aspx?nid=662,
immigrazione.biz,521,03-09-11,,Circolare,2033,Circolare n. 2033 del 9 marzo 2011 Ministero dellInterno,,1,https://www.immigrazione.biz/circolare.php?id=521,
permessidisoggiorno.info,659,03-09-11,Consiglio di Stato,Sentenza,1078,Sentenza n. 1078 del 2011-03-09 — Consiglio di Stato,,0,https://www.permessidisoggiorno.info/Normativa.aspx?nid=659,
immigrazione.biz,530,03-03-11,,Circolare,1994,Circolare n. 1994 del 3 marzo 2011 Ministero dellInterno,,1,https://www.immigrazione.biz/circolare.php?id=530,
immigrazione.biz,522,03-03-11,Ministero dell'Interno,Circolare,1780,Circolare n. 1780 del 3 marzo 2011 Ministero dell'Interno,,1,https://www.immigrazione.biz/circolare.php?id=522,
permessidisoggiorno.info,656,03-03-11,Ministero dell'Interno,Circolare,1780,Circolare n. 1780 del 2011-03-03 — Ministero dell'Interno,,1,https://www.permessidisoggiorno.info/Normativa.aspx?nid=656,
immigrazione.biz,517,03-01-11,,Circolare,1717,Circolare n. 1717 del 1 marzo 2011 Ministero dellInterno,,1,https://www.immigrazione.biz/circolare.php?id=517,
permessidisoggiorno.info,660,03-01-11,TAR_Lazio,Sentenza,1873,Sentenza n. 1873 del 2011-03-01 — TAR_Lazio,,0,https://www.permessidisoggiorno.info/Normativa.aspx?nid=660,
immigrazione.biz,516,02-28-11,,Circolare,1712,Circolare n. 1712 del 28 febbraio 2011 Ministero dellInterno,,1,https://www.immigrazione.biz/circolare.php?id=516,
immigrazione.biz,514,02-28-11,Ministero dell'Interno,Circolare,691,Circolare n. 691 del 28 febbraio 2011 Ministero dell'Interno,,1,https://www.immigrazione.biz/circolare.php?id=514,
immigrazione.biz,511,02-25-11,Ministero dell'Interno,Circolare,1602,Circolare n. 1602 del 25 febbraio 2011 Ministero dell'Interno  Ministero del Lavoro e delle Politiche Sociali,,1,https://www.immigrazione.biz/circolare.php?id=511,
permessidisoggiorno.info,655,02-25-11,Ministero dell'Interno,Circolare,1602,Circolare n. 1602 del 2011-02-25 — Ministero dell'Interno,,1,https://www.permessidisoggiorno.info/Normativa.aspx?nid=655,
permessidisoggiorno.info,661,02-24-11,Tribunale,Sentenza,30,Sentenza n. 30 del 2011-02-24 — Tribunale,,0,https://www.permessidisoggiorno.info/Normativa.aspx?nid=661,
immigrazione.biz,513,02-22-11,Ministero dell'Interno,Circolare,1477,Circolare n. 1477 del 22 febbraio 2011 Ministero dell'Interno,,1,https://www.immigrazione.biz/circolare.php?id=513,
permessidisoggiorno.info,654,02-22-11,Ministero dell'Interno,Circolare,1477,Circolare n. 1477 del 2011-02-22 — Ministero dell'Interno,,1,https://www.permessidisoggiorno.info/Normativa.aspx?nid=654,
immigrazione.biz,510,02-21-11,Ministero del Lavoro,Circolare,23,Circolare n. 23 del 21 febbraio 2011 Ministero del Lavoro e delle Politiche Sociali,,1,https://www.immigrazione.biz/circolare.php?id=510,
permessidisoggiorno.info,653,02-20-11,Ministero dell'Interno,Circolare,1220,Circolare n. 1220 del 2011-02-20 — Ministero dell'Interno,,1,https://www.permessidisoggiorno.info/Normativa.aspx?nid=653,
immigrazione.biz,508,02-16-11,Ministero dell'Interno,Circolare,1220,Circolare n. 1220 del 16 febbraio 2011 Ministero dell'Interno,,1,https://www.immigrazione.biz/circolare.php?id=508,
permessidisoggiorno.info,658,02-15-11,Tribunale,Sentenza,698,Sentenza n. 698 del 2011-02-15 — Tribunale,,0,https://www.permessidisoggiorno.info/Normativa.aspx?nid=658,
immigrazione.biz,512,02-14-11,Ministero del Lavoro,Circolare,1044,Circolare n. 1044 del 14 febbraio 2011 Ministero del Lavoro e delle Politiche Sociali,,1,https://www.immigrazione.biz/circolare.php?id=512,
permessidisoggiorno.info,652,02-14-11,TAR_Lazio,Sentenza,9496,Sentenza n. 9496 del 2011-02-14 — TAR_Lazio,,0,https://www.permessidisoggiorno.info/Normativa.aspx?nid=652,
immigrazione.biz,509,02-11-11,Ministero del Lavoro,Circolare,549,Circolare n. 549 del 11 febbraio 2011 Ministero del Lavoro e delle Politiche Sociali,,1,https://www.immigrazione.biz/circolare.php?id=509,
immigrazione.biz,518,02-09-11,,Circolare,49,Circolare n. 49 del 9 febbraio 2011 Poste Italiane,,1,https://www.immigrazione.biz/circolare.php?id=518,
permessidisoggiorno.info,657,02-09-11,Poste Italiane Spa,Circolare,49,Circolare n. 49 del 2011-02-09 — Poste Italiane Spa,,1,https://www.permessidisoggiorno.info/Normativa.aspx?nid=657,
permessidisoggiorno.info,651,02-09-11,Ministero dell'Interno,Circolare,1019,Circolare n. 1019 del 2011-02-09 — Ministero dell'Interno,,1,https://www.permessidisoggiorno.info/Normativa.aspx?nid=651,
immigrazione.biz,506,02-08-11,Ministero del Lavoro,Circolare,469,Circolare n. 469 del 8 febbraio 2011 Ministero del Lavoro e delle Politiche Sociali,,1,https://www.immigrazione.biz/circolare.php?id=506,
immigrazione.biz,507,02-04-11,Ministero dell'Interno,Circolare,863,Circolare n. 863 del 4 febbraio 2011 Ministero dell'Interno,,1,https://www.immigrazione.biz/circolare.php?id=507,
immigrazione.biz,505,02-03-11,Ministero del Lavoro,Circolare,387,Circolare n. 387 del 3 febbraio 2011 Ministero del Lavoro e delle Politiche Sociali,,1,https://www.immigrazione.biz/circolare.php?id=505,
immigrazione.biz,504,02-01-11,Ministero del Lavoro,Circolare,377,Circolare n. 377 del 1 febbraio 2011 Ministero del Lavoro e delle Politiche Sociali,,1,https://www.immigrazione.biz/circolare.php?id=504,
permessidisoggiorno.info,649,01-31-11,Ministero dell'Interno,Circolare,707,Circolare n. 707 del 2011-01-31 — Ministero dell'Interno,,1,https://www.permessidisoggiorno.info/Normativa.aspx?nid=649,
immigrazione.biz,515,01-28-11,,Circolare,692,Circolare n. 692 del 28 gennaio 2011 Ministero dell'Intero,,1,https://www.immigrazione.biz/circolare.php?id=515,
immigrazione.biz,520,01-26-11,,Circolare,552,Circolare n. 552 del 26 gennaio 2011 Ministero dellInterno,,1,https://www.immigrazione.biz/circolare.php?id=520,
permessidisoggiorno.info,650,01-26-11,T.A.R. Sicilia,Sentenza,147,Sentenza n. 147 del 2011-01-26 — T.A.R. Sicilia,,0,https://www.permessidisoggiorno.info/Normativa.aspx?nid=650,
immigrazione.biz,489,01-24-11,,Circolare,1218,Circolare n. 1218 del 24 gennaio 2011 Ministero dellInterno,,1,https://www.immigrazione.biz/circolare.php?id=489,
permessidisoggiorno.info,648,01-21-11,TAR_Lazio,Sentenza,621,Sentenza n. 621 del 2011-01-21 — TAR_Lazio,,0,https://www.permessidisoggiorno.info/Normativa.aspx?nid=648,
immigrazione.biz,527,01-19-11,Ministero del Lavoro,Circolare,13,Circolare n. 13 del 19 gennaio 2011 Ministero del Lavoro e delle Politiche Sociali,,1,https://www.immigrazione.biz/circolare.php?id=527,
immigrazione.biz,492,01-19-11,Ministero del Lavoro,Circolare,143,Circolare n. 143 del 19 gennaio 2011 Ministero del Lavoro e delle Politiche Sociali,,1,https://www.immigrazione.biz/circolare.php?id=492,
immigrazione.biz,488,01-17-11,,Circolare,270,Circolare n. 270 del 17 gennaio 2011 Ministero dellInterno,,1,https://www.immigrazione.biz/circolare.php?id=488,
immigrazione.biz,486,01-17-11,Ministero dell'Interno,Circolare,2,Circolare n. 2 del 17 gennaio 2011 Ministero dell'Interno,,1,https://www.immigrazione.biz/circolare.php?id=486,
permessidisoggiorno.info,647,01-17-11,Consiglio di Stato,Sentenza,256,Sentenza n. 256 del 2011-01-17 — Consiglio di Stato,,0,https://www.permessidisoggiorno.info/Normativa.aspx?nid=647,
permessidisoggiorno.info,646,01-17-11,Ministero dell'Interno,Circolare,2,Circolare n. 2 del 2011-01-17 — Ministero dell'Interno,,1,https://www.permessidisoggiorno.info/Normativa.aspx?nid=646,
immigrazione.biz,532,01-13-11,Ministero della Salute,Circolare,1192,Circolare n.1192 del 13 gennaio 2011 Ministero della Salute,,1,https://www.immigrazione.biz/circolare.php?id=532,
immigrazione.biz,490,01-12-11,INPS,Circolare,2,Circolare n. 2 del 12 gennaio 2011 INPS Istituto Nazionale Previdenza Sociale,,1,https://www.immigrazione.biz/circolare.php?id=490,
immigrazione.biz,491,01-11-11,Ministero delle Infrastrutture,Circolare,271,Circolare n. 271 del 11 gennaio 2011 Ministero delle Infrastrutture e dei Trasporti,,1,https://www.immigrazione.biz/circolare.php?id=491,
immigrazione.biz,484,01-10-11,INPS,Circolare,1,Circolare n. 1 del 10 gennaio 2011 INPS Istituto Nazionale della Previdenza Sociale,,1,https://www.immigrazione.biz/circolare.php?id=484,
immigrazione.biz,611,01-05-11,Ministero dell'Interno,Circolare,1,Circolare n. 1 del 5 gennaio 2011 Ministero dell'Interno,,1,https://www.immigrazione.biz/circolare.php?id=611,
immigrazione.biz,482,01-03-11,Ministero del Lavoro,Circolare,18,Circolare n. 18 del 3 gennaio 2011 Ministero Interno - Ministero del Lavoro,,1,https://www.immigrazione.biz/circolare.php?id=482,
permessidisoggiorno.info,645,01-03-11,Ministero dell'Interno,Circolare,8,Circolare n. 8 del 2011-01-03 — Ministero dell'Interno,,1,https://www.permessidisoggiorno.info/Normativa.aspx?nid=645,
permessidisoggiorno.info,642,12-31-10,Governo,Decreto Presidente del Consiglio dei Ministri,305,Decreto Presidente del Consiglio dei Ministri n. 305 del 2010-12-31 — Governo,,0,https://www.permessidisoggiorno.info/Normativa.aspx?nid=642,
immigrazione.biz,539,12-30-10,,Circolare,101,"Circolare n. 101 del 30 dicembre 2010 Ministero dellIstruzione, dellUniversità e della Ricerca",,1,https://www.immigrazione.biz/circolare.php?id=539,
immigrazione.biz,487,12-30-10,INPS,Circolare,167,Circolare n. 167 del 30 dicembre 2010 INPS Istituto Nazionale Previdenza Sociale,,1,https://www.immigrazione.biz/circolare.php?id=487,
immigrazione.biz,485,12-28-10,Ministero dell'Istruzione,Circolare,11255,Circolare n. 11255 del 28 dicembre 2010 Ministero dell'Istruzione dell'Università e della Ricerca,,1,https://www.immigrazione.biz/circolare.php?id=485,
immigrazione.biz,481,12-28-10,,Circolare,9033,Circolare n. 9033 del 28 dicembre 2010 Ministero dellInterno,,1,https://www.immigrazione.biz/circolare.php?id=481,
permessidisoggiorno.info,643,12-28-10,T.A.R. Puglia,Sentenza,4346,Sentenza n. 4346 del 2010-12-28 — T.A.R. Puglia,,0,https://www.permessidisoggiorno.info/Normativa.aspx?nid=643,
immigrazione.biz,561,12-23-10,Ministero dell'Interno,Circolare,18498,Circolare n. 18498 del 23 dicembre 2010 Ministero dell'Interno,,1,https://www.immigrazione.biz/circolare.php?id=561,
permessidisoggiorno.info,640,12-21-10,TAR_Lazio,Sentenza,37926,Sentenza n. 37926 del 2010-12-21 — TAR_Lazio,,0,https://www.permessidisoggiorno.info/Normativa.aspx?nid=640,
immigrazione.biz,483,12-17-10,,Circolare,8802,Circolare n. 8802 del 17 dicembre 2010 Ministero dellInterno,,1,https://www.immigrazione.biz/circolare.php?id=483,
permessidisoggiorno.info,644,12-17-10,Corte Costituzionale,Sentenza,359,Sentenza n. 359 del 2010-12-17 — Corte Costituzionale,,0,https://www.permessidisoggiorno.info/Normativa.aspx?nid=644,
permessidisoggiorno.info,641,12-13-10,TAR Lombardia,Sentenza,7528,Sentenza n. 7528 del 2010-12-13 — TAR Lombardia,,0,https://www.permessidisoggiorno.info/Normativa.aspx?nid=641,
permessidisoggiorno.info,639,12-13-10,Ministero dell'Interno,Circolare,35,Circolare n. 35 del 2010-12-13 — Ministero dell'Interno,,1,https://www.permessidisoggiorno.info/Normativa.aspx?nid=639,
immigrazione.biz,480,11-25-10,Ministero del Lavoro,Circolare,3428,Circolare n. 3428 del 25 novembre 2010 Ministero del Lavoro e delle Politiche Sociali,,1,https://www.immigrazione.biz/circolare.php?id=480,
permessidisoggiorno.info,637,11-24-10,TAR_Lazio,Sentenza,33908,Sentenza n. 33908 del 2010-11-24 — TAR_Lazio,,0,https://www.permessidisoggiorno.info/Normativa.aspx?nid=637,
immigrazione.biz,478,11-16-10,,Circolare,7589,Circolare n. 7589 del 16 novembre 2010 Ministero dellInterno,,1,https://www.immigrazione.biz/circolare.php?id=478,
permessidisoggiorno.info,636,11-16-10,Ministero dell'Interno,Circolare,7589,Circolare n. 7589 del 2010-11-16 — Ministero dell'Interno,,1,https://www.permessidisoggiorno.info/Normativa.aspx?nid=636,
immigrazione.biz,789,11-12-10,Ministero del Lavoro,Circolare,38,Circolare n. 38 del 12 novembre 2010 Ministero del Lavoro e delle Politiche Sociali,,1,https://www.immigrazione.biz/circolare.php?id=789,
immigrazione.biz,479,11-12-10,Ministero del Lavoro,Circolare,38,Circolare n. 38 del 12 novembre 2010 Ministero del Lavoro e delle Politiche Sociali,,1,https://www.immigrazione.biz/circolare.php?id=479,
immigrazione.biz,477,11-10-10,,Circolare,7645,Circolare n. 7645 del 10 novembre 2010 Ministero dellInterno,,1,https://www.immigrazione.biz/circolare.php?id=477,
permessidisoggiorno.info,634,11-10-10,Ministero dell'Interno,Circolare,7645,Circolare n. 7645 del 2010-11-10 — Ministero dell'Interno,,1,https://www.permessidisoggiorno.info/Normativa.aspx?nid=634,
permessidisoggiorno.info,633,11-08-10,TAR_Lazio,Sentenza,33280,Sentenza n. 33280 del 2010-11-08 — TAR_Lazio,,0,https://www.permessidisoggiorno.info/Normativa.aspx?nid=633,
permessidisoggiorno.info,630,11-05-10,Ministero dell'Interno,Circolare,31,Circolare n. 31 del 2010-11-05 — Ministero dell'Interno,,1,https://www.permessidisoggiorno.info/Normativa.aspx?nid=630,
permessidisoggiorno.info,632,11-03-10,TAR_Lazio,Sentenza,33120,Sentenza n. 33120 del 2010-11-03 — TAR_Lazio,,0,https://www.permessidisoggiorno.info/Normativa.aspx?nid=632,
permessidisoggiorno.info,631,10-30-10,Giudice di Pace,Sentenza,2850,Sentenza n. 2850 del 2010-10-30 — Giudice di Pace,,0,https://www.permessidisoggiorno.info/Normativa.aspx?nid=631,
permessidisoggiorno.info,628,10-29-10,Corte di Cassazione,Sentenza,22230,Sentenza n. 22230 del 2010-10-29 — Corte di Cassazione,,0,https://www.permessidisoggiorno.info/Normativa.aspx?nid=628,
immigrazione.biz,475,10-28-10,INPS,Circolare,136,Circolare n. 136 del 28 ottobre 2010 INPS Istituto Nazionale Previdenza Sociale,,1,https://www.immigrazione.biz/circolare.php?id=475,
immigrazione.biz,524,10-20-10,INPS,Circolare,132,Circolare n. 132 del 20 ottobre 2010 INPS Istituto Nazionale della Previdenza Sociale,,1,https://www.immigrazione.biz/circolare.php?id=524,
immigrazione.biz,472,10-19-10,Ministero dell'Interno,Circolare,6916,Circolare n. 6916 del 19 ottobre 2010 Ministero dell'Interno,,1,https://www.immigrazione.biz/circolare.php?id=472,
permessidisoggiorno.info,627,10-19-10,Agenzia delle Entrate,Circolare,6916,Circolare n. 6916 del 2010-10-19 — Agenzia delle Entrate,,1,https://www.permessidisoggiorno.info/Normativa.aspx?nid=627,
immigrazione.biz,473,10-18-10,Ministero dell'Interno,Circolare,6876,Circolare n. 6876 del 18 ottobre 2010 Ministero dell'Interno,,1,https://www.immigrazione.biz/circolare.php?id=473,
permessidisoggiorno.info,626,10-18-10,Ministero dell'Interno,Circolare,6876,Circolare n. 6876 del 2010-10-18 — Ministero dell'Interno,,1,https://www.permessidisoggiorno.info/Normativa.aspx?nid=626,
permessidisoggiorno.info,625,10-15-10,Tribunale,Ordinanza,,Ordinanza del 2010-10-15 — Tribunale,,0,https://www.permessidisoggiorno.info/Normativa.aspx?nid=625,
permessidisoggiorno.info,624,10-12-10,Corte di Cassazione,Sentenza,21060,Sentenza n. 21060 del 2010-10-12 — Corte di Cassazione,,0,https://www.permessidisoggiorno.info/Normativa.aspx?nid=624,
immigrazione.biz,474,10-08-10,Ministero dell'Interno,Circolare,30,Circolare n. 30 del 8 ottobre 2010 Ministero dell'Interno,,1,https://www.immigrazione.biz/circolare.php?id=474,
permessidisoggiorno.info,623,10-08-10,Ministero dell'Interno,Circolare,30,Circolare n. 30 del 2010-10-08 — Ministero dell'Interno,,1,https://www.permessidisoggiorno.info/Normativa.aspx?nid=623,
immigrazione.biz,471,10-07-10,,Circolare,11359,Circolare n. 11359 del 7 ottobre 2010 Ministero dellInterno,,1,https://www.immigrazione.biz/circolare.php?id=471,
permessidisoggiorno.info,622,10-07-10,Ministero dell'Interno,Circolare,29,Circolare n. 29 del 2010-10-07 — Ministero dell'Interno,Normativa Circolari Proposte_di_Riforma,1,https://www.permessidisoggiorno.info/Normativa.aspx?nid=622,
immigrazione.biz,470,10-05-10,,Circolare,6563,Circolare n. 6563 del 5 ottobre 2010 Ministero dellInterno,,1,https://www.immigrazione.biz/circolare.php?id=470,
immigrazione.biz,466,09-30-10,Ministero dell'Interno,Circolare,,Parere del 30 settembre 2010 Ministero dell'Interno - Rinnovo del permesso di soggiorno agli infermieri stranieri in provincia di Trieste,,1,https://www.immigrazione.biz/circolare.php?id=466,
immigrazione.biz,469,09-28-10,,Circolare,6367,Circolare n. 6367 del 28 settembre 2010 Ministero dellInterno,,1,https://www.immigrazione.biz/circolare.php?id=469,
immigrazione.biz,468,09-27-10,,Circolare,6337,Circolare n. 6337 del 27 settembre 2010 Ministero dellInterno,,1,https://www.immigrazione.biz/circolare.php?id=468,
permessidisoggiorno.info,621,09-24-10,TAR Lombardia,Sentenza,6463,Sentenza n. 6463 del 2010-09-24 — TAR Lombardia,,0,https://www.permessidisoggiorno.info/Normativa.aspx?nid=621,
permessidisoggiorno.info,620,09-23-10,Corte di Cassazione,Sentenza,34245,Sentenza n. 34245 del 2010-09-23 — Corte di Cassazione,,0,https://www.permessidisoggiorno.info/Normativa.aspx?nid=620,
permessidisoggiorno.info,617,09-23-10,Corte di Cassazione,Ordinanza,20134,Ordinanza n. 20134 del 2010-09-23 — Corte di Cassazione,,0,https://www.permessidisoggiorno.info/Normativa.aspx?nid=617,
immigrazione.biz,464,09-22-10,,Circolare,10488,Circolare n. 10488 del 22 settembre 2010 Ministero dellInterno Direzione Centrale per i Servizi Demografici,,1,https://www.immigrazione.biz/circolare.php?id=464,
permessidisoggiorno.info,616,09-22-10,Ministero dell'Interno,Circolare,27,Circolare n. 27 del 2010-09-22 — Ministero dell'Interno,,1,https://www.permessidisoggiorno.info/Normativa.aspx?nid=616,
permessidisoggiorno.info,619,09-21-10,TAR Lombardia,Sentenza,6353,Sentenza n. 6353 del 2010-09-21 — TAR Lombardia,,0,https://www.permessidisoggiorno.info/Normativa.aspx?nid=619,
immigrazione.biz,463,09-17-10,INPS,Circolare,124,Circolare n. 124 del 17 settembre 2010 INPS Istituto Nazionale Previdenza Sociale,,1,https://www.immigrazione.biz/circolare.php?id=463,
immigrazione.biz,467,09-16-10,,Circolare,6047,Circolare n. 6047 del 16 settembre 2010 Ministero dellInterno,,1,https://www.immigrazione.biz/circolare.php?id=467,
immigrazione.biz,465,09-15-10,,Circolare,6020,Circolare n. 6020 del 15 settembre 2010 Ministero dellInterno,,1,https://www.immigrazione.biz/circolare.php?id=465,
permessidisoggiorno.info,618,09-15-10,Ministero dell'Interno,Circolare,6020,Circolare n. 6020 del 2010-09-15 — Ministero dell'Interno,,1,https://www.permessidisoggiorno.info/Normativa.aspx?nid=618,
permessidisoggiorno.info,614,09-08-10,Ministero dell'Interno,Circolare,26,Circolare n. 26 del 2010-09-08 — Ministero dell'Interno,,1,https://www.permessidisoggiorno.info/Normativa.aspx?nid=614,
permessidisoggiorno.info,610,08-31-10,Ministero del Lavoro,Decreto Ministeriale,203,Decreto Ministeriale n. 203 del 2010-08-31 — Ministero del Lavoro,Normativa Decreto_Ministeriale,1,https://www.permessidisoggiorno.info/Normativa.aspx?nid=610,
immigrazione.biz,459,08-23-10,,Circolare,5493,Circolare n. 5493 del 23 agosto 2010 Ministero dellInterno,,1,https://www.immigrazione.biz/circolare.php?id=459,
immigrazione.biz,458,08-23-10,,Circolare,5500,Circolare n. 5500 del 23 agosto 2010 Ministero dellInterno,,1,https://www.immigrazione.biz/circolare.php?id=458,
permessidisoggiorno.info,612,08-23-10,Ministero dell'Interno,Circolare,400/A/2010/5.15.3,Circolare n. 400/A/2010/5.15.3 del 2010-08-23 — Ministero dell'Interno,,1,https://www.permessidisoggiorno.info/Normativa.aspx?nid=612,
immigrazione.biz,456,08-20-10,INPS,Messaggio,21567,Messaggio n. 21567 del 20 agosto 2010 INPS Istituto Nazionale Previdenza Sociale,,1,https://www.immigrazione.biz/circolare.php?id=456,
immigrazione.biz,453,08-04-10,Ministero dell'Interno,Circolare,8,Circolare n. 8 del 4 agosto 2010 Ministero dell'Interno Dipartimento per le Libertà Civili e l'Immigrazione,,1,https://www.immigrazione.biz/circolare.php?id=453,
immigrazione.biz,452,08-04-10,,Circolare,5137,Circolare n. 5137 del 4 agosto 2010 Ministero dellInterno,,1,https://www.immigrazione.biz/circolare.php?id=452,
immigrazione.biz,450,08-03-10,INPS,Circolare,105,Circolare n. 105 del 3 agosto 2010 INPS Istituto Nazionale Previdenza Sociale,,1,https://www.immigrazione.biz/circolare.php?id=450,
permessidisoggiorno.info,609,08-03-10,INPS,Circolare,105,Circolare n. 105 del 2010-08-03 — INPS,,1,https://www.permessidisoggiorno.info/Normativa.aspx?nid=609,
immigrazione.biz,449,07-28-10,Ministero dell'Interno,Circolare,4916,Circolare n. 4916 del 28 luglio 2010 Ministero dell'Interno Dipartimento per le Libertà Civili e l'Immigrazione,,1,https://www.immigrazione.biz/circolare.php?id=449,
permessidisoggiorno.info,608,07-28-10,TAR_Campania,Ordinanza,1614,Ordinanza n. 1614 del 2010-07-28 — TAR_Campania,,0,https://www.permessidisoggiorno.info/Normativa.aspx?nid=608,
permessidisoggiorno.info,606,07-28-10,Ministero dell'Interno,Circolare,4916,Circolare n. 4916 del 2010-07-28 — Ministero dell'Interno,,1,https://www.permessidisoggiorno.info/Normativa.aspx?nid=606,
immigrazione.biz,451,07-27-10,Ministero dell'Interno,Circolare,4848,Circolare n. 4848 del 27 luglio 2010 Ministero dell'Interno,,1,https://www.immigrazione.biz/circolare.php?id=451,
permessidisoggiorno.info,607,07-27-10,Ministero dell'Interno,Circolare,4848,Circolare n. 4848 del 2010-07-27 — Ministero dell'Interno,,1,https://www.permessidisoggiorno.info/Normativa.aspx?nid=607,
permessidisoggiorno.info,603,07-27-10,TAR_Campania,Sentenza,16994,Sentenza n. 16994 del 2010-07-27 — TAR_Campania,,0,https://www.permessidisoggiorno.info/Normativa.aspx?nid=603,
immigrazione.biz,455,07-23-10,,Circolare,188856,Circolare n. 188856 del 23 luglio 2010 Regione Emilia Romagna,,1,https://www.immigrazione.biz/circolare.php?id=455,
permessidisoggiorno.info,615,07-23-10,Corte di Cassazione,Sentenza,17346,Sentenza n. 17346 del 2010-07-23 — Corte di Cassazione,,0,https://www.permessidisoggiorno.info/Normativa.aspx?nid=615,
permessidisoggiorno.info,613,07-23-10,Tribunale,Ordinanza,345,Ordinanza n. 345 del 2010-07-23 — Tribunale,,0,https://www.permessidisoggiorno.info/Normativa.aspx?nid=613,
immigrazione.biz,760,07-22-10,Ministero della Salute,Circolare,DGRUERI/VI/I.3.b.b/12881,Circolare n. DGRUERI/VI/I.3.b.b/12881 del 22 luglio 2010 Ministero della Salute,,1,https://www.immigrazione.biz/circolare.php?id=760,
immigrazione.biz,446,07-22-10,Ministero del Lavoro,Circolare,23,Circolare n. 23 del 22 luglio 2010 Ministero del Lavoro della Salute e delle Politiche Sociali,,1,https://www.immigrazione.biz/circolare.php?id=446,
permessidisoggiorno.info,602,07-22-10,Ministero del Lavoro,Circolare,23,Circolare n. 23 del 2010-07-22 — Ministero del Lavoro,,1,https://www.permessidisoggiorno.info/Normativa.aspx?nid=602,
immigrazione.biz,447,07-21-10,Ministero dell'Interno,Circolare,22,Circolare n. 22 del 21 luglio 2010 Ministero dell'Interno Dipartimento per gli Affari Interni e Territoriali,,1,https://www.immigrazione.biz/circolare.php?id=447,
permessidisoggiorno.info,601,07-21-10,Ministero dell'Interno,Circolare,22,Circolare n. 22 del 2010-07-21 — Ministero dell'Interno,,1,https://www.permessidisoggiorno.info/Normativa.aspx?nid=601,
immigrazione.biz,457,07-13-10,Ministero dell'Interno,Circolare,4089,Circolare n. 4089 del 13 luglio 2010 Ministero dell'Interno Dipartimento per le Libertà Civili e l'Immigrazione,,1,https://www.immigrazione.biz/circolare.php?id=457,
permessidisoggiorno.info,611,07-13-10,Ministero dell'Interno,Circolare,4089,Circolare n. 4089 del 2010-07-13 — Ministero dell'Interno,,1,https://www.permessidisoggiorno.info/Normativa.aspx?nid=611,
permessidisoggiorno.info,605,07-08-10,Corte Costituzionale,Sentenza,250,Sentenza n. 250 del 2010-07-08 — Corte Costituzionale,,0,https://www.permessidisoggiorno.info/Normativa.aspx?nid=605,
permessidisoggiorno.info,604,07-08-10,Corte Costituzionale,Sentenza,249,Sentenza n. 249 del 2010-07-08 — Corte Costituzionale,,0,https://www.permessidisoggiorno.info/Normativa.aspx?nid=604,
immigrazione.biz,448,07-07-10,Ministero dell'Istruzione,Circolare,1304,Circolare n. 1304 del 7 luglio 2010 Ministero dell'Istruzione dell'Università e della Ricerca,,1,https://www.immigrazione.biz/circolare.php?id=448,
permessidisoggiorno.info,600,07-01-10,Ministero dell'Interno,Circolare,20,Circolare n. 20 del 2010-07-01 — Ministero dell'Interno,,1,https://www.permessidisoggiorno.info/Normativa.aspx?nid=600,
immigrazione.biz,444,06-23-10,,Circolare,r,Circolare nr. 4125 del 23 giugno 2010 Ministero dellInterno,,1,https://www.immigrazione.biz/circolare.php?id=444,
immigrazione.biz,454,06-22-10,Ministero delle Infrastrutture,Circolare,54436/8.3,Circolare n. 54436/8.3 del 22 giugno 2010 Ministero delle Infrastrutture e dei Trasporti,,1,https://www.immigrazione.biz/circolare.php?id=454,
immigrazione.biz,442,06-18-10,Ministero del Lavoro,Circolare,3965,Circolare n. 3965 del 18 giugno 2010 Ministero Interno e Ministero del Lavoro e delle Politiche Sociali,,1,https://www.immigrazione.biz/circolare.php?id=442,
permessidisoggiorno.info,629,06-18-10,Tribunale,Sentenza,4965,Sentenza n. 4965 del 2010-06-18 — Tribunale,,0,https://www.permessidisoggiorno.info/Normativa.aspx?nid=629,
permessidisoggiorno.info,599,06-18-10,Ministero dell'Interno,Circolare,3965,Circolare n. 3965 del 2010-06-18 — Ministero dell'Interno,,1,https://www.permessidisoggiorno.info/Normativa.aspx?nid=599,
immigrazione.biz,443,06-17-10,,Circolare,479,Circolare n. 479 del 17 giugno 2010 Prefettura Ufficio Territoriale del Governo Milano,,1,https://www.immigrazione.biz/circolare.php?id=443,
permessidisoggiorno.info,598,06-11-10,Ministero dell'Interno,Decreto Ministeriale,134,Decreto Ministeriale n. 134 del 2010-06-11 — Ministero dell'Interno,Normativa Decreto_Ministeriale,1,https://www.permessidisoggiorno.info/Normativa.aspx?nid=598,
immigrazione.biz,436,05-31-10,,Circolare,6612,Circolare n. 6612 del 31 maggio 2010 Ministero dellInterno Direzione Centrale per i Servizi Demografici,,1,https://www.immigrazione.biz/circolare.php?id=436,
permessidisoggiorno.info,596,05-31-10,Ministero dell'Interno,Circolare,16,Circolare n. 16 del 2010-05-31 — Ministero dell'Interno,,1,https://www.permessidisoggiorno.info/Normativa.aspx?nid=596,
permessidisoggiorno.info,595,05-28-10,Corte Costituzionale,Sentenza,187,Sentenza n. 187 del 2010-05-28 — Corte Costituzionale,,0,https://www.permessidisoggiorno.info/Normativa.aspx?nid=595,
permessidisoggiorno.info,597,05-27-10,T.A.R. Umbria,Sentenza,337,Sentenza n. 337 del 2010-05-27 — T.A.R. Umbria,,0,https://www.permessidisoggiorno.info/Normativa.aspx?nid=597,
immigrazione.biz,440,05-26-10,,Circolare,3491,Circolare n. 3491 del 26 maggio 2010 Ministero dellinterno Direzione Centrale dellimmigrazione e della Polizia delle Frontiere,,1,https://www.immigrazione.biz/circolare.php?id=440,
immigrazione.biz,433,05-26-10,INPS,Circolare,69,Circolare n. 69 del 26 maggio 2010 Inps,,1,https://www.immigrazione.biz/circolare.php?id=433,
immigrazione.biz,439,05-25-10,Ministero dell'Interno,Circolare,3500,Circolare n. 3500 del 25 maggio 2010 Ministero dell'Interno Direzione Centrale per le Politiche dell'Immigrazione e dell'Asilo,,1,https://www.immigrazione.biz/circolare.php?id=439,
immigrazione.biz,435,05-25-10,,Circolare,3502,Circolare n. 3502 del 25 maggio 2010 Ministro dellInterno Direzione Centrale per le Politiche dellImmigrazione e dellAsilo,,1,https://www.immigrazione.biz/circolare.php?id=435,
permessidisoggiorno.info,594,05-25-10,Ministero dell'Interno,Circolare,3502,Circolare n. 3502 del 2010-05-25 — Ministero dell'Interno,,1,https://www.permessidisoggiorno.info/Normativa.aspx?nid=594,
permessidisoggiorno.info,593,05-25-10,Ministero dell'Interno,Circolare,3501,Circolare n. 3501 del 2010-05-25 — Ministero dell'Interno,,1,https://www.permessidisoggiorno.info/Normativa.aspx?nid=593,
permessidisoggiorno.info,592,05-25-10,Ministero dell'Interno,Circolare,3500,Circolare n. 3500 del 2010-05-25 — Ministero dell'Interno,,1,https://www.permessidisoggiorno.info/Normativa.aspx?nid=592,
immigrazione.biz,460,05-20-10,,Circolare,2481,Circolare n. 2481 del 20 maggio 2010 Ministero dellInterno,,1,https://www.immigrazione.biz/circolare.php?id=460,
immigrazione.biz,437,05-19-10,,Circolare,3350,Circolare n. 3350 del 19 maggio 2010 Ministero dellInterno Direzione Centrale dellImmigrazione e della Polizia delle frontiere,,1,https://www.immigrazione.biz/circolare.php?id=437,
immigrazione.biz,441,05-18-10,,Circolare,3306,Circolare n. 3306 del 18 maggio 2010 Ministero dellinterno Direzione centrale dellimmigrazione e della polizia delle frontiere,,1,https://www.immigrazione.biz/circolare.php?id=441,
immigrazione.biz,431,05-13-10,,Circolare,3175,Circolare n. 3175 del 13 maggio 2010 Ministero dellInterno,,1,https://www.immigrazione.biz/circolare.php?id=431,
immigrazione.biz,428,05-10-10,,Circolare,3064,Circolare n. 3064 del 10 maggio 2010 Ministero dellInterno Direzione Centrale dellImmigrazione e della Polizia delle Frontiere,,1,https://www.immigrazione.biz/circolare.php?id=428,
immigrazione.biz,434,05-04-10,,Circolare,2291,Circolare n. 2291 del 4 maggio 2010 Ministro del Lavoro e delle Politiche Sociali Direzione Generale dellImmigrazione,,1,https://www.immigrazione.biz/circolare.php?id=434,
immigrazione.biz,425,05-04-10,,Circolare,14,Circolare n. 14 del 4 maggio 2010 Ministero dellInterno Direzione Centrale per i Servizi Demografici Area III Stato Civile,,1,https://www.immigrazione.biz/circolare.php?id=425,
permessidisoggiorno.info,590,05-04-10,Ministero dell'Interno,Circolare,14,Circolare n. 14 del 2010-05-04 — Ministero dell'Interno,,1,https://www.permessidisoggiorno.info/Normativa.aspx?nid=590,
permessidisoggiorno.info,591,05-03-10,Corte di Cassazione,Ordinanza,10636,Ordinanza n. 10636 del 2010-05-03 — Corte di Cassazione,,0,https://www.permessidisoggiorno.info/Normativa.aspx?nid=591,
immigrazione.biz,430,04-30-10,INPS,Messaggio,11662,Messaggio n. 11662 del 30 aprile 2010 Inps,,1,https://www.immigrazione.biz/circolare.php?id=430,
permessidisoggiorno.info,588,04-27-10,Ministero degli Esteri,Decreto Ministeriale,97,Decreto Ministeriale n. 97 del 2010-04-27 — Ministero degli Esteri,Normativa Decreto_Ministeriale,1,https://www.permessidisoggiorno.info/Normativa.aspx?nid=588,
permessidisoggiorno.info,587,04-27-10,Ministero dell'Interno,Circolare,2891,Circolare n. 2891 del 2010-04-27 — Ministero dell'Interno,,1,https://www.permessidisoggiorno.info/Normativa.aspx?nid=587,
immigrazione.biz,438,04-24-10,Ministero degli Affari Esteri,Circolare,del,Circolare n. del 24 aprile 2010 Ministero degli Affari Esteri DGIT  Ufficio VI  Centro Visti,,1,https://www.immigrazione.biz/circolare.php?id=438,
immigrazione.biz,420,04-20-10,Ministero del Lavoro,Circolare,7155,Circolare n. 7155 del 20 aprile 2010 Ministero del Lavoro e delle Politiche Sociali,,1,https://www.immigrazione.biz/circolare.php?id=420,
immigrazione.biz,419,04-20-10,INAIL,Circolare,16,Circolare n. 16 del 20 aprile 2010 INAIL,,1,https://www.immigrazione.biz/circolare.php?id=419,
permessidisoggiorno.info,586,04-20-10,Governo,Decreto Presidente del Consiglio dei Ministri,91,Decreto Presidente del Consiglio dei Ministri n. 91 del 2010-04-20 — Governo,,0,https://www.permessidisoggiorno.info/Normativa.aspx?nid=586,
immigrazione.biz,418,04-19-10,Ministero del Lavoro,Circolare,14,"Circolare n. 14 del 19 aprile 2010 Ministero del lavoro, della salute e delle Politiche Sociali",,1,https://www.immigrazione.biz/circolare.php?id=418,
immigrazione.biz,417,04-19-10,Ministero dell'Interno,Circolare,2699,Circolare n. 2699 del 19 aprile 2010 Ministero dell'Interno,,1,https://www.immigrazione.biz/circolare.php?id=417,
permessidisoggiorno.info,585,04-19-10,Ministero dell'Interno,Circolare,2699,Circolare n. 2699 del 2010-04-19 — Ministero dell'Interno,,1,https://www.permessidisoggiorno.info/Normativa.aspx?nid=585,
immigrazione.biz,415,04-16-10,Ministero dell'Interno,Circolare,2500,Circolare n. 2500 del 16 aprile 2010 Ministero dell'Interno Direzione Centrale dellImmigrazione e della Polizia delle Frontiere,,1,https://www.immigrazione.biz/circolare.php?id=415,
immigrazione.biz,416,04-15-10,Ministero dell'Interno,Circolare,12,Circolare n. 12 del 15 aprile 2010 Ministero dell'Interno,,1,https://www.immigrazione.biz/circolare.php?id=416,
permessidisoggiorno.info,584,04-15-10,Ministero dell'Interno,Circolare,12,Circolare n. 12 del 2010-04-15 — Ministero dell'Interno,,1,https://www.permessidisoggiorno.info/Normativa.aspx?nid=584,
immigrazione.biz,426,04-13-10,Ministero del Lavoro,Circolare,,Comunicato del 13 aprile 2010 Ministero del lavoro e delle politiche sociali,,1,https://www.immigrazione.biz/circolare.php?id=426,
immigrazione.biz,424,04-13-10,,Circolare,,Risposta n. 2589 del 13 aprile 2010 Ministero dellInterno Direzione Centrale per le Politiche dellImmigrazione e dellAsilo,,1,https://www.immigrazione.biz/circolare.php?id=424,
permessidisoggiorno.info,589,04-13-10,Ministero dell'Interno,Circolare,2589,Circolare n. 2589 del 2010-04-13 — Ministero dell'Interno,,1,https://www.permessidisoggiorno.info/Normativa.aspx?nid=589,
immigrazione.biz,614,04-08-10,Ministero dell'Interno,Circolare,11,Circolare n. 11 del 8 aprile 2010 Ministero dell'Interno,,1,https://www.immigrazione.biz/circolare.php?id=614,
immigrazione.biz,423,04-06-10,,Circolare,3950,Circolare n. 3950 del 6 aprile 2010 Ministero dellinterno Direzione centrale per i servizi demografici,,1,https://www.immigrazione.biz/circolare.php?id=423,
permessidisoggiorno.info,578,04-06-10,Ministero dell'Interno,Circolare,10,Circolare n. 10 del 2010-04-06 — Ministero dell'Interno,,1,https://www.permessidisoggiorno.info/Normativa.aspx?nid=578,
permessidisoggiorno.info,577,04-06-10,Ministero dell'Interno,Circolare,11,Circolare n. 11 del 2010-04-06 — Ministero dell'Interno,,1,https://www.permessidisoggiorno.info/Normativa.aspx?nid=577,
immigrazione.biz,461,03-26-10,,Circolare,3777,Circolare n. 3777 del 26 marzo 2010 Ministero dellInterno,,1,https://www.immigrazione.biz/circolare.php?id=461,
permessidisoggiorno.info,582,03-26-10,Ministero dell'Interno,Circolare,9,Circolare n. 9 del 2010-03-26 — Ministero dell'Interno,,1,https://www.permessidisoggiorno.info/Normativa.aspx?nid=582,
permessidisoggiorno.info,576,03-25-10,Consiglio dell'Unione Europea,Regolamento,265,Regolamento n. 265 del 2010-03-25 — Consiglio dell'Unione Europea,,0,https://www.permessidisoggiorno.info/Normativa.aspx?nid=576,
immigrazione.biz,427,03-22-10,Ministero della Giustizia,Circolare,42893,Circolare n. 42893 del 22 marzo 2010 Ministero della Giustizia,,1,https://www.immigrazione.biz/circolare.php?id=427,
permessidisoggiorno.info,579,03-19-10,Tribunale,Sentenza,n R.G. 3076/09,Sentenza n R.G. 3076/09 del 2010-03-19 — Tribunale,,0,https://www.permessidisoggiorno.info/Normativa.aspx?nid=579,
immigrazione.biz,413,03-17-10,Ministero dell'Interno,Circolare,1843,Circolare n. 1843 del 17 marzo 2010 Ministero dell'Interno,,1,https://www.immigrazione.biz/circolare.php?id=413,
permessidisoggiorno.info,574,03-17-10,Ministero dell'Interno,Circolare,1843,Circolare n. 1843 del 2010-03-17 — Ministero dell'Interno,,1,https://www.permessidisoggiorno.info/Normativa.aspx?nid=574,
immigrazione.biz,414,03-15-10,,Circolare,8,Circolare n. 8 del 15 marzo 2010 Ministero dellInterno,,1,https://www.immigrazione.biz/circolare.php?id=414,
permessidisoggiorno.info,581,03-15-10,Consiglio di Stato,Sentenza,1478,Sentenza n. 1478 del 2010-03-15 — Consiglio di Stato,,0,https://www.permessidisoggiorno.info/Normativa.aspx?nid=581,
immigrazione.biz,422,03-11-10,INPS,Circolare,37,Circolare n. 37 del 11 marzo 2010 INPS,,1,https://www.immigrazione.biz/circolare.php?id=422,
immigrazione.biz,429,03-10-10,,Circolare,1593,Circolare n. 1593 del 10 marzo 2010 Ministero dellInterno Direzione Centrale dellImmigrazione e della Polizia delle Frontiere,,1,https://www.immigrazione.biz/circolare.php?id=429,
immigrazione.biz,412,03-09-10,,Circolare,446,Circolare n. 446 del 9 marzo 2010 Regione Marche,,1,https://www.immigrazione.biz/circolare.php?id=412,
immigrazione.biz,410,03-09-10,INPS,Circolare,35,Circolare n. 35 del 9 marzo 2010 Inps,,1,https://www.immigrazione.biz/circolare.php?id=410,
permessidisoggiorno.info,571,03-09-10,INPS,Circolare,35,Circolare n. 35 del 2010-03-09 — INPS,,1,https://www.permessidisoggiorno.info/Normativa.aspx?nid=571,
permessidisoggiorno.info,580,03-05-10,Tribunale,Sentenza,,Sentenza del 2010-03-05 — Tribunale,,0,https://www.permessidisoggiorno.info/Normativa.aspx?nid=580,
immigrazione.biz,411,03-04-10,INPS,Messaggio,6512,Messaggio n. 6512 del 4 marzo 2010 Inps,,1,https://www.immigrazione.biz/circolare.php?id=411,
permessidisoggiorno.info,572,03-03-10,Ministero dell'Interno,Circolare,7,Circolare n. 7 del 2010-03-03 — Ministero dell'Interno,,1,https://www.permessidisoggiorno.info/Normativa.aspx?nid=572,
immigrazione.biz,408,03-01-10,INPS,Circolare,28,Circolare n. 28 del 1 marzo 2010 INPS Direzione centrale a Sostegno del Reddito,,1,https://www.immigrazione.biz/circolare.php?id=408,
immigrazione.biz,407,02-25-10,Ministero dell'Interno,Circolare,6,Circolare n. 6 del 25 febbraio 2010 Ministero dell'Interno Direzione Centrale per i Servizi Demografici  Area III  Stato Civile,,1,https://www.immigrazione.biz/circolare.php?id=407,
immigrazione.biz,432,02-24-10,,Circolare,1200,Circolare n. 1200 del 24 febbraio 2010 Ministero dellInterno Direzione Centrale dellImmigrazione e della Polizia delle Frontiere,,1,https://www.immigrazione.biz/circolare.php?id=432,
immigrazione.biz,405,02-19-10,,Circolare,1383,Circolare n. 1383 del 19 febbraio 2010 Ministero dellInterno Direzione Centrale per le Politiche dellImmigrazione e dellAsilo,,1,https://www.immigrazione.biz/circolare.php?id=405,
immigrazione.biz,404,02-19-10,,Circolare,1396,Circolare n. 1396 del 19 febbraio 2010 Ministero dellInterno Direzione Centrale per le Politiche dellImmigrazione e dell'Asilo,,1,https://www.immigrazione.biz/circolare.php?id=404,
immigrazione.biz,400,02-19-10,Ministero dell'Interno,Circolare,337,Circolare n. 337 del 19 febbraio 2010 Ministero dell'Interno,,1,https://www.immigrazione.biz/circolare.php?id=400,
permessidisoggiorno.info,569,02-19-10,Ministero dell'Interno,Circolare,1396,Circolare n. 1396 del 2010-02-19 — Ministero dell'Interno,,1,https://www.permessidisoggiorno.info/Normativa.aspx?nid=569,
immigrazione.biz,402,02-18-10,Ministero dell'Interno,Circolare,4,Circolare n. 4 del 18 febbraio 2010 Ministero dell'Interno Direzione Centrale per i Servizi Demografici,,1,https://www.immigrazione.biz/circolare.php?id=402,
immigrazione.biz,399,02-18-10,Ministero dell'Interno,Circolare,1354,Circolare n. 1354 del 18 febbraio 2010 Ministero dell'Interno,,1,https://www.immigrazione.biz/circolare.php?id=399,
permessidisoggiorno.info,568,02-18-10,Ministero dell'Interno,Circolare,4,Circolare n. 4 del 2010-02-18 — Ministero dell'Interno,,1,https://www.permessidisoggiorno.info/Normativa.aspx?nid=568,
permessidisoggiorno.info,567,02-18-10,Ministero dell'Interno,Circolare,1354,Circolare n. 1354 del 2010-02-18 — Ministero dell'Interno,,1,https://www.permessidisoggiorno.info/Normativa.aspx?nid=567,
immigrazione.biz,401,02-17-10,Ministero dell'Interno,Circolare,1313,Circolare n. 1313 del 17 febbraio 2010 Ministero dell'Interno,,1,https://www.immigrazione.biz/circolare.php?id=401,
permessidisoggiorno.info,566,02-17-10,Ministero dell'Interno,Circolare,1313,Circolare n. 1313 del 2010-02-17 — Ministero dell'Interno,,1,https://www.permessidisoggiorno.info/Normativa.aspx?nid=566,
immigrazione.biz,409,02-16-10,,Circolare,400/A/2010/12.214.9,Circolare n. 400/A/2010/12.214.9 bis del 16 febbraio 2010 Ministero dellInterno - Dipartimento di Pubblica Sicurezza - Direzione Centrale dellImmigrazione e della Polizia delle Frontiere,,1,https://www.immigrazione.biz/circolare.php?id=409,
permessidisoggiorno.info,583,02-16-10,Ministero dell'Interno,Circolare,400/A/2010/12.214.9 bis,Circolare n. 400/A/2010/12.214.9 bis del 2010-02-16 — Ministero dell'Interno,,1,https://www.permessidisoggiorno.info/Normativa.aspx?nid=583,
permessidisoggiorno.info,570,02-16-10,Ministero dell'Interno,Circolare,400/A/2010/12.214.9 bis,Circolare n. 400/A/2010/12.214.9 bis del 2010-02-16 — Ministero dell'Interno,,1,https://www.permessidisoggiorno.info/Normativa.aspx?nid=570,
permessidisoggiorno.info,565,02-16-10,TAR_Lazio,Sentenza,2249,Sentenza n. 2249 del 2010-02-16 — TAR_Lazio,,0,https://www.permessidisoggiorno.info/Normativa.aspx?nid=565,
immigrazione.biz,1135,02-11-10,Ministero dell'Interno,Circolare,1098,Circolare n. 1098 dell'11 febbraio 2010 Ministero dell'Interno,,1,https://www.immigrazione.biz/circolare.php?id=1135,
immigrazione.biz,398,02-04-10,,Circolare,,Comunicato del 4 febbraio 2010 Presidenza del Consiglio dei Ministeri  Dipartimento per le Politiche della famiglia,,1,https://www.immigrazione.biz/circolare.php?id=398,
immigrazione.biz,403,02-02-10,,Circolare,637,Circolare n. 637 del 2 febbraio 2010 Ministero dellInterno Direzione Centrale dellImmigrazione e della Polizia delle Frontiere,,1,https://www.immigrazione.biz/circolare.php?id=403,
permessidisoggiorno.info,563,02-02-10,TAR_Lazio,Sentenza,1414,Sentenza n. 1414 del 2010-02-02 — TAR_Lazio,,0,https://www.permessidisoggiorno.info/Normativa.aspx?nid=563,
immigrazione.biz,494,01-31-10,Ministero dell'Interno,Circolare,707,Circolare n. 707 del 31 gennaio 2010 Ministero dell'Interno - Ministero del Lavoro e delle politiche Sociali,,1,https://www.immigrazione.biz/circolare.php?id=494,
immigrazione.biz,445,01-28-10,Ministero dell'Interno,Circolare,1068,Circolare n. 1068 del 28 gennaio 2010 Ministero dell'Interno Direzione Centrale per i Servizi Demografici,,1,https://www.immigrazione.biz/circolare.php?id=445,
immigrazione.biz,397,01-28-10,,Circolare,2,Circolare n. 2 del 28 gennaio 2010 Regione Lombardia,,1,https://www.immigrazione.biz/circolare.php?id=397,
immigrazione.biz,395,01-28-10,INPS,Circolare,11,Circolare n. 11 del 28 gennaio 2010 INPS Direzione Centrale Entrate,,1,https://www.immigrazione.biz/circolare.php?id=395,
permessidisoggiorno.info,564,01-28-10,Ministero dell'Interno,Circolare,2,Circolare n. 2 del 2010-01-28 — Ministero dell'Interno,,1,https://www.permessidisoggiorno.info/Normativa.aspx?nid=564,
permessidisoggiorno.info,556,01-28-10,Ministero dell'Interno,Decreto Ministeriale,22,Decreto Ministeriale n. 22 del 2010-01-28 — Ministero dell'Interno,Normativa Decreto_Ministeriale,1,https://www.permessidisoggiorno.info/Normativa.aspx?nid=556,
immigrazione.biz,393,01-27-10,Ministero dell'Interno,Circolare,611,Circolare n. 611 del 27 gennaio 2010 Ministero dell'Interno - Direzione Centrale per le Politiche dell'Immigrazione e dell'Asilo,,1,https://www.immigrazione.biz/circolare.php?id=393,
immigrazione.biz,392,01-27-10,Ministero dell'Interno,Circolare,610,Circolare n. 610 del 27 gennaio 2010 Ministero dell'Interno - Direzione Centrale per le Politiche dell'Immigrazione e dell'Asilo,,1,https://www.immigrazione.biz/circolare.php?id=392,
permessidisoggiorno.info,560,01-27-10,Ministero dell'Interno,Circolare,611,Circolare n. 611 del 2010-01-27 — Ministero dell'Interno,,1,https://www.permessidisoggiorno.info/Normativa.aspx?nid=560,
permessidisoggiorno.info,557,01-27-10,Ministero dell'Interno,Circolare,610,Circolare n. 610 del 2010-01-27 — Ministero dell'Interno,,1,https://www.permessidisoggiorno.info/Normativa.aspx?nid=557,
immigrazione.biz,396,01-23-10,Ministero dell'Interno,Circolare,559,Circolare n. 559 del 23 gennaio 2010 Ministero dell'Interno Direzione Centrale dellImmigrazione e della Polizia delle Frontiere,,1,https://www.immigrazione.biz/circolare.php?id=396,
immigrazione.biz,388,01-22-10,INPS,Circolare,9,Circolare n. 9 del 22 gennaio 2010 INPS Direzione Centrale Prestazioni a Sostegno del Reddito,,1,https://www.immigrazione.biz/circolare.php?id=388,
permessidisoggiorno.info,554,01-22-10,INPS,Circolare,9,Circolare n. 9 del 2010-01-22 — INPS,,1,https://www.permessidisoggiorno.info/Normativa.aspx?nid=554,
permessidisoggiorno.info,562,01-21-10,Tribunale,Sentenza,113,Sentenza n. 113 del 2010-01-21 — Tribunale,,0,https://www.permessidisoggiorno.info/Normativa.aspx?nid=562,
immigrazione.biz,394,01-20-10,Ministero del Lavoro,Circolare,412,Circolare n. 412 del 20 gennaio 2010 Ministero dellInterno  Ministero del Lavoro e delle Politiche Sociali,,1,https://www.immigrazione.biz/circolare.php?id=394,
permessidisoggiorno.info,555,01-20-10,Ministero dell'Interno,Circolare,2,Circolare n. 2 del 2010-01-20 — Ministero dell'Interno,,1,https://www.permessidisoggiorno.info/Normativa.aspx?nid=555,
immigrazione.biz,384,01-19-10,Ministero dell'Interno,Circolare,337,Circolare n. 337 del 19 gennaio 2010 Ministero dell'Interno Direzione Centrale per le Politiche dellImmigrazione e dellAsilo,,1,https://www.immigrazione.biz/circolare.php?id=384,
permessidisoggiorno.info,561,01-19-10,Corte di Cassazione,Sentenza,823,Sentenza n. 823 del 2010-01-19 — Corte di Cassazione,,0,https://www.permessidisoggiorno.info/Normativa.aspx?nid=561,
permessidisoggiorno.info,551,01-19-10,Ministero dell'Interno,Circolare,337,Circolare n. 337 del 2010-01-19 — Ministero dell'Interno,,1,https://www.permessidisoggiorno.info/Normativa.aspx?nid=551,
immigrazione.biz,389,01-15-10,,Circolare,222,Circolare n. 222 del 15 gennaio 2010 Ministero dellInterno Direzione Centrale per le Politiche dellImmigrazione e dellAsilo,,1,https://www.immigrazione.biz/circolare.php?id=389,
permessidisoggiorno.info,553,01-11-10,Tribunale,Ordinanza,9083,Ordinanza n. 9083 del 2010-01-11 — Tribunale,,0,https://www.permessidisoggiorno.info/Normativa.aspx?nid=553,
immigrazione.biz,383,01-08-10,Ministero dell'Istruzione,Circolare,2,Circolare n. 2 del 8 gennaio 2010 Ministero dell'Istruzione,,1,https://www.immigrazione.biz/circolare.php?id=383,
permessidisoggiorno.info,548,01-08-10,Ministero dell'Università e della Ricerca,Circolare,2,Circolare n. 2 del 2010-01-08 — Ministero dell'Università e della Ricerca,,1,https://www.permessidisoggiorno.info/Normativa.aspx?nid=548,
immigrazione.biz,381,12-29-09,INPS,Messaggio,30264,Messaggio n. 30264 del 29 dicembre 2009 INPS,,1,https://www.immigrazione.biz/circolare.php?id=381,
immigrazione.biz,382,12-28-09,INPS,Circolare,131,Circolare n. 131 del 28 dicembre 2009 INPS,,1,https://www.immigrazione.biz/circolare.php?id=382,
immigrazione.biz,379,12-28-09,,Circolare,8392,Circolare n. 8392 del 28 dicembre 2009 Ministero dellInterno Direzione Centrale dellImmigrazione e della Polizia delle Frontiere,,1,https://www.immigrazione.biz/circolare.php?id=379,
permessidisoggiorno.info,549,12-28-09,Presidente della Repubblica,Decreto Presidente della Repubblica,300,Decreto Presidente della Repubblica n. 300 del 2009-12-28 — Presidente della Repubblica,,0,https://www.permessidisoggiorno.info/Normativa.aspx?nid=549,
immigrazione.biz,380,12-23-09,,Circolare,8456,Circolare n. 8456 del 23 dicembre 2009 Ministero dellInterno Direzione Centrale dellImmigrazione e dellAsilo,,1,https://www.immigrazione.biz/circolare.php?id=380,
immigrazione.biz,378,12-23-09,,Circolare,r,Circolare nr. 8306 del 23 dicembre 2009 Ministero dellInterno Direzione Centrale dellImmigrazione e della Polizia delle Frontiere,,1,https://www.immigrazione.biz/circolare.php?id=378,
immigrazione.biz,376,12-23-09,,Circolare,8450,Circolare n. 8450 del 23 dicembre 2009 Ministero dellInterno,,1,https://www.immigrazione.biz/circolare.php?id=376,
immigrazione.biz,192,12-23-09,,Circolare,8456,Circolare n. 8456 del 23 dicembre 2009 Ministero dellInterno Dipartimento per le Libertà Civili e lImmigrazione Direzione Centrale per le Politiche dellImmigrazione e dellAsilo,,1,https://www.immigrazione.biz/circolare.php?id=192,
permessidisoggiorno.info,546,12-23-09,Ministero dell'Interno,Circolare,8450,Circolare n. 8450 del 2009-12-23 — Ministero dell'Interno,,1,https://www.permessidisoggiorno.info/Normativa.aspx?nid=546,
immigrazione.biz,377,12-15-09,,Circolare,8161,Circolare n. 8161 del 15 dicembre 2009 Ministero dellInterno Direzione Centrale dellImmigrazione e della Polizia delle Frontiere,,1,https://www.immigrazione.biz/circolare.php?id=377,
permessidisoggiorno.info,552,12-15-09,Corte di Cassazione,Sentenza,26253,Sentenza n. 26253 del 2009-12-15 — Corte di Cassazione,,0,https://www.permessidisoggiorno.info/Normativa.aspx?nid=552,
immigrazione.biz,375,12-10-09,,Circolare,7989,Circolare n. 7989 del 10 dicembre 2009 Ministero dellInterno Direzione Centrale per le Politiche dellImmigrazione e dellAsilo,,1,https://www.immigrazione.biz/circolare.php?id=375,
immigrazione.biz,373,12-09-09,INPS,Messaggio,28660,Messaggio n. 28660 del 9 dicembre 2009 INPS,,1,https://www.immigrazione.biz/circolare.php?id=373,
permessidisoggiorno.info,545,12-09-09,INPS,Circolare,28660,Circolare n. 28660 del 2009-12-09 — INPS,,1,https://www.permessidisoggiorno.info/Normativa.aspx?nid=545,
immigrazione.biz,372,12-07-09,Ministero dell'Interno,Circolare,7950,Circolare n. 7950 del 7 dicembre 2009 Ministero dell'Interno Direzione Centrale per le Politiche dellImmigrazione e dellAsilo,,1,https://www.immigrazione.biz/circolare.php?id=372,
immigrazione.biz,686,12-04-09,Ministero delle Infrastrutture,Circolare,104946/23.18.01,Circolare n. 104946/23.18.01 del 4 dicembre 2009 Ministero delle Infrastrutture e dei Trasporti,OGGETTO: Conversione di patenti di guida. URUGUAY.,1,https://www.immigrazione.biz/circolare.php?id=686,
immigrazione.biz,371,12-04-09,Ministero dell'Interno,Circolare,28,Circolare n. 28 del 4 dicembre 2009 Ministero dell'Interno Direzione centrale per i servizi demografici,,1,https://www.immigrazione.biz/circolare.php?id=371,
permessidisoggiorno.info,573,12-04-09,Ministero delle Infrastrutture,Circolare,1049461/23.18.01,Circolare n. 1049461/23.18.01 del 2009-12-04 — Ministero delle Infrastrutture,,1,https://www.permessidisoggiorno.info/Normativa.aspx?nid=573,
immigrazione.biz,374,12-03-09,,Circolare,7883,Circolare n. 7883 del 3 dicembre 2009 Ministero dellInterno  Direzione Centrale dellImmigrazione e della Polizia delle Frontiere,,1,https://www.immigrazione.biz/circolare.php?id=374,
immigrazione.biz,369,12-03-09,,Circolare,7881,Circolare n. 7881 del 3 dicembre 2009 Ministero dellInterno Direzione Centrale dellImmigrazione e della Polizia delle Frontiere,,1,https://www.immigrazione.biz/circolare.php?id=369,
immigrazione.biz,365,12-01-09,Ministero dell'Interno,Circolare,7602,Circolare n. 7602 del 1 dicembre 2009 Ministero dell'Interno Dipartimento per le Libertà Civili e l'Immigrazione,,1,https://www.immigrazione.biz/circolare.php?id=365,
permessidisoggiorno.info,544,12-01-09,Ministero dell'Interno,Circolare,7602,Circolare n. 7602 del 2009-12-01 — Ministero dell'Interno,,1,https://www.permessidisoggiorno.info/Normativa.aspx?nid=544,
immigrazione.biz,370,11-30-09,,Circolare,7561,Circolare n. 7561 del 30 novembre 2009 Ministero dellInterno Direzione Centrale per le Politiche dellImmigrazione e dellAsilo,,1,https://www.immigrazione.biz/circolare.php?id=370,
immigrazione.biz,364,11-27-09,,Circolare,780/A7,Circolare n. 780/A7 del 27 novembre 2009 Ministero dellInterno Dipartimento per le Libertà Civili e lImmigrazione,,1,https://www.immigrazione.biz/circolare.php?id=364,
permessidisoggiorno.info,543,11-27-09,Ministero dell'Interno,Circolare,12,Circolare n. 12 del 2009-11-27 — Ministero dell'Interno,,1,https://www.permessidisoggiorno.info/Normativa.aspx?nid=543,
immigrazione.biz,359,11-18-09,,Circolare,7170,Circolare n. 7170 del 18 novembre 2009 Ministero Interno - Dipartimento Libertà Civili e l'Immigrazione,,1,https://www.immigrazione.biz/circolare.php?id=359,
permessidisoggiorno.info,558,11-18-09,Ministero dell'Interno,Circolare,7170,Circolare n. 7170 del 2009-11-18 — Ministero dell'Interno,,1,https://www.permessidisoggiorno.info/Normativa.aspx?nid=558,
immigrazione.biz,363,11-17-09,,Circolare,7430,Circolare n. 7430 del 17 novembre 2009 Ministero dell Interno  Direzione Centrale dellImmigrazione e della Polizia delle Frontiere,,1,https://www.immigrazione.biz/circolare.php?id=363,
permessidisoggiorno.info,547,11-10-09,TAR Toscana,Sentenza,1594,Sentenza n. 1594 del 2009-11-10 — TAR Toscana,,0,https://www.permessidisoggiorno.info/Normativa.aspx?nid=547,
permessidisoggiorno.info,538,11-06-09,Corte Costituzionale,Ordinanza,285,Ordinanza n. 285 del 2009-11-06 — Corte Costituzionale,,0,https://www.permessidisoggiorno.info/Normativa.aspx?nid=538,
immigrazione.biz,360,11-03-09,,Circolare,,Comunicato nr. 66/A del 3 novembre 2009 Federazione Giuoco Calcio,,1,https://www.immigrazione.biz/circolare.php?id=360,
immigrazione.biz,357,11-03-09,Agenzia delle Entrate,Circolare,,Risoluzione n. 268/E del 3 novembre 2009 Agenzia delle Entrate Direzione Centrale Servizi ai Contribuenti,,1,https://www.immigrazione.biz/circolare.php?id=357,
permessidisoggiorno.info,535,11-03-09,Agenzia delle Entrate,Circolare,268/E,Circolare n. 268/E del 2009-11-03 — Agenzia delle Entrate,,1,https://www.permessidisoggiorno.info/Normativa.aspx?nid=535,
immigrazione.biz,354,10-29-09,,Circolare,6466,Circolare n. 6466 del 29 ottobre 2009 Ministero Interno - Dipartimento Libertà Civili e l'Immigrazione,,1,https://www.immigrazione.biz/circolare.php?id=354,
permessidisoggiorno.info,532,10-29-09,Ministero dell'Interno,Circolare,6466,Circolare n. 6466 del 2009-10-29 — Ministero dell'Interno,,1,https://www.permessidisoggiorno.info/Normativa.aspx?nid=532,
immigrazione.biz,362,10-28-09,,Circolare,14232,"Circolare n. 14232 del 28 ottobre 2009 Ministero dellInterno  Direzione Centrale per i Diritti Civili, la Cittadinanza e le Minoranze",,1,https://www.immigrazione.biz/circolare.php?id=362,
immigrazione.biz,355,10-27-09,,Circolare,23,Circolare n. 23 del 27 ottobre 2009 Ministero Interno - Dipartimento degli Affari Interni e Territoriali,,1,https://www.immigrazione.biz/circolare.php?id=355,
permessidisoggiorno.info,534,10-27-09,Tribunale,Ordinanza,3626,Ordinanza n. 3626 del 2009-10-27 — Tribunale,,0,https://www.permessidisoggiorno.info/Normativa.aspx?nid=534,
immigrazione.biz,361,10-23-09,,Circolare,3556,Circolare n. 3556 del 23 ottobre 2009 Ministero dellinterno - Dipartimento per le libertà civili e limmigrazione  Organismo centrale di raccordo per la protezione dei minori comunitari non accompagnati,,1,https://www.immigrazione.biz/circolare.php?id=361,
permessidisoggiorno.info,541,10-23-09,T.A.R. Sicilia,Sentenza,1702,Sentenza n. 01702 del 2009-10-23 — T.A.R. Sicilia,,0,https://www.permessidisoggiorno.info/Normativa.aspx?nid=541,
permessidisoggiorno.info,536,10-23-09,Ministero dell'Interno,Circolare,3556,Circolare n. 3556 del 2009-10-23 — Ministero dell'Interno,,1,https://www.permessidisoggiorno.info/Normativa.aspx?nid=536,
immigrazione.biz,590,10-22-09,Ministero delle Infrastrutture,Circolare,91487,Circolare n. 91487 del 22 ottobre 2009 Ministero delle Infrastrutture e dei Trasporti,,1,https://www.immigrazione.biz/circolare.php?id=590,
immigrazione.biz,358,10-19-09,,Circolare,,Circolare 6151 del 19 ottobre 2009 Ministero dellInterno Dipartimento delle Libertà civile e lImmigrazione,,1,https://www.immigrazione.biz/circolare.php?id=358,
immigrazione.biz,347,10-13-09,INPS,Circolare,23090,Circolare n. 023090 del 13 ottobre 2009 INPS,,1,https://www.immigrazione.biz/circolare.php?id=347,
immigrazione.biz,729,10-12-09,,Circolare,110,Circolare n. 110 del 12 ottobre 2009 Istituto Nazionale Previdenza Sociale,,1,https://www.immigrazione.biz/circolare.php?id=729,
immigrazione.biz,346,10-12-09,,Circolare,5920,Circolare n. 5920 del 12 ottobre 2009 Ministero dellInterno  Direzione Centrale per le Politiche dellImmigrazione e dellAsilo,,1,https://www.immigrazione.biz/circolare.php?id=346,
permessidisoggiorno.info,530,10-12-09,Ministero dell'Interno,Circolare,5920,Circolare n. 5920 del 2009-10-12 — Ministero dell'Interno,,1,https://www.permessidisoggiorno.info/Normativa.aspx?nid=530,
immigrazione.biz,353,10-07-09,,Circolare,r,"Circolare nr. 13074 de 7 ottobre 2009 Ministero dellInterno Direzione Centrale per i Diritti Civili, la Cittadinanza e le Minoranze",,1,https://www.immigrazione.biz/circolare.php?id=353,
permessidisoggiorno.info,531,10-07-09,Ministero dell'Interno,Circolare,K.60.1.,Circolare n. K.60.1. del 2009-10-07 — Ministero dell'Interno,,1,https://www.permessidisoggiorno.info/Normativa.aspx?nid=531,
immigrazione.biz,345,10-02-09,Ministero dell'Interno,Circolare,6241,Circolare n. 6241 del 2 ottobre 2009 Ministero dell'Interno - Direzione Centrale dell'Immigrazione e della Polizia delle Frontiere,,1,https://www.immigrazione.biz/circolare.php?id=345,
permessidisoggiorno.info,529,10-02-09,Ministero dell'Interno,Circolare,6241,Circolare n. 6241 del 2009-10-02 — Ministero dell'Interno,,1,https://www.permessidisoggiorno.info/Normativa.aspx?nid=529,
immigrazione.biz,344,09-24-09,,Circolare,5987,Circolare n. 5987 del 24 settembre 2009 Ministero dellInterno  Direzione Centrale dellImmigrazione e della Polizia delle Frontiere,,1,https://www.immigrazione.biz/circolare.php?id=344,
permessidisoggiorno.info,533,09-24-09,Ministero dell'Interno,Circolare,5987,Circolare n. 5987 del 2009-09-24 — Ministero dell'Interno,,1,https://www.permessidisoggiorno.info/Normativa.aspx?nid=533,
permessidisoggiorno.info,528,09-23-09,Ministero dell'Interno,Decreto Ministeriale,221,Decreto Ministeriale n. 221 del 2009-09-23 — Ministero dell'Interno,Normativa Decreto_Ministeriale,1,https://www.permessidisoggiorno.info/Normativa.aspx?nid=528,
immigrazione.biz,349,09-21-09,,Circolare,5908,Circolare n. 5908 del 21 settembre 2009 Ministero dellInterno  Direzione Centrale dellImmigrazione e della Polizia delle Frontiere,,1,https://www.immigrazione.biz/circolare.php?id=349,
permessidisoggiorno.info,525,09-18-09,Ministero dell'Interno,Circolare,5365,Circolare n. 5365 del 2009-09-18 — Ministero dell'Interno,,1,https://www.permessidisoggiorno.info/Normativa.aspx?nid=525,
immigrazione.biz,338,09-17-09,,Circolare,,Risoluzione n. 250/E del 17 settembre 2009 Agenzia Entrate  Direzione Centrale Normativa e Contenzioso,,1,https://www.immigrazione.biz/circolare.php?id=338,
permessidisoggiorno.info,526,09-17-09,Agenzia delle Entrate,Circolare,250/E,Circolare n. 250/E del 2009-09-17 — Agenzia delle Entrate,,1,https://www.permessidisoggiorno.info/Normativa.aspx?nid=526,
immigrazione.biz,340,09-15-09,,Circolare,5714,Circolare n. 5714 del 15 settembre 2009 Ministero dellInterno  Direzione Centrale dellImmigrazione e della Polizia delle Frontiere,,1,https://www.immigrazione.biz/circolare.php?id=340,
immigrazione.biz,339,09-15-09,,Circolare,5715,Circolare n. 5715 del 15 settembre 2009 Ministero dellInterno  Direzione Centrale dellImmigrazione e della Polizia delle Frontiere,,1,https://www.immigrazione.biz/circolare.php?id=339,
permessidisoggiorno.info,527,09-09-09,Corte di Cassazione,Sentenza,19393,Sentenza n. 19393 del 2009-09-09 — Corte di Cassazione,,0,https://www.permessidisoggiorno.info/Normativa.aspx?nid=527,
permessidisoggiorno.info,522,09-03-09,Ministero del Lavoro,Decreto Ministeriale,204,Decreto Ministeriale n. 204 del 2009-09-03 — Ministero del Lavoro,Normativa Decreto_Ministeriale,1,https://www.permessidisoggiorno.info/Normativa.aspx?nid=522,
immigrazione.biz,336,09-02-09,,Circolare,11501,"Circolare n. 11501 del 2 settembre 2009 Ministero delInterno  Direzione Centrale per i Diritti Civili, la Cittadinanza e le Minoranze",,1,https://www.immigrazione.biz/circolare.php?id=336,
permessidisoggiorno.info,524,09-02-09,Ministero dell'Interno,Circolare,11501,Circolare n. 11501 del 2009-09-02 — Ministero dell'Interno,,1,https://www.permessidisoggiorno.info/Normativa.aspx?nid=524,
immigrazione.biz,462,08-31-09,,Circolare,5377,Circolare n. 5377 31 agosto 2009 Ministero dellInterno,,1,https://www.immigrazione.biz/circolare.php?id=462,
immigrazione.biz,335,08-31-09,INPS,Circolare,19147,Circolare n. 19147 del 31 agosto 2009 INPS,,1,https://www.immigrazione.biz/circolare.php?id=335,
permessidisoggiorno.info,755,08-31-09,Ministero dell'Interno,Protocollo,,Protocollo del 2009-08-31 — Ministero dell'Interno,Normativa Protocollo_intesa_Anci_Ministero,0,https://www.permessidisoggiorno.info/Normativa.aspx?nid=755,
permessidisoggiorno.info,539,08-31-09,Ministero dell'Interno,Circolare,6377,Circolare n. 6377 del 2009-08-31 — Ministero dell'Interno,,1,https://www.permessidisoggiorno.info/Normativa.aspx?nid=539,
immigrazione.biz,366,08-28-09,Ministero dell'Interno,Circolare,5355,Circolare n. 5355 del 28 agosto 2009 Ministero dell'Interno Direzione Centrale dell'Immigrazione e della Polizia delle Frontiere,,1,https://www.immigrazione.biz/circolare.php?id=366,
permessidisoggiorno.info,635,08-28-09,Ministero dell'Interno,Circolare,5355,Circolare n. 5355 del 2009-08-28 — Ministero dell'Interno,,1,https://www.permessidisoggiorno.info/Normativa.aspx?nid=635,
immigrazione.biz,334,08-27-09,,Circolare,4820,Circolare n. 4820 del 27 agosto 2009 Ministero dellInterno - Dipartimento per le Libertà Civili e l'Immigrazione - Direzione Centrale per le Politiche dell'Immigrazione e dell'Asilo,,1,https://www.immigrazione.biz/circolare.php?id=334,
permessidisoggiorno.info,523,08-27-09,Ministero dell'Interno,Circolare,4820,Circolare n. 4820 del 2009-08-27 — Ministero dell'Interno,,1,https://www.permessidisoggiorno.info/Normativa.aspx?nid=523,
immigrazione.biz,332,08-26-09,Agenzia delle Entrate,Circolare,,Risoluzione n. 238/E del 26 agosto 2009 Agenzia delle Entrate Direzione Centrale Normativa e Contenzioso,,1,https://www.immigrazione.biz/circolare.php?id=332,
immigrazione.biz,337,08-24-09,,Circolare,5234,Circolare n. 5234 del 24 agosto 2009 Ministero dellInterno  Direzione Centrale dellImmigrazione e della Polizia delle Frontiere,,1,https://www.immigrazione.biz/circolare.php?id=337,
immigrazione.biz,351,08-21-09,Ministero degli Affari Esteri,Messaggio,,Messaggio del 21 agosto 2009 Ministero degli affari esteri - DGIT - Ufficio VI - Centro Visti,"Oggetto: Legge n. 94/09  Modifiche al T.U. n. 286/98 - ricongiungimento familiare - Oggetto: Legge n. 94/09  Modifiche al T.U. n. 286/98. La legge in oggetto ha modificato, tra gli altri, alcuni articoli del Testo Unico Immigrazione. In materia di visti, sono di particolare interesse alcune modifiche dellart. 29 che rimodulano taluni aspetti delle procedure per il ricongiungimento familiare. 1)",1,https://www.immigrazione.biz/circolare.php?id=351,
immigrazione.biz,333,08-13-09,Ministero dell'Interno,Circolare,4615,Circolare n. 4615 del 13 agosto 2009 Ministero dell'Interno Dipartimento per le Libertà Civili e l'Immigrazione,,1,https://www.immigrazione.biz/circolare.php?id=333,
immigrazione.biz,329,08-11-09,,Circolare,,Risoluzione n. 209/E dell11 agosto 2009 Agenzia Entrate - Direzione Centrale Servizi ai Contribuenti,,1,https://www.immigrazione.biz/circolare.php?id=329,
immigrazione.biz,330,08-10-09,INPS,Circolare,101,Circolare n. 101 del 10 agosto 2009 INPS,,1,https://www.immigrazione.biz/circolare.php?id=330,
immigrazione.biz,368,08-07-09,INPS,Circolare,90,Circolare n. 90 del 7 agosto 2009 INPS - Direzione centrale pensioni,,1,https://www.immigrazione.biz/circolare.php?id=368,
immigrazione.biz,328,08-07-09,Ministero dell'Interno,Circolare,10,Circolare n. 10 del 7 agosto 2009 Ministero dell'Interno Dipartimento per le libertà civili e l'immigrazione,,1,https://www.immigrazione.biz/circolare.php?id=328,
immigrazione.biz,327,08-07-09,,Circolare,19,Circolare n. 19 del 7 agosto 2009 Ministero dellInterno Dipartimento per gli Affari Interni e Territoriali,,1,https://www.immigrazione.biz/circolare.php?id=327,
immigrazione.biz,325,08-07-09,,Circolare,557,Circolare n. 557 del 7 agosto 2009 Ministero dellInterno,,1,https://www.immigrazione.biz/circolare.php?id=325,
permessidisoggiorno.info,521,08-07-09,Ministero dell'Interno,Circolare,400/C2009/12.319,Circolare n. 400/C2009/12.319 del 2009-08-07 — Ministero dell'Interno,,1,https://www.permessidisoggiorno.info/Normativa.aspx?nid=521,
permessidisoggiorno.info,518,08-07-09,Ministero dell'Interno,Circolare,19,Circolare n. 19 del 2009-08-07 — Ministero dell'Interno,,1,https://www.permessidisoggiorno.info/Normativa.aspx?nid=518,
permessidisoggiorno.info,516,08-07-09,Ministero dell'Interno,Circolare,10,Circolare n. 10 del 2009-08-07 — Ministero dell'Interno,,1,https://www.permessidisoggiorno.info/Normativa.aspx?nid=516,
immigrazione.biz,341,08-06-09,,Circolare,4902,Circolare n. 4902 del 6 agosto 2009 Ministero dellInterno  Direzione Centrale dellImmigrazione e della Polizia delle Frontiere,,1,https://www.immigrazione.biz/circolare.php?id=341,
immigrazione.biz,323,08-06-09,,Circolare,10652,"Circolare n. 10652 del 6 agosto 2009 Ministero dellInterno Direzione Centrale per i Diritti Civili, la Cittadinanza e le Minoranze",,1,https://www.immigrazione.biz/circolare.php?id=323,
permessidisoggiorno.info,519,08-06-09,Ministero dell'Interno,Circolare,652,Circolare n. 652 del 2009-08-06 — Ministero dell'Interno,,1,https://www.permessidisoggiorno.info/Normativa.aspx?nid=519,
immigrazione.biz,326,08-05-09,,Circolare,11001/118/5,Circolare n. 11001/118/5 del 5 agosto 2009 Ministero dellInterno,,1,https://www.immigrazione.biz/circolare.php?id=326,
permessidisoggiorno.info,517,08-05-09,Ministero dell'Interno,Circolare,11001/118/5,Circolare n. 11001/118/5 del 2009-08-05 — Ministero dell'Interno,,1,https://www.permessidisoggiorno.info/Normativa.aspx?nid=517,
immigrazione.biz,348,07-29-09,,Circolare,,"Circolare 75579/23.01 del 29 luglio 2009 Dipartimento per i trasporti terrestri, la navigazione ed i sistemi informativi e statistici - Direzione generale per la motorizzazione - Divisione 5",,1,https://www.immigrazione.biz/circolare.php?id=348,
immigrazione.biz,759,07-24-09,Ministero del Lavoro,Nota,DG,Nota n. DG RUERI/II 15645/I.3.b/1 del 24 luglio 2009 Ministero del Lavoro della Salute e delle Politiche Sociali,,1,https://www.immigrazione.biz/circolare.php?id=759,
immigrazione.biz,321,07-21-09,,Circolare,18,Circolare n. 18 del 21 luglio 2009 Ministero dellInterno Dipartimento per gli Affari Interni e Territoriali  Direzione Centrale per i Servizi demografici,,1,https://www.immigrazione.biz/circolare.php?id=321,
permessidisoggiorno.info,514,07-21-09,Ministero dell'Interno,Circolare,18,Circolare n. 18 del 2009-07-21 — Ministero dell'Interno,,1,https://www.permessidisoggiorno.info/Normativa.aspx?nid=514,
immigrazione.biz,775,07-17-09,,Circolare,84775,Circolare n. 84775 del 17 luglio 2009 Regione Lazio,,1,https://www.immigrazione.biz/circolare.php?id=775,
immigrazione.biz,322,07-16-09,,Circolare,299,"Circolare n. 299 del 16 luglio 2009 Ministro dellIstruzione, dellUniversità e della Ricerca",,1,https://www.immigrazione.biz/circolare.php?id=322,
immigrazione.biz,320,07-16-09,,Circolare,4377,Circolare n. 4377 del 16 luglio 2009 Ministero dellInterno Direzione Centrale dellImmigrazione e della Polizia delle frontiere,,1,https://www.immigrazione.biz/circolare.php?id=320,
permessidisoggiorno.info,515,07-16-09,Ministero dell'Università e della Ricerca,Circolare,299,Circolare n. 299 del 2009-07-16 — Ministero dell'Università e della Ricerca,,1,https://www.permessidisoggiorno.info/Normativa.aspx?nid=515,
permessidisoggiorno.info,520,07-15-09,Parlamento Italiano,Legge,94,Legge n. 94 del 2009-07-15 — Parlamento Italiano,,0,https://www.permessidisoggiorno.info/Normativa.aspx?nid=520,
immigrazione.biz,319,07-13-09,,Circolare,4285,Circolare n. 4285 del 13 luglio 2009 Ministero dellInterno Direzione Centrale dellImmigrazione e della Polizia delle frontiere,,1,https://www.immigrazione.biz/circolare.php?id=319,
permessidisoggiorno.info,575,07-13-09,Consiglio dell'Unione Europea,Regolamento,810,Regolamento n. 810 del 2009-07-13 — Consiglio dell'Unione Europea,,0,https://www.permessidisoggiorno.info/Normativa.aspx?nid=575,
permessidisoggiorno.info,537,07-13-09,Ministero dell'Interno,Circolare,4285,Circolare n. 4285 del 2009-07-13 — Ministero dell'Interno,,1,https://www.permessidisoggiorno.info/Normativa.aspx?nid=537,
immigrazione.biz,367,07-10-09,INPS,Circolare,90,Circolare n. 90 del 10 luglio 2009 INPS - Direzione centrale pensioni,,1,https://www.immigrazione.biz/circolare.php?id=367,
permessidisoggiorno.info,513,07-10-09,TAR Toscana,Sentenza,1219,Sentenza n. 1219 del 2009-07-10 — TAR Toscana,,0,https://www.permessidisoggiorno.info/Normativa.aspx?nid=513,
permessidisoggiorno.info,509,07-01-09,TAR_Lazio,Sentenza,6352,Sentenza n. 6352 del 2009-07-01 — TAR_Lazio,,0,https://www.permessidisoggiorno.info/Normativa.aspx?nid=509,
immigrazione.biz,324,06-26-09,,Circolare,3177,Circolare n. 3177 del 26 giugno 2009 Ministero dellInterno Direzione Centrale per le Politiche dellImmigrazione e dellAsilo,,1,https://www.immigrazione.biz/circolare.php?id=324,
immigrazione.biz,318,06-25-09,Ministero dell'Interno,Circolare,3163,Circolare n. 3163 del 25 giugno 2009 Ministero dell'Interno - Dipartimento per le Libertà Civile e l'Immigrazione,,1,https://www.immigrazione.biz/circolare.php?id=318,
permessidisoggiorno.info,506,06-25-09,Ministero dell'Interno,Circolare,3163,Circolare n. 3163 del 2009-06-25 — Ministero dell'Interno,,1,https://www.permessidisoggiorno.info/Normativa.aspx?nid=506,
permessidisoggiorno.info,508,06-16-09,TAR_Veneto,Sentenza,1801,Sentenza n. 1801 del 2009-06-16 — TAR_Veneto,,0,https://www.permessidisoggiorno.info/Normativa.aspx?nid=508,
immigrazione.biz,317,06-15-09,,Circolare,8416,"Circolare n. 8416 del 15 giugno 2009 Ministero dellInterno Direzione Centrale per i Diritti Civili, la Cittadinanza e le Minoranze",,1,https://www.immigrazione.biz/circolare.php?id=317,
permessidisoggiorno.info,502,06-15-09,Ministero dell'Interno,Circolare,k33,Circolare n. k33 del 2009-06-15 — Ministero dell'Interno,,1,https://www.permessidisoggiorno.info/Normativa.aspx?nid=502,
permessidisoggiorno.info,510,06-12-09,Corte di Appello,Sentenza,,Sentenza del 2009-06-12 — Corte di Appello,,0,https://www.permessidisoggiorno.info/Normativa.aspx?nid=510,
immigrazione.biz,315,06-10-09,Ministero dell'Interno,Circolare,2836,Circolare n. 2836 del 10 giugno 2009 Ministero dell'Interno - Direzione Centrale per le Politiche dell'Immigrazione e dell'Asilo,,1,https://www.immigrazione.biz/circolare.php?id=315,
permessidisoggiorno.info,499,06-10-09,Ministero dell'Interno,Circolare,2836,Circolare n. 2836 del 2009-06-10 — Ministero dell'Interno,,1,https://www.permessidisoggiorno.info/Normativa.aspx?nid=499,
immigrazione.biz,316,06-09-09,Ministero dell'Interno,Circolare,2823,Circolare n. 2823 del 9 giugno 2009 Ministero dell'Interno - Ministero della Giustizia,,1,https://www.immigrazione.biz/circolare.php?id=316,
permessidisoggiorno.info,501,06-09-09,Ministero dell'Interno,Circolare,2823,Circolare n. 2823 del 2009-06-09 — Ministero dell'Interno,,1,https://www.permessidisoggiorno.info/Normativa.aspx?nid=501,
immigrazione.biz,343,06-08-09,,Circolare,3345,Circolare n. 3345 del 08 giugno 2009 Ministero dellInterno  Direzione Centrale dellImmigrazione e della Polizia delle Frontiere,,1,https://www.immigrazione.biz/circolare.php?id=343,
permessidisoggiorno.info,503,05-28-09,T.A.R. Umbria,Sentenza,263,Sentenza n. 263 del 2009-05-28 — T.A.R. Umbria,,0,https://www.permessidisoggiorno.info/Normativa.aspx?nid=503,
permessidisoggiorno.info,497,05-28-09,Corte di Cassazione,Sentenza,12680,Sentenza n. 12680 del 2009-05-28 — Corte di Cassazione,,0,https://www.permessidisoggiorno.info/Normativa.aspx?nid=497,
immigrazione.biz,342,05-27-09,Ministero dell'Interno,Circolare,3111,Circolare n. 3111 del 27 maggio 2009 Ministero dell'Interno Direzione Centrale dellImmigrazione e della Polizia delle Frontiere,,1,https://www.immigrazione.biz/circolare.php?id=342,
permessidisoggiorno.info,495,05-26-09,Ministero dell'Interno,Circolare,2631,Circolare n. 2631 del 2009-05-26 — Ministero dell'Interno,,1,https://www.permessidisoggiorno.info/Normativa.aspx?nid=495,
permessidisoggiorno.info,494,05-26-09,Ministero dell'Interno,Circolare,2632,Circolare n. 2632 del 2009-05-26 — Ministero dell'Interno,,1,https://www.permessidisoggiorno.info/Normativa.aspx?nid=494,
permessidisoggiorno.info,505,05-25-09,Consiglio dell'Unione Europea,Direttiva,50,Direttiva n. 50 del 2009-05-25 — Consiglio dell'Unione Europea,,1,https://www.permessidisoggiorno.info/Normativa.aspx?nid=505,
permessidisoggiorno.info,493,05-20-09,Corte di Cassazione,Sentenza,11803,Sentenza n. 11803 del 2009-05-20 — Corte di Cassazione,,0,https://www.permessidisoggiorno.info/Normativa.aspx?nid=493,
permessidisoggiorno.info,490,05-20-09,Ministero dell'Interno,Decreto Ministeriale,3748,Decreto Ministeriale n. 3748 del 2009-05-20 — Ministero dell'Interno,Normativa Decreto_Ministeriale,1,https://www.permessidisoggiorno.info/Normativa.aspx?nid=490,
immigrazione.biz,313,05-19-09,,Circolare,2497,Circolare n. 2497 del 19 maggio 2009 Ministero dellInterno,,1,https://www.immigrazione.biz/circolare.php?id=313,
permessidisoggiorno.info,500,05-19-09,Corte di Cassazione,Sentenza,11535,Sentenza n. 11535 del 2009-05-19 — Corte di Cassazione,,0,https://www.permessidisoggiorno.info/Normativa.aspx?nid=500,
permessidisoggiorno.info,487,05-14-09,Corte di Cassazione,Sentenza,11264,Sentenza n. 11264 del 2009-05-14 — Corte di Cassazione,,0,https://www.permessidisoggiorno.info/Normativa.aspx?nid=487,
immigrazione.biz,314,05-13-09,,Circolare,2826,Circolare n. 2826 del 13 maggio 2009 Ministero dellInterno,,1,https://www.immigrazione.biz/circolare.php?id=314,
permessidisoggiorno.info,485,05-11-09,Ministero dell'Interno,Decreto Ministeriale,2241,Decreto Ministeriale n. 2241 del 2009-05-11 — Ministero dell'Interno,Normativa Decreto_Ministeriale,1,https://www.permessidisoggiorno.info/Normativa.aspx?nid=485,
immigrazione.biz,311,05-08-09,Ministero dell'Interno,Circolare,2218,Circolare n. 2218 dell'8 maggio 2009 Ministero dell'Interno - Direzione Centrale per le Politiche dell'Immigrazione e dell'Asilo,,1,https://www.immigrazione.biz/circolare.php?id=311,
permessidisoggiorno.info,483,05-08-09,Ministero dell'Interno,Circolare,2218,Circolare n. 2218 del 2009-05-08 — Ministero dell'Interno,,1,https://www.permessidisoggiorno.info/Normativa.aspx?nid=483,
permessidisoggiorno.info,504,05-07-09,Corte di Cassazione,Sentenza,10504,Sentenza n. 10504 del 2009-05-07 — Corte di Cassazione,,0,https://www.permessidisoggiorno.info/Normativa.aspx?nid=504,
permessidisoggiorno.info,496,05-07-09,Corte di Cassazione,Sentenza,1971,Sentenza n. 1971 del 2009-05-07 — Corte di Cassazione,,0,https://www.permessidisoggiorno.info/Normativa.aspx?nid=496,
permessidisoggiorno.info,498,05-06-09,Ministero dell'Interno,Circolare,400,Circolare n. 400 del 2009-05-06 — Ministero dell'Interno,,1,https://www.permessidisoggiorno.info/Normativa.aspx?nid=498,
permessidisoggiorno.info,481,05-06-09,T.A.R. Emilia Romagna,Sentenza,606,Sentenza n. 606 del 2009-05-06 — T.A.R. Emilia Romagna,,0,https://www.permessidisoggiorno.info/Normativa.aspx?nid=481,
immigrazione.biz,749,05-04-09,Ministero del Lavoro,Circolare,9682,Circolare n. 9682 del 4 maggio 2009 Ministero del Lavoro della Salute e delle Politiche Sociali,,1,https://www.immigrazione.biz/circolare.php?id=749,
permessidisoggiorno.info,511,05-04-09,Ministero del Lavoro,Circolare,,Circolare del 2009-05-04 — Ministero del Lavoro,,1,https://www.permessidisoggiorno.info/Normativa.aspx?nid=511,
permessidisoggiorno.info,491,05-04-09,Tribunale,Ordinanza,193,Ordinanza n. 193 del 2009-05-04 — Tribunale,,0,https://www.permessidisoggiorno.info/Normativa.aspx?nid=491,
immigrazione.biz,309,04-27-09,Ministero dell'Interno,Circolare,13,Circolare n. 13 del 27 aprile 2009 Ministero dell'Interno - Direzione Centrale per i Servizi demografici,,1,https://www.immigrazione.biz/circolare.php?id=309,
permessidisoggiorno.info,476,04-20-09,Consiglio di Stato,Sentenza,2342,Sentenza n. 2342 del 2009-04-20 — Consiglio di Stato,,0,https://www.permessidisoggiorno.info/Normativa.aspx?nid=476,
permessidisoggiorno.info,482,04-17-09,Consiglio di Stato,Sentenza,2323,Sentenza n. 2323 del 2009-04-17 — Consiglio di Stato,,0,https://www.permessidisoggiorno.info/Normativa.aspx?nid=482,
permessidisoggiorno.info,479,04-17-09,Tribunale,Ordinanza,635,Ordinanza n. 635 del 2009-04-17 — Tribunale,,0,https://www.permessidisoggiorno.info/Normativa.aspx?nid=479,
immigrazione.biz,310,04-16-09,Ministero del Lavoro,Circolare,8489,"Circolare n. 8489 del 16 aprile 2009 Ministero del Lavoro, della Salute e delle Politiche Sociali",,1,https://www.immigrazione.biz/circolare.php?id=310,
permessidisoggiorno.info,512,04-16-09,Ministero del Lavoro,Circolare,,Circolare del 2009-04-16 — Ministero del Lavoro,,1,https://www.permessidisoggiorno.info/Normativa.aspx?nid=512,
permessidisoggiorno.info,474,04-15-09,T.A.R. Emilia Romagna,Sentenza,444,Sentenza n. 444 del 2009-04-15 — T.A.R. Emilia Romagna,,0,https://www.permessidisoggiorno.info/Normativa.aspx?nid=474,
permessidisoggiorno.info,473,04-10-09,Governo,Decreto Presidente del Consiglio dei Ministri,84,Decreto Presidente del Consiglio dei Ministri n. 84 del 2009-04-10 — Governo,,0,https://www.permessidisoggiorno.info/Normativa.aspx?nid=473,
immigrazione.biz,308,04-09-09,,Circolare,1746,Circolare n. 1746 del 9 aprile 2009 Ministero dellInterno  Direzione Centrale per le Politiche dellImmigrazione e lAsilo,,1,https://www.immigrazione.biz/circolare.php?id=308,
permessidisoggiorno.info,472,04-09-09,Ministero dell'Interno,Circolare,1746,Circolare n. 1746 del 2009-04-09 — Ministero dell'Interno,,1,https://www.permessidisoggiorno.info/Normativa.aspx?nid=472,
immigrazione.biz,312,04-06-09,Ministero dell'Interno,Circolare,,Risposta prot. 0002082 6 aprile 2009 a quesito del Ministero dell'interno - Dipartimento della pubblica sicurezza - Direzione centrale dellimmigrazione e della polizia delle frontiere,,1,https://www.immigrazione.biz/circolare.php?id=312,
permessidisoggiorno.info,471,04-06-09,Governo,Ordinanza,80,Ordinanza n. 80 del 2009-04-06 — Governo,,0,https://www.permessidisoggiorno.info/Normativa.aspx?nid=471,
immigrazione.biz,305,04-02-09,Ministero dell'Interno,Circolare,5,Circolare n. 5 del 2 aprile 2009 Ministero dell'Interno - Dipartimento per le Libertà Civili e l'Immigrazione,,1,https://www.immigrazione.biz/circolare.php?id=305,
permessidisoggiorno.info,470,04-02-09,Ministero dell'Interno,Circolare,5,Circolare n. 5 del 2009-04-02 — Ministero dell'Interno,,1,https://www.permessidisoggiorno.info/Normativa.aspx?nid=470,
permessidisoggiorno.info,486,03-23-09,Corte di Appello,Sentenza,112,Sentenza n. 112 del 2009-03-23 — Corte di Appello,,0,https://www.permessidisoggiorno.info/Normativa.aspx?nid=486,
immigrazione.biz,302,03-19-09,Ministero del Lavoro,Circolare,6,Circolare n. 6 del 19 marzo 2009 Ministero del Lavoro,,1,https://www.immigrazione.biz/circolare.php?id=302,
permessidisoggiorno.info,492,03-19-09,Ministero dell'Interno,Circolare,400/A,Circolare n. 400/A del 2009-03-19 — Ministero dell'Interno,,1,https://www.permessidisoggiorno.info/Normativa.aspx?nid=492,
immigrazione.biz,306,03-18-09,,Circolare,3,Circolare n. 3 del 18 marzo 2009 Mnistero dell'Interno - Dipartimento per le Libertà Civili e l'Immigrazione,,1,https://www.immigrazione.biz/circolare.php?id=306,
permessidisoggiorno.info,469,03-18-09,Ministero dell'Interno,Circolare,3,Circolare n. 3 del 2009-03-18 — Ministero dell'Interno,,1,https://www.permessidisoggiorno.info/Normativa.aspx?nid=469,
permessidisoggiorno.info,477,03-17-09,Corte di Cassazione,Sentenza,6441,Sentenza n. 6441 del 2009-03-17 — Corte di Cassazione,,0,https://www.permessidisoggiorno.info/Normativa.aspx?nid=477,
immigrazione.biz,303,03-16-09,,Circolare,1504,Circolare n. 1504 del 16 marzo 2009 Ministero dellInterno  Direzione Centrale dellImmigrazione e della Polizia delle Frontiere,,1,https://www.immigrazione.biz/circolare.php?id=303,
immigrazione.biz,300,03-16-09,,Circolare,1518,Circolare n. 1518 del 16 marzo 2009 Ministero dellInterno  Direzione Centrale dellImmigrazione e della Polizia delle Frontiere,,1,https://www.immigrazione.biz/circolare.php?id=300,
immigrazione.biz,307,03-13-09,,Circolare,481,Circolare n. 481 del 13 marzo 2009 Ministero dellInterno  Direzione Centrale dellImmigrazione e della Polizia delle frontiere,,1,https://www.immigrazione.biz/circolare.php?id=307,
immigrazione.biz,301,03-13-09,,Circolare,1497,Circolare n. 1497 del 13 marzo 2009 Ministero dellInterno Direzione Centrale dellImmigrazione e della Polizia delle Frontiere,,1,https://www.immigrazione.biz/circolare.php?id=301,
immigrazione.biz,299,03-11-09,Ministero dell'Interno,Circolare,1439,Circolare n. 1439 del 11 marzo 2009 Ministero dell'Interno Direzione Centrale dell'Immigrazione e della Polizia delle frontiere,,1,https://www.immigrazione.biz/circolare.php?id=299,
immigrazione.biz,297,03-11-09,,Circolare,1280,Circolare n. 1280 del 11 Marzo 2009 Ministero Interno,,1,https://www.immigrazione.biz/circolare.php?id=297,
permessidisoggiorno.info,468,03-11-09,Ministero dell'Interno,Telegramma,1439,Telegramma n. 1439 del 2009-03-11 — Ministero dell'Interno,,0,https://www.permessidisoggiorno.info/Normativa.aspx?nid=468,
permessidisoggiorno.info,467,03-11-09,Ministero dell'Interno,Circolare,1280,Circolare n. 1280 del 2009-03-11 — Ministero dell'Interno,,1,https://www.permessidisoggiorno.info/Normativa.aspx?nid=467,
immigrazione.biz,294,03-03-09,Ministero dell'Interno,Circolare,1125,Circolare n. 1125 del 03 Marzo 2009 Ministero dell'Interno,,1,https://www.immigrazione.biz/circolare.php?id=294,
permessidisoggiorno.info,465,03-03-09,Ministero dell'Interno,Circolare,1125,Circolare n. 1125 del 2009-03-03 — Ministero dell'Interno,,1,https://www.permessidisoggiorno.info/Normativa.aspx?nid=465,
immigrazione.biz,295,03-02-09,,Circolare,1164,Circolare n. 1164 del 2 marzo 2009 Ministero dellInterno,,1,https://www.immigrazione.biz/circolare.php?id=295,
immigrazione.biz,296,02-25-09,INPS,Circolare,27,Circolare n. 27 del 25 febbraio 2009 INPS,,1,https://www.immigrazione.biz/circolare.php?id=296,
permessidisoggiorno.info,466,02-25-09,INPS,Circolare,27,Circolare n. 27 del 2009-02-25 — INPS,,1,https://www.permessidisoggiorno.info/Normativa.aspx?nid=466,
permessidisoggiorno.info,464,02-25-09,Corte di Cassazione,Sentenza,4466,Sentenza n. 4466 del 2009-02-25 — Corte di Cassazione,,0,https://www.permessidisoggiorno.info/Normativa.aspx?nid=464,
immigrazione.biz,291,02-24-09,Ministero del Lavoro,Circolare,4537,Circolare n. 4537 del 24 febbraio 2009 Ministero del Lavoro della salute e delle Politiche sociali,,1,https://www.immigrazione.biz/circolare.php?id=291,
permessidisoggiorno.info,463,02-24-09,Ministero del Lavoro,Circolare,,Circolare del 2009-02-24 — Ministero del Lavoro,,1,https://www.permessidisoggiorno.info/Normativa.aspx?nid=463,
permessidisoggiorno.info,462,02-24-09,Governo,Decreto Legge,45,Decreto Legge n. 45 del 2009-02-24 — Governo,,0,https://www.permessidisoggiorno.info/Normativa.aspx?nid=462,
permessidisoggiorno.info,460,02-20-09,Dipartimento per le Pari Opportunità,Comunicato,42,Comunicato n. 42 del 2009-02-20 — Dipartimento per le Pari Opportunità,,0,https://www.permessidisoggiorno.info/Normativa.aspx?nid=460,
immigrazione.biz,609,02-19-09,Ministero dell'Interno,Circolare,7,Circolare n. 7 del 19 febbraio 2009 Ministero dell'Interno,,1,https://www.immigrazione.biz/circolare.php?id=609,
immigrazione.biz,293,02-19-09,,Circolare,1030,Circolare n. 1030 del 19 febbraio 2009 Ministero dellInterno,,1,https://www.immigrazione.biz/circolare.php?id=293,
immigrazione.biz,176,02-19-09,,Circolare,7,Circolare n.7 del 19 Febbraio 2009 - Area Anagrafe,,1,https://www.immigrazione.biz/circolare.php?id=176,
permessidisoggiorno.info,459,02-19-09,Ministero dell'Interno,Circolare,7,Circolare n. 7 del 2009-02-19 — Ministero dell'Interno,,1,https://www.permessidisoggiorno.info/Normativa.aspx?nid=459,
immigrazione.biz,289,02-17-09,INPS,Circolare,20,Circolare n. 20 del 17 febbraio 2009 INPS,,1,https://www.immigrazione.biz/circolare.php?id=289,
immigrazione.biz,288,02-17-09,Ministero dell'Interno,Circolare,737,Circolare n. 737 del 17 Febbraio 2009 Ministero dell'Interno,,1,https://www.immigrazione.biz/circolare.php?id=288,
immigrazione.biz,248,02-17-09,Ministero dell'Interno,Circolare,738,Circolare n. 738 del 17 Febbraio 2009 Ministero dell'Interno,,1,https://www.immigrazione.biz/circolare.php?id=248,
permessidisoggiorno.info,461,02-17-09,INPS,Circolare,20,Circolare n. 20 del 2009-02-17 — INPS,,1,https://www.permessidisoggiorno.info/Normativa.aspx?nid=461,
permessidisoggiorno.info,458,02-17-09,Corte di Giustizia UE,Sentenza,C-465/07,Sentenza n. C-465/07 del 2009-02-17 — Corte di Giustizia UE,,0,https://www.permessidisoggiorno.info/Normativa.aspx?nid=458,
permessidisoggiorno.info,456,02-17-09,Ministero dell'Interno,Circolare,738,Circolare n. 738 del 2009-02-17 — Ministero dell'Interno,,1,https://www.permessidisoggiorno.info/Normativa.aspx?nid=456,
permessidisoggiorno.info,455,02-17-09,Ministero dell'Interno,Circolare,737,Circolare n. 737 del 2009-02-17 — Ministero dell'Interno,,1,https://www.permessidisoggiorno.info/Normativa.aspx?nid=455,
immigrazione.biz,290,02-16-09,Ministero del Lavoro,Circolare,16,"Circolare n. 16 del 16 febbraio 2009 Ministero del Lavoro, della Salute e delle Politiche Sociali",,1,https://www.immigrazione.biz/circolare.php?id=290,
permessidisoggiorno.info,457,02-16-09,INPS,Circolare,19,Circolare n. 19 del 2009-02-16 — INPS,,1,https://www.permessidisoggiorno.info/Normativa.aspx?nid=457,
immigrazione.biz,286,02-13-09,Ministero dell'Interno,Circolare,685,Circolare n. 685 del 13 febbraio 2009 Ministero dell'Interno,,1,https://www.immigrazione.biz/circolare.php?id=286,
permessidisoggiorno.info,454,02-13-09,Ministero dell'Interno,Circolare,685,Circolare n. 685 del 2009-02-13 — Ministero dell'Interno,,1,https://www.permessidisoggiorno.info/Normativa.aspx?nid=454,
immigrazione.biz,298,02-10-09,Presidenza del Consiglio dei Ministri,Circolare,,Avviso n. 10 del 10 febbraio 2009 Presidenza del Consiglio dei Ministri - Dipartimento per le pari opportunità,,1,https://www.immigrazione.biz/circolare.php?id=298,
permessidisoggiorno.info,452,02-10-09,Agenzia delle Entrate,Decreto Ministeriale,33,Decreto Ministeriale n. 33 del 2009-02-10 — Agenzia delle Entrate,Normativa Decreto_Ministeriale,1,https://www.permessidisoggiorno.info/Normativa.aspx?nid=452,
permessidisoggiorno.info,451,02-10-09,Ministero dell'Interno,Decreto Ministeriale,33,Decreto Ministeriale n. 33 del 2009-02-10 — Ministero dell'Interno,sito della G.U. con gli allegati al bando,1,https://www.permessidisoggiorno.info/Normativa.aspx?nid=451,
immigrazione.biz,287,02-09-09,,Circolare,755,Circolare n. 755 del 9 febbraio 2009 Ministero dellInterno,,1,https://www.immigrazione.biz/circolare.php?id=287,
immigrazione.biz,284,02-06-09,,Circolare,617,Circolare n. 617 del 6 febbraio 2009 Ministero dellInterno - Dipartimento per le libertà civili e l'immigrazione,,1,https://www.immigrazione.biz/circolare.php?id=284,
permessidisoggiorno.info,480,02-06-09,TAR_Lazio,Sentenza,1206,Sentenza n. 1206 del 2009-02-06 — TAR_Lazio,,0,https://www.permessidisoggiorno.info/Normativa.aspx?nid=480,
permessidisoggiorno.info,449,02-06-09,Ministero dell'Interno,Circolare,617,Circolare n. 617 del 2009-02-06 — Ministero dell'Interno,,1,https://www.permessidisoggiorno.info/Normativa.aspx?nid=449,
immigrazione.biz,356,02-05-09,Ministero dell'Interno,Circolare,664,Circolare n. 664 del 5 febbraio 2009 Ministero dell'Interno,,1,https://www.immigrazione.biz/circolare.php?id=356,
immigrazione.biz,285,02-05-09,,Circolare,664,Circolare n. 664 del 5 febbraio 2009 Ministero dellInterno,,1,https://www.immigrazione.biz/circolare.php?id=285,
permessidisoggiorno.info,507,02-05-09,Ministero dell'Interno,Circolare,664,Circolare n. 664 del 2009-02-05 — Ministero dell'Interno,,1,https://www.permessidisoggiorno.info/Normativa.aspx?nid=507,
immigrazione.biz,283,02-03-09,Agenzia delle Entrate,Circolare,2,Circolare n. 2 del 3 febbraio 2009 Agenzia delle Entrate,,1,https://www.immigrazione.biz/circolare.php?id=283,
permessidisoggiorno.info,450,02-03-09,Agenzia delle Entrate,Circolare,2/E,Circolare n. 2/E del 2009-02-03 — Agenzia delle Entrate,,1,https://www.permessidisoggiorno.info/Normativa.aspx?nid=450,
permessidisoggiorno.info,484,02-02-09,Ministero dell'Interno,Decreto Ministeriale,,Decreto Ministeriale del 2009-02-02 — Ministero dell'Interno,Normativa Decreto_Ministeriale,1,https://www.permessidisoggiorno.info/Normativa.aspx?nid=484,
permessidisoggiorno.info,453,02-02-09,Consiglio di Stato,Sentenza,552,Sentenza n. 552 del 2009-02-02 — Consiglio di Stato,,0,https://www.permessidisoggiorno.info/Normativa.aspx?nid=453,
immigrazione.biz,282,01-30-09,Ministero dell'Interno,Circolare,490,Circolare n. 490 del 30 gennaio 2009 Ministero dell'Interno - Direzione Centrale per le politiche dell'Immigrazione e l'Asilo,,1,https://www.immigrazione.biz/circolare.php?id=282,
permessidisoggiorno.info,448,01-30-09,Ministero dell'Interno,Circolare,490,Circolare n. 490 del 2009-01-30 — Ministero dell'Interno,,1,https://www.permessidisoggiorno.info/Normativa.aspx?nid=448,
permessidisoggiorno.info,446,01-29-09,Ministero dell'Interno,Circolare,432,Circolare n. 432 del 2009-01-29 — Ministero dell'Interno,,1,https://www.permessidisoggiorno.info/Normativa.aspx?nid=446,
permessidisoggiorno.info,445,01-29-09,Ministero dell'Interno,Circolare,431,Circolare n. 431 del 2009-01-29 — Ministero dell'Interno,,1,https://www.permessidisoggiorno.info/Normativa.aspx?nid=445,
permessidisoggiorno.info,550,01-27-09,Consiglio di Stato,Sentenza,,Sentenza del 2009-01-27 — Consiglio di Stato,,0,https://www.permessidisoggiorno.info/Normativa.aspx?nid=550,
permessidisoggiorno.info,447,01-26-09,Tribunale,Ordinanza,335,Ordinanza n. 335 del 2009-01-26 — Tribunale,,0,https://www.permessidisoggiorno.info/Normativa.aspx?nid=447,
immigrazione.biz,97,01-23-09,,Circolare,384,Circolare n. 384 del 23 gennaio 2009 Ministero dellInterno Dipartimento della pubblica Sicurezza - Direzione Centrale dell'Immigrazione e della Polizia delle frontiere,,1,https://www.immigrazione.biz/circolare.php?id=97,
immigrazione.biz,281,01-22-09,,Circolare,2,Circolare n. 2 del 22 gennaio 2009 Ministero dellInterno - Direzione Centrale dei Servizi Elettorali,,1,https://www.immigrazione.biz/circolare.php?id=281,
immigrazione.biz,280,01-20-09,Ministero dell'Interno,Circolare,4,Circolare n. 4 del 20 gennaio 2009 Ministero dell'Interno - Direzione Centrale Servizi Demografici,,1,https://www.immigrazione.biz/circolare.php?id=280,
immigrazione.biz,275,01-20-09,Ministero dell'Interno,Circolare,246,Circolare n. 246 del 20 gennaio 2009 Ministero dell'Interno,,1,https://www.immigrazione.biz/circolare.php?id=275,
permessidisoggiorno.info,559,01-20-09,Ministero dell'Interno,Direttiva,246,Direttiva n. 246 del 2009-01-20 — Ministero dell'Interno,,1,https://www.permessidisoggiorno.info/Normativa.aspx?nid=559,
permessidisoggiorno.info,439,01-20-09,Ministero dell'Interno,Circolare,4,Circolare n. 4 del 2009-01-20 — Ministero dell'Interno,,1,https://www.permessidisoggiorno.info/Normativa.aspx?nid=439,
immigrazione.biz,272,01-14-09,Ministero dell'Interno,Circolare,1,Circolare n. 1 del 14 gennaio 2009 Ministero dell'Interno e Ministero del Lavoro della Salute e Politiche Sociali,,1,https://www.immigrazione.biz/circolare.php?id=272,
permessidisoggiorno.info,443,01-14-09,Corte Costituzionale,Sentenza,11,Sentenza n. 11 del 2009-01-14 — Corte Costituzionale,,0,https://www.permessidisoggiorno.info/Normativa.aspx?nid=443,
permessidisoggiorno.info,438,01-14-09,TAR_Lazio,Ordinanza,216,Ordinanza n. 216 del 2009-01-14 — TAR_Lazio,,0,https://www.permessidisoggiorno.info/Normativa.aspx?nid=438,
permessidisoggiorno.info,436,01-14-09,Ministero dell'Interno,Circolare,1,Circolare n. 1 del 2009-01-14 — Ministero dell'Interno,,1,https://www.permessidisoggiorno.info/Normativa.aspx?nid=436,
permessidisoggiorno.info,442,01-09-09,Corte di Cassazione,Sentenza,394,Sentenza n. 394 del 2009-01-09 — Corte di Cassazione,,0,https://www.permessidisoggiorno.info/Normativa.aspx?nid=442,
immigrazione.biz,276,01-08-09,,Circolare,1,Circolare n. 1 dell 8 gennaio 2009 Ministero dellInterno - Direzione Centrale per i Servizi Demografici,,1,https://www.immigrazione.biz/circolare.php?id=276,
permessidisoggiorno.info,435,01-07-09,TAR_Lazio,Sentenza,24,Sentenza n. 24 del 2009-01-07 — TAR_Lazio,,0,https://www.permessidisoggiorno.info/Normativa.aspx?nid=435,
permessidisoggiorno.info,434,01-07-09,INPS,Circolare,2,Circolare n. 2 del 2009-01-07 — INPS,,1,https://www.permessidisoggiorno.info/Normativa.aspx?nid=434,
immigrazione.biz,279,01-02-09,INPS,Circolare,1,Circolare n. 1 del 2 gennaio 2009 INPS,,1,https://www.immigrazione.biz/circolare.php?id=279,
immigrazione.biz,273,01-02-09,,Circolare,9,Circolare n. 9 del 2 gennaio 2009 Ministero dellInterno,,1,https://www.immigrazione.biz/circolare.php?id=273,
permessidisoggiorno.info,437,01-02-09,Ministero dell'Interno,Telegramma,9,Telegramma n. 9 del 2009-01-02 — Ministero dell'Interno,,0,https://www.permessidisoggiorno.info/Normativa.aspx?nid=437,
permessidisoggiorno.info,433,01-02-09,INPS,Circolare,1,Circolare n. 1 del 2009-01-02 — INPS,,1,https://www.permessidisoggiorno.info/Normativa.aspx?nid=433,
permessidisoggiorno.info,431,01-01-09,Ministero dell'Interno,Circolare,1,Circolare n. 1 del 2009-01-01 — Ministero dell'Interno,,1,https://www.permessidisoggiorno.info/Normativa.aspx?nid=431,
permessidisoggiorno.info,432,12-24-08,Ministero dell'Interno,Circolare,5567,Circolare n. 5567 del 2008-12-24 — Ministero dell'Interno,,1,https://www.permessidisoggiorno.info/Normativa.aspx?nid=432,
permessidisoggiorno.info,441,12-16-08,Consiglio dell'Unione Europea,Direttiva,,Direttiva del 2008-12-16 — Consiglio dell'Unione Europea,,1,https://www.permessidisoggiorno.info/Normativa.aspx?nid=441,
permessidisoggiorno.info,430,12-10-08,TAR_Veneto,Sentenza,3771,Sentenza n. 3771 del 2008-12-10 — TAR_Veneto,,0,https://www.permessidisoggiorno.info/Normativa.aspx?nid=430,
permessidisoggiorno.info,427,12-05-08,Ministero dell'Interno,Circolare,5303,Circolare n. 5303 del 2008-12-05 — Ministero dell'Interno,,1,https://www.permessidisoggiorno.info/Normativa.aspx?nid=427,
immigrazione.biz,270,12-03-08,,Circolare,,Circolare del 3 dicembre 2008 Ministero dellInterno,,1,https://www.immigrazione.biz/circolare.php?id=270,
permessidisoggiorno.info,429,12-03-08,TAR_Veneto,Sentenza,3734,Sentenza n. 3734 del 2008-12-03 — TAR_Veneto,,0,https://www.permessidisoggiorno.info/Normativa.aspx?nid=429,
permessidisoggiorno.info,426,12-03-08,Presidente del Consiglio dei Ministri,Decreto Presidente del Consiglio dei Ministri,,Decreto Presidente del Consiglio dei Ministri del 2008-12-03 — Presidente del Consiglio dei Ministri,,0,https://www.permessidisoggiorno.info/Normativa.aspx?nid=426,
immigrazione.biz,271,12-02-08,INPS,Circolare,105,Circolare n. 105 del 2 dicembre 2008 INPS,,1,https://www.immigrazione.biz/circolare.php?id=271,
permessidisoggiorno.info,428,12-02-08,INPS,Circolare,105,Circolare n. 105 del 2008-12-02 — INPS,,1,https://www.permessidisoggiorno.info/Normativa.aspx?nid=428,
immigrazione.biz,277,12-01-08,Ministero dell'Interno,Circolare,,Circolare dell'1 dicembre 2008 Ministero dell'Interno,,1,https://www.immigrazione.biz/circolare.php?id=277,
permessidisoggiorno.info,425,12-01-08,Parlamento Italiano,Legge,281,Legge n. 281 del 2008-12-01 — Parlamento Italiano,,0,https://www.permessidisoggiorno.info/Normativa.aspx?nid=425,
immigrazione.biz,292,11-29-08,,Circolare,,"Bonus straordinario per famiglie, lavoratori, pensionati e non autosufficienti  Art. 1 del d.l. 29 novembre 2008, n. 185",,1,https://www.immigrazione.biz/circolare.php?id=292,
immigrazione.biz,607,11-28-08,Ministero dell'Interno,Circolare,16,Circolare n. 16 del 28 novembre 2008 Ministero dell'Interno,,1,https://www.immigrazione.biz/circolare.php?id=607,
immigrazione.biz,269,11-28-08,Ministero dell'Interno,Circolare,17,Circolare n. 17 del 28 novembre 2008 Ministero dell'Interno,,1,https://www.immigrazione.biz/circolare.php?id=269,
immigrazione.biz,265,11-28-08,Ministero del Lavoro,Circolare,32,"Circolare n. 32 del 28 novembre 2008 Ministero del Lavoro, della Salute e delle Politiche Sociali",,1,https://www.immigrazione.biz/circolare.php?id=265,
permessidisoggiorno.info,422,11-28-08,Ministero dell'Interno,Circolare,16,Circolare n. 16 del 2008-11-28 — Ministero dell'Interno,,1,https://www.permessidisoggiorno.info/Normativa.aspx?nid=422,
permessidisoggiorno.info,421,11-28-08,Ministero dell'Interno,Circolare,17,Circolare n. 17 del 2008-11-28 — Ministero dell'Interno,,1,https://www.permessidisoggiorno.info/Normativa.aspx?nid=421,
permessidisoggiorno.info,424,11-27-08,Ministero del Lavoro,Circolare,32,Circolare n. 32 del 2008-11-27 — Ministero del Lavoro,,1,https://www.permessidisoggiorno.info/Normativa.aspx?nid=424,
permessidisoggiorno.info,420,11-18-08,TAR_Veneto,Sentenza,3586,Sentenza n. 3586 del 2008-11-18 — TAR_Veneto,,0,https://www.permessidisoggiorno.info/Normativa.aspx?nid=420,
immigrazione.biz,266,11-17-08,,Circolare,,Circolare del 17 novembre 2008 Ministero dellInterno,,1,https://www.immigrazione.biz/circolare.php?id=266,
permessidisoggiorno.info,475,11-14-08,Corte di Cassazione,Sentenza,27224,Sentenza n. 27224 del 2008-11-14 — Corte di Cassazione,,0,https://www.permessidisoggiorno.info/Normativa.aspx?nid=475,
permessidisoggiorno.info,419,11-14-08,TAR Lombardia,Sentenza,1637,Sentenza n. 1637 del 2008-11-14 — TAR Lombardia,,0,https://www.permessidisoggiorno.info/Normativa.aspx?nid=419,
permessidisoggiorno.info,418,11-13-08,T.A.R. Liguria,Sentenza,1975,Sentenza n. 1975 del 2008-11-13 — T.A.R. Liguria,,0,https://www.permessidisoggiorno.info/Normativa.aspx?nid=418,
immigrazione.biz,268,11-12-08,Ministero dell'Interno,Circolare,15,Circolare n. 15 del 12 novembre 2008 Ministero dell'Interno,,1,https://www.immigrazione.biz/circolare.php?id=268,
immigrazione.biz,267,11-12-08,Ministero dell'Interno,Circolare,16,Circolare n. 16 del 12 novembre 2008 Ministero dell'Interno,,1,https://www.immigrazione.biz/circolare.php?id=267,
permessidisoggiorno.info,423,11-12-08,Ministero dell'Interno,Circolare,15,Circolare n. 15 del 2008-11-12 — Ministero dell'Interno,,1,https://www.permessidisoggiorno.info/Normativa.aspx?nid=423,
permessidisoggiorno.info,417,11-06-08,TAR_Veneto,Sentenza,3455,Sentenza n. 3455 del 2008-11-06 — TAR_Veneto,,0,https://www.permessidisoggiorno.info/Normativa.aspx?nid=417,
permessidisoggiorno.info,416,11-05-08,TAR_Lazio,Sentenza,9723,Sentenza n. 9723 del 2008-11-05 — TAR_Lazio,,0,https://www.permessidisoggiorno.info/Normativa.aspx?nid=416,
immigrazione.biz,263,11-03-08,,Circolare,10,Circolare n. 10 del 3 novembre 2008 Ministero dellInterno Dipartimento per le Libertà Civili e L'Immigrazione,,1,https://www.immigrazione.biz/circolare.php?id=263,
permessidisoggiorno.info,414,11-03-08,Ministero dell'Interno,Circolare,10,Circolare n. 10 del 2008-11-03 — Ministero dell'Interno,,1,https://www.permessidisoggiorno.info/Normativa.aspx?nid=414,
immigrazione.biz,626,10-31-08,Ministero dell'Interno,Circolare,14,Circolare n. 14 del 31 ottobre 2008 Ministero dell'Interno,,1,https://www.immigrazione.biz/circolare.php?id=626,
permessidisoggiorno.info,413,10-31-08,Ministero dell'Interno,Circolare,14,Circolare n. 14 del 2008-10-31 — Ministero dell'Interno,,1,https://www.permessidisoggiorno.info/Normativa.aspx?nid=413,
immigrazione.biz,274,10-29-08,Agenzia delle Entrate,Circolare,,Risoluzione n. 404/E del 29 ottobre 2008 Agenzia delle Entrate,,1,https://www.immigrazione.biz/circolare.php?id=274,
immigrazione.biz,262,10-28-08,Ministero dell'Interno,Circolare,13,Circolare n. 13 del 28 ottobre 2008 Ministero dell'Interno - Dipartimento per gli affari interni e territoriali,,1,https://www.immigrazione.biz/circolare.php?id=262,
immigrazione.biz,260,10-28-08,,Circolare,4660,Circolare n. 4660 del 28 ottobre 2008 Ministero dellInterno Dipartimento per le Libertà Civili e lImmigrazione,,1,https://www.immigrazione.biz/circolare.php?id=260,
permessidisoggiorno.info,412,10-28-08,Ministero dell'Interno,Circolare,13,Circolare n. 13 del 2008-10-28 — Ministero dell'Interno,,1,https://www.permessidisoggiorno.info/Normativa.aspx?nid=412,
permessidisoggiorno.info,411,10-28-08,Ministero dell'Interno,Circolare,4660,Circolare n. 4660 del 2008-10-28 — Ministero dell'Interno,,1,https://www.permessidisoggiorno.info/Normativa.aspx?nid=411,
permessidisoggiorno.info,410,10-21-08,Governo,Decreto Legislativo,247,Decreto Legislativo n. 247 del 2008-10-21 — Governo,,0,https://www.permessidisoggiorno.info/Normativa.aspx?nid=410,
permessidisoggiorno.info,409,10-21-08,Governo,Decreto Legislativo,247,Decreto Legislativo n. 247 del 2008-10-21 — Governo,,0,https://www.permessidisoggiorno.info/Normativa.aspx?nid=409,
permessidisoggiorno.info,406,10-10-08,T.A.R. Marche,Sentenza,1550,Sentenza n. 1550 del 2008-10-10 — T.A.R. Marche,,0,https://www.permessidisoggiorno.info/Normativa.aspx?nid=406,
permessidisoggiorno.info,415,10-08-08,TAR_Lazio,Sentenza,8831,Sentenza n. 8831 del 2008-10-08 — TAR_Lazio,,0,https://www.permessidisoggiorno.info/Normativa.aspx?nid=415,
immigrazione.biz,259,10-07-08,Ministero del Lavoro,Circolare,25,"Circolare n. 25 del 7 ottobre 2008 Ministero del Lavoro, della Salute e delle Politiche Sociali  Direzione Generale del Mercato del Lavoro Div. II",,1,https://www.immigrazione.biz/circolare.php?id=259,
permessidisoggiorno.info,408,10-07-08,Ministero del Lavoro,Circolare,25,Circolare n. 25 del 2008-10-07 — Ministero del Lavoro,,1,https://www.permessidisoggiorno.info/Normativa.aspx?nid=408,
permessidisoggiorno.info,407,10-06-08,TAR_Veneto,Sentenza,3125,Sentenza n. 3125 del 2008-10-06 — TAR_Veneto,,0,https://www.permessidisoggiorno.info/Normativa.aspx?nid=407,
permessidisoggiorno.info,405,10-02-08,Governo,Decreto Legge,231,Decreto Legge n. 231 del 2008-10-02 — Governo,,0,https://www.permessidisoggiorno.info/Normativa.aspx?nid=405,
immigrazione.biz,264,09-29-08,Ministero dell'Interno,Circolare,,Circolare del 29 settembre 2008 Ministero dell'Interno,,1,https://www.immigrazione.biz/circolare.php?id=264,
immigrazione.biz,257,09-26-08,,Circolare,24,Circolare n. 24 del 26 settembre 2008 Ministero della solidarietà sociale,,1,https://www.immigrazione.biz/circolare.php?id=257,
permessidisoggiorno.info,403,09-26-08,Ministero del Lavoro,Circolare,24,Circolare n. 24 del 2008-09-26 — Ministero del Lavoro,,1,https://www.permessidisoggiorno.info/Normativa.aspx?nid=403,
permessidisoggiorno.info,404,09-25-08,T.A.R. Umbria,Sentenza,576,Sentenza n. 576 del 2008-09-25 — T.A.R. Umbria,,0,https://www.permessidisoggiorno.info/Normativa.aspx?nid=404,
permessidisoggiorno.info,402,09-23-08,Agenzia delle Entrate,Sentenza,236,Sentenza n. 236 del 2008-09-23 — Agenzia delle Entrate,,0,https://www.permessidisoggiorno.info/Normativa.aspx?nid=402,
permessidisoggiorno.info,400,09-12-08,Presidente del Consiglio dei Ministri,Ordinanza,3703,Ordinanza n. 3703 del 2008-09-12 — Presidente del Consiglio dei Ministri,,0,https://www.permessidisoggiorno.info/Normativa.aspx?nid=400,
immigrazione.biz,278,09-04-08,Ministero dell'Interno,Circolare,3356,Circolare n. 3356 del 4 settembre 2008 Ministero dell'Interno,,1,https://www.immigrazione.biz/circolare.php?id=278,
immigrazione.biz,258,09-03-08,Ministero delle Infrastrutture,Circolare,69656,Circolare n. 0069656 3 settembre 2008 Ministero delle Infrastrutture e dei Trasporti,,1,https://www.immigrazione.biz/circolare.php?id=258,
permessidisoggiorno.info,396,09-03-08,TAR_Veneto,Sentenza,2648,Sentenza n. 2648 del 2008-09-03 — TAR_Veneto,,0,https://www.permessidisoggiorno.info/Normativa.aspx?nid=396,
immigrazione.biz,254,09-01-08,Ministero dell'Interno,Circolare,3773,Circolare n. 3773 dell'1 settembre 2008 Ministero dell'Interno - Dipartimento per le Libertà Civili e l'Immigrazione,,1,https://www.immigrazione.biz/circolare.php?id=254,
permessidisoggiorno.info,394,09-01-08,Ministero dell'Interno,Circolare,3773,Circolare n. 3773 del 2008-09-01 — Ministero dell'Interno,,1,https://www.permessidisoggiorno.info/Normativa.aspx?nid=394,
permessidisoggiorno.info,393,09-01-08,TAR Friuli Venezia Giulia,Sentenza,518,Sentenza n. 518 del 2008-09-01 — TAR Friuli Venezia Giulia,,0,https://www.permessidisoggiorno.info/Normativa.aspx?nid=393,
permessidisoggiorno.info,392,08-27-08,TAR Lombardia,Ordinanza,1330/08,Ordinanza n. 1330/08 del 2008-08-27 — TAR Lombardia,,0,https://www.permessidisoggiorno.info/Normativa.aspx?nid=392,
permessidisoggiorno.info,401,08-25-08,Commissione delle Comunità Europee,nota,13215,nota n. 13215 del 2008-08-25 — Commissione delle Comunità Europee,,1,https://www.permessidisoggiorno.info/Normativa.aspx?nid=401,
permessidisoggiorno.info,387,08-21-08,Parlamento Italiano,Legge,195,Legge n. 195 del 2008-08-21 — Parlamento Italiano,,0,https://www.permessidisoggiorno.info/Normativa.aspx?nid=387,
permessidisoggiorno.info,398,07-29-08,Corte Costituzionale,Sentenza,306,Sentenza n. 306 del 2008-07-29 — Corte Costituzionale,,0,https://www.permessidisoggiorno.info/Normativa.aspx?nid=398,
immigrazione.biz,251,07-28-08,Ministero dell'Interno,Circolare,,Circolare del 28 luglio 2008 Ministero dell'Interno,,1,https://www.immigrazione.biz/circolare.php?id=251,
permessidisoggiorno.info,384,07-28-08,Ministero dell'Interno,Telegramma,,Telegramma del 2008-07-28 — Ministero dell'Interno,,0,https://www.permessidisoggiorno.info/Normativa.aspx?nid=384,
permessidisoggiorno.info,397,07-25-08,Corte di Giustizia UE,Sentenza,C 127/08,Sentenza n. C 127/08 del 2008-07-25 — Corte di Giustizia UE,,0,https://www.permessidisoggiorno.info/Normativa.aspx?nid=397,
permessidisoggiorno.info,383,07-25-08,Parlamento Italiano,Legge,173,Legge n. 173 del 2008-07-25 — Parlamento Italiano,,0,https://www.permessidisoggiorno.info/Normativa.aspx?nid=383,
immigrazione.biz,256,07-19-08,Ministero della Salute,Circolare,11494,Circolare n. 11494 del 19 luglio 2008 Ministero della Salute,,1,https://www.immigrazione.biz/circolare.php?id=256,
immigrazione.biz,249,07-17-08,Ministero del Lavoro,Circolare,18,Circolare n. 18 del 17 luglio 2008 - Ministero del Lavoro - Distribuzione 12mila ingressi rimanenti flussi 2007,,1,https://www.immigrazione.biz/circolare.php?id=249,
permessidisoggiorno.info,382,07-17-08,Ministero del Lavoro,Circolare,18,Circolare n. 18 del 2008-07-17 — Ministero del Lavoro,,1,https://www.permessidisoggiorno.info/Normativa.aspx?nid=382,
immigrazione.biz,250,07-16-08,,Circolare,400/C/2008/2850/P/10.2.2,Circolare n. 400/C/2008/2850/P/10.2.2 del 16 luglio 2008 Ministero dellInterno,,1,https://www.immigrazione.biz/circolare.php?id=250,
permessidisoggiorno.info,380,07-14-08,TAR_Veneto,Sentenza,2000,Sentenza n. 2000 del 2008-07-14 — TAR_Veneto,,0,https://www.permessidisoggiorno.info/Normativa.aspx?nid=380,
permessidisoggiorno.info,379,07-10-08,Corte di Giustizia UE,Sentenza,,Sentenza del 2008-07-10 — Corte di Giustizia UE,,0,https://www.permessidisoggiorno.info/Normativa.aspx?nid=379,
permessidisoggiorno.info,395,07-09-08,Ministero del Lavoro,Decreto Ministeriale,,Decreto Ministeriale del 2008-07-09 — Ministero del Lavoro,Normativa Decreto_Ministeriale,1,https://www.permessidisoggiorno.info/Normativa.aspx?nid=395,
permessidisoggiorno.info,375,07-07-08,Ministero dell'Interno,Decreto Interministeriale,157,Decreto Interministeriale n. 157 del 2008-07-07 — Ministero dell'Interno,Normativa Decreto_Interministeriale,0,https://www.permessidisoggiorno.info/Normativa.aspx?nid=375,
permessidisoggiorno.info,378,07-04-08,Consiglio dell'Unione Europea,Regolamento,,Regolamento del 2008-07-04 — Consiglio dell'Unione Europea,,0,https://www.permessidisoggiorno.info/Normativa.aspx?nid=378,
permessidisoggiorno.info,376,07-04-08,INPS,Circolare,69,Circolare n. 69 del 2008-07-04 — INPS,,1,https://www.permessidisoggiorno.info/Normativa.aspx?nid=376,
immigrazione.biz,245,07-03-08,,Circolare,,Circolare del 3 luglio 2008 Ministero dellInterno Servizio Polizia delle frontiere e degli stranieri,,1,https://www.immigrazione.biz/circolare.php?id=245,
permessidisoggiorno.info,381,07-03-08,Ministero dell'Interno,Circolare,n°400/C/2008/2653P/5.510.3,Circolare n. n°400/C/2008/2653P/5.510.3 del 2008-07-03 — Ministero dell'Interno,,1,https://www.permessidisoggiorno.info/Normativa.aspx?nid=381,
immigrazione.biz,243,07-01-08,Ministero dell'Interno,Circolare,2896,Circolare n. 2896 del 1 luglio 2008 Ministero dell'Interno,,1,https://www.immigrazione.biz/circolare.php?id=243,
permessidisoggiorno.info,374,07-01-08,Ministero dell'Interno,Circolare,2896,Circolare n. 2896 del 2008-07-01 — Ministero dell'Interno,,1,https://www.permessidisoggiorno.info/Normativa.aspx?nid=374,
permessidisoggiorno.info,373,06-27-08,TAR_Lazio,Sentenza,6317,Sentenza n. 6317 del 2008-06-27 — TAR_Lazio,,0,https://www.permessidisoggiorno.info/Normativa.aspx?nid=373,
permessidisoggiorno.info,372,06-25-08,Ministero degli Esteri,Comunicato,147,Comunicato n. 147 del 2008-06-25 — Ministero degli Esteri,,0,https://www.permessidisoggiorno.info/Normativa.aspx?nid=372,
permessidisoggiorno.info,371,06-25-08,Governo,Decreto Legge,112,Decreto Legge n. 112 del 2008-06-25 — Governo,,0,https://www.permessidisoggiorno.info/Normativa.aspx?nid=371,
permessidisoggiorno.info,370,06-20-08,T.A.R. Piemonte,Sentenza,1400,Sentenza n. 1400 del 2008-06-20 — T.A.R. Piemonte,,0,https://www.permessidisoggiorno.info/Normativa.aspx?nid=370,
permessidisoggiorno.info,369,06-17-08,TAR Lombardia,Sentenza,2084,Sentenza n. 2084 del 2008-06-17 — TAR Lombardia,,0,https://www.permessidisoggiorno.info/Normativa.aspx?nid=369,
permessidisoggiorno.info,368,06-16-08,T.A.R. Piemonte,Sentenza,1377,Sentenza n. 1377 del 2008-06-16 — T.A.R. Piemonte,,0,https://www.permessidisoggiorno.info/Normativa.aspx?nid=368,
immigrazione.biz,242,06-12-08,Ministero dell'Interno,Circolare,K60,Circolare n. K60 del 12 Giugno 2008 - Ministero dell'Interno,,1,https://www.immigrazione.biz/circolare.php?id=242,
permessidisoggiorno.info,366,06-12-08,Ministero dell'Interno,Circolare,K.60,Circolare n. K.60 del 2008-06-12 — Ministero dell'Interno,,1,https://www.permessidisoggiorno.info/Normativa.aspx?nid=366,
permessidisoggiorno.info,365,06-11-08,T.A.R. Piemonte,Sentenza,1352,Sentenza n. 1352 del 2008-06-11 — T.A.R. Piemonte,,0,https://www.permessidisoggiorno.info/Normativa.aspx?nid=365,
immigrazione.biz,241,06-10-08,INPS,Circolare,68,Circolare n. 68 del 10 giugno 2008 INPS,,1,https://www.immigrazione.biz/circolare.php?id=241,
permessidisoggiorno.info,377,06-06-08,T.A.R. Emilia Romagna,Sentenza,2343,Sentenza n. 2343 del 2008-06-06 — T.A.R. Emilia Romagna,,0,https://www.permessidisoggiorno.info/Normativa.aspx?nid=377,
permessidisoggiorno.info,364,06-05-08,Ministero dell'Interno,Decreto Ministeriale,130,Decreto Ministeriale n. 130 del 2008-06-05 — Ministero dell'Interno,Normativa Decreto_Ministeriale,1,https://www.permessidisoggiorno.info/Normativa.aspx?nid=364,
permessidisoggiorno.info,362,06-05-08,TAR_Veneto,Sentenza,1664,Sentenza n. 1664 del 2008-06-05 — TAR_Veneto,,0,https://www.permessidisoggiorno.info/Normativa.aspx?nid=362,
immigrazione.biz,244,06-04-08,INPS,Messaggio,12886,Messaggio N. 012886 del 4 giugno 2008 INPS,,1,https://www.immigrazione.biz/circolare.php?id=244,
permessidisoggiorno.info,489,06-04-08,Ministero dell'Interno,Circolare,5999,Circolare n. 5999 del 2008-06-04 — Ministero dell'Interno,,1,https://www.permessidisoggiorno.info/Normativa.aspx?nid=489,
permessidisoggiorno.info,367,06-04-08,INPS,Circolare,12886,Circolare n. 12886 del 2008-06-04 — INPS,,1,https://www.permessidisoggiorno.info/Normativa.aspx?nid=367,
permessidisoggiorno.info,361,05-30-08,Tribunale,Ordinanza,2454,Ordinanza n. 2454 del 2008-05-30 — Tribunale,,0,https://www.permessidisoggiorno.info/Normativa.aspx?nid=361,
permessidisoggiorno.info,360,05-28-08,TAR_Lazio,Sentenza,5212,Sentenza n. 5212 del 2008-05-28 — TAR_Lazio,,0,https://www.permessidisoggiorno.info/Normativa.aspx?nid=360,
permessidisoggiorno.info,359,05-26-08,Governo,Decreto Presidente del Consiglio dei Ministri,122,Decreto Presidente del Consiglio dei Ministri n. 122 del 2008-05-26 — Governo,,0,https://www.permessidisoggiorno.info/Normativa.aspx?nid=359,
permessidisoggiorno.info,358,05-26-08,Consiglio di Stato,Sentenza,2437,Sentenza n. 2437 del 2008-05-26 — Consiglio di Stato,,0,https://www.permessidisoggiorno.info/Normativa.aspx?nid=358,
permessidisoggiorno.info,357,05-26-08,Governo,Decreto Legge,122,Decreto Legge n. 122 del 2008-05-26 — Governo,,0,https://www.permessidisoggiorno.info/Normativa.aspx?nid=357,
permessidisoggiorno.info,363,05-21-08,Ministero degli Esteri,nota,Kos 3b,nota n. Kos 3b del 2008-05-21 — Ministero degli Esteri,,1,https://www.permessidisoggiorno.info/Normativa.aspx?nid=363,
permessidisoggiorno.info,355,05-16-08,Ministero dell'Interno,Decreto Ministeriale,114,Decreto Ministeriale n. 114 del 2008-05-16 — Ministero dell'Interno,Normativa Decreto_Ministeriale,1,https://www.permessidisoggiorno.info/Normativa.aspx?nid=355,
immigrazione.biz,613,05-15-08,Ministero dell'Interno,Circolare,397,Circolare n. 397 del 15 maggio 2008 Ministero dell'Interno,,1,https://www.immigrazione.biz/circolare.php?id=613,
immigrazione.biz,238,05-15-08,INPS,Circolare,60,Circolare n. 60 del 15 maggio 2008 INPS,,1,https://www.immigrazione.biz/circolare.php?id=238,
permessidisoggiorno.info,488,05-15-08,Ministero dell'Interno,Circolare,397,Circolare n. 397 del 2008-05-15 — Ministero dell'Interno,,1,https://www.permessidisoggiorno.info/Normativa.aspx?nid=488,
permessidisoggiorno.info,356,05-15-08,INPS,Circolare,60,Circolare n. 60 del 2008-05-15 — INPS,,1,https://www.permessidisoggiorno.info/Normativa.aspx?nid=356,
permessidisoggiorno.info,354,05-15-08,T.A.R. Valle D'Aosta,Sentenza,45,Sentenza n. 45 del 2008-05-15 — T.A.R. Valle D'Aosta,,0,https://www.permessidisoggiorno.info/Normativa.aspx?nid=354,
immigrazione.biz,234,05-13-08,Ministero dell'Interno,Circolare,2198,Circolare n. 2198 del 13 maggio 2008 Ministero dell'Interno Dipartimento per le Libertà Civili e l'Immigrazione,,1,https://www.immigrazione.biz/circolare.php?id=234,
permessidisoggiorno.info,352,05-13-08,Ministero dell'Interno,Circolare,2198,Circolare n. 2198 del 2008-05-13 — Ministero dell'Interno,,1,https://www.permessidisoggiorno.info/Normativa.aspx?nid=352,
permessidisoggiorno.info,353,05-12-08,TAR_Veneto,Sentenza,1303,Sentenza n. 1303 del 2008-05-12 — TAR_Veneto,,0,https://www.permessidisoggiorno.info/Normativa.aspx?nid=353,
immigrazione.biz,661,05-09-08,Ministero dell'Interno,Nota,,Nota del 9 maggio 2008 Ministero dell'Interno,,1,https://www.immigrazione.biz/circolare.php?id=661,
permessidisoggiorno.info,351,05-08-08,INPS,Circolare,56,Circolare n. 56 del 2008-05-08 — INPS,,1,https://www.permessidisoggiorno.info/Normativa.aspx?nid=351,
permessidisoggiorno.info,350,05-07-08,TAR_Veneto,Sentenza,1254,Sentenza n. 1254 del 2008-05-07 — TAR_Veneto,,0,https://www.permessidisoggiorno.info/Normativa.aspx?nid=350,
permessidisoggiorno.info,349,05-07-08,TAR_Veneto,Sentenza,1245,Sentenza n. 1245 del 2008-05-07 — TAR_Veneto,,0,https://www.permessidisoggiorno.info/Normativa.aspx?nid=349,
immigrazione.biz,237,05-02-08,Ministero del Lavoro,Circolare,13,Circolare n. 13 del 02 maggio 2008 Ministero del Lavoro e della Previdenza Sociale,,1,https://www.immigrazione.biz/circolare.php?id=237,
permessidisoggiorno.info,346,05-02-08,Ministero dell'Università e della Ricerca,Decreto Ministeriale,102,Decreto Ministeriale n. 102 del 2008-05-02 — Ministero dell'Università e della Ricerca,Normativa Decreto_Ministeriale,1,https://www.permessidisoggiorno.info/Normativa.aspx?nid=346,
immigrazione.biz,232,04-30-08,,Circolare,3413,Circolare n. 0003413 del 30 aprile 2008 Ministero dellInterno Dipartimento per gli Affari Interni e Territoriali Direzione Centrale per i Servizi Demografici,,1,https://www.immigrazione.biz/circolare.php?id=232,
permessidisoggiorno.info,345,04-30-08,Ministero dell'Interno,Circolare,3413,Circolare n. 3413 del 2008-04-30 — Ministero dell'Interno,,1,https://www.permessidisoggiorno.info/Normativa.aspx?nid=345,
permessidisoggiorno.info,347,04-29-08,Consiglio dell'Unione Europea,Regolamento,115,Regolamento n. 115 del 2008-04-29 — Consiglio dell'Unione Europea,,0,https://www.permessidisoggiorno.info/Normativa.aspx?nid=347,
permessidisoggiorno.info,344,04-28-08,TAR_Veneto,Sentenza,1138,Sentenza n. 1138 del 2008-04-28 — TAR_Veneto,,0,https://www.permessidisoggiorno.info/Normativa.aspx?nid=344,
permessidisoggiorno.info,348,04-23-08,Governo,Decreto Presidente del Consiglio dei Ministri,,Decreto Presidente del Consiglio dei Ministri del 2008-04-23 — Governo,,0,https://www.permessidisoggiorno.info/Normativa.aspx?nid=348,
permessidisoggiorno.info,341,04-22-08,T.A.R. Emilia Romagna,Sentenza,1525,Sentenza n. 1525 del 2008-04-22 — T.A.R. Emilia Romagna,,0,https://www.permessidisoggiorno.info/Normativa.aspx?nid=341,
permessidisoggiorno.info,339,04-21-08,TAR Friuli Venezia Giulia,Sentenza,253,Sentenza n. 253 del 2008-04-21 — TAR Friuli Venezia Giulia,,0,https://www.permessidisoggiorno.info/Normativa.aspx?nid=339,
permessidisoggiorno.info,337,04-16-08,TAR Lombardia,Sentenza,384,Sentenza n. 384 del 2008-04-16 — TAR Lombardia,,0,https://www.permessidisoggiorno.info/Normativa.aspx?nid=337,
immigrazione.biz,229,04-15-08,INPS,Messaggio,8737,Messaggio n.8737 del 15 aprile 2008 INPS,,1,https://www.immigrazione.biz/circolare.php?id=229,
permessidisoggiorno.info,336,04-15-08,TAR Lombardia,Sentenza,370,Sentenza n. 370 del 2008-04-15 — TAR Lombardia,,0,https://www.permessidisoggiorno.info/Normativa.aspx?nid=336,
permessidisoggiorno.info,335,04-15-08,INPS,Messaggio,8737,Messaggio n. 8737 del 2008-04-15 — INPS,,0,https://www.permessidisoggiorno.info/Normativa.aspx?nid=335,
immigrazione.biz,236,04-11-08,,Circolare,DIRS72/0781,Circolare n. DIRS72/0781 dell 11 aprile 2008 Regione Sicilia Assessorato per la Sanità Ispettorato Regionale Sanitario,,1,https://www.immigrazione.biz/circolare.php?id=236,
permessidisoggiorno.info,330,04-11-08,Ministero dell'Interno,Circolare,1706,Circolare n. 1706 del 2008-04-11 — Ministero dell'Interno,,1,https://www.permessidisoggiorno.info/Normativa.aspx?nid=330,
immigrazione.biz,227,04-10-08,,Circolare,1698,Circolare n. 1698 del 10 aprile 2008 Ministero dellInterno,,1,https://www.immigrazione.biz/circolare.php?id=227,
permessidisoggiorno.info,334,04-10-08,Ministero dell'Interno,Circolare,1698,Circolare n. 1698 del 2008-04-10 — Ministero dell'Interno,,1,https://www.permessidisoggiorno.info/Normativa.aspx?nid=334,
immigrazione.biz,228,04-09-08,,Circolare,1639,Circolare n. 1639 del 9 aprile 2008 Ministero dellInterno,,1,https://www.immigrazione.biz/circolare.php?id=228,
permessidisoggiorno.info,327,04-09-08,Ministero dell'Interno,Circolare,1639,Circolare n. 1639 del 2008-04-09 — Ministero dell'Interno,,1,https://www.permessidisoggiorno.info/Normativa.aspx?nid=327,
immigrazione.biz,224,04-08-08,,Circolare,3389,Circolare n. 3389 dell 8 aprile 2008 Ministero dellInterno Dipartimento per gli Affari Interni e Territoriali,,1,https://www.immigrazione.biz/circolare.php?id=224,
permessidisoggiorno.info,331,04-08-08,Ministero dell'Interno,Circolare,3389,Circolare n. 3389 del 2008-04-08 — Ministero dell'Interno,,1,https://www.permessidisoggiorno.info/Normativa.aspx?nid=331,
permessidisoggiorno.info,325,04-07-08,Ministero dell'Interno,Circolare,1600,Circolare n. 1600 del 2008-04-07 — Ministero dell'Interno,,1,https://www.permessidisoggiorno.info/Normativa.aspx?nid=325,
immigrazione.biz,222,04-04-08,Ministero dell'Interno,Circolare,1575,Circolare n. 1575 del 04 aprile 2008 Ministero dell'Interno Dipartimento per le Libertà Civili e l'Immigrazione,,1,https://www.immigrazione.biz/circolare.php?id=222,
permessidisoggiorno.info,324,04-04-08,Ministero dell'Interno,Circolare,1575,Circolare n. 1575 del 2008-04-04 — Ministero dell'Interno,,1,https://www.permessidisoggiorno.info/Normativa.aspx?nid=324,
immigrazione.biz,231,04-03-08,INPS,Circolare,41,Circolare n. 41 del 3 aprile 2008 INPS Direzione Centrale Entrate Contributive Studio e Ricerca per lo Sviluppo delle Attività delle Convenzioni Internazionali,,1,https://www.immigrazione.biz/circolare.php?id=231,
permessidisoggiorno.info,478,04-03-08,Corte di Cassazione,Sentenza,8582,Sentenza n. 8582 del 2008-04-03 — Corte di Cassazione,,0,https://www.permessidisoggiorno.info/Normativa.aspx?nid=478,
permessidisoggiorno.info,329,04-03-08,INPS,Circolare,41,Circolare n. 41 del 2008-04-03 — INPS,,1,https://www.permessidisoggiorno.info/Normativa.aspx?nid=329,
permessidisoggiorno.info,328,04-03-08,T.A.R. Emilia Romagna,Sentenza,1248,Sentenza n. 1248 del 2008-04-03 — T.A.R. Emilia Romagna,,0,https://www.permessidisoggiorno.info/Normativa.aspx?nid=328,
permessidisoggiorno.info,323,04-03-08,Ministero del Lavoro,Circolare,25/I/0004716,Circolare n. 25/I/0004716 del 2008-04-03 — Ministero del Lavoro,,1,https://www.permessidisoggiorno.info/Normativa.aspx?nid=323,
permessidisoggiorno.info,326,04-02-08,T.A.R. Piemonte,Sentenza,,Sentenza del 2008-04-02 — T.A.R. Piemonte,,0,https://www.permessidisoggiorno.info/Normativa.aspx?nid=326,
permessidisoggiorno.info,322,04-01-08,T.A.R. Sicilia,Sentenza,425,Sentenza n. 425 del 2008-04-01 — T.A.R. Sicilia,,0,https://www.permessidisoggiorno.info/Normativa.aspx?nid=322,
immigrazione.biz,223,03-31-08,Ministero dell'Interno,Circolare,K60,Circolare n. K60 del 31 marzo 2008 Ministero dell'Interno - Dipartimento per le Libertà Civili e l'Immigrazione,,1,https://www.immigrazione.biz/circolare.php?id=223,
permessidisoggiorno.info,332,03-31-08,Ministero dell'Interno,Circolare,K.60,Circolare n. K.60 del 2008-03-31 — Ministero dell'Interno,,1,https://www.permessidisoggiorno.info/Normativa.aspx?nid=332,
immigrazione.biz,220,03-28-08,Ministero dell'Interno,Circolare,17272/7,Circolare n. 17272/7 del 28 marzo 2008 Ministero dell'Interno,,1,https://www.immigrazione.biz/circolare.php?id=220,
immigrazione.biz,219,03-28-08,Ministero dell'Interno,Circolare,5,Circolare n. 5 del 28 marzo 2008 Ministero dell'Interno - Dipartimento per le libertà civili e l'immigrazione,,1,https://www.immigrazione.biz/circolare.php?id=219,
permessidisoggiorno.info,321,03-28-08,Ministero dell'Interno,Direttiva,17272/7,Direttiva n. 17272/7 del 2008-03-28 — Ministero dell'Interno,,1,https://www.permessidisoggiorno.info/Normativa.aspx?nid=321,
permessidisoggiorno.info,313,03-28-08,Ministero dell'Interno,Circolare,5,Circolare n. 5 del 2008-03-28 — Ministero dell'Interno,,1,https://www.permessidisoggiorno.info/Normativa.aspx?nid=313,
permessidisoggiorno.info,316,03-27-08,T.A.R. Puglia,Sentenza,684,Sentenza n. 684 del 2008-03-27 — T.A.R. Puglia,,0,https://www.permessidisoggiorno.info/Normativa.aspx?nid=316,
permessidisoggiorno.info,312,03-27-08,Ministero dell'Interno,Decreto Interministeriale,73,Decreto Interministeriale n. 73 del 2008-03-27 — Ministero dell'Interno,Normativa Decreto Interministeriale,0,https://www.permessidisoggiorno.info/Normativa.aspx?nid=312,
immigrazione.biz,235,03-25-08,Ministero del Lavoro,Circolare,7,Circolare n. 7 del 25 marzo 2008 Ministero del Lavoro e della Previdenza Sociale,,1,https://www.immigrazione.biz/circolare.php?id=235,
permessidisoggiorno.info,338,03-20-08,Corte di Cassazione,Sentenza,7472,Sentenza n. 7472 del 2008-03-20 — Corte di Cassazione,,0,https://www.permessidisoggiorno.info/Normativa.aspx?nid=338,
immigrazione.biz,233,03-18-08,INPS,Messaggio,6449,Messaggio n. 6449 del 18 marzo 2008 INPS,,1,https://www.immigrazione.biz/circolare.php?id=233,
immigrazione.biz,214,03-18-08,Ministero dell'Interno,Circolare,1288,Circolare n. 1288 del 18 marzo 2008 Ministero dell'Interno,,1,https://www.immigrazione.biz/circolare.php?id=214,
immigrazione.biz,213,03-18-08,INPS,Circolare,33,Circolare n.33 del 18 marzo 2008 INPS,,1,https://www.immigrazione.biz/circolare.php?id=213,
permessidisoggiorno.info,310,03-18-08,Agenzia delle Entrate,Circolare,100,Circolare n. 100 del 2008-03-18 — Agenzia delle Entrate,,1,https://www.permessidisoggiorno.info/Normativa.aspx?nid=310,
permessidisoggiorno.info,309,03-18-08,INPS,Circolare,33,Circolare n. 33 del 2008-03-18 — INPS,,1,https://www.permessidisoggiorno.info/Normativa.aspx?nid=309,
permessidisoggiorno.info,308,03-18-08,Ministero dell'Interno,Circolare,1288,Circolare n. 1288 del 2008-03-18 — Ministero dell'Interno,,1,https://www.permessidisoggiorno.info/Normativa.aspx?nid=308,
immigrazione.biz,215,03-13-08,Ministero dell'Interno,Circolare,,Circolare del 13 marzo 2008 del Ministero dell'Interno e Ministero e della Solidarietà Sociale,,1,https://www.immigrazione.biz/circolare.php?id=215,
immigrazione.biz,212,03-13-08,Ministero dell'Interno,Circolare,400/C/2008/1314/P1.218,Circolare n. 400/C/2008/1314/P1.218 1.1 del 13 marzo 2008 Ministero dell'Interno - Direzione Centrale dell'Immigrazione e della Polizia delle Frontiere,,1,https://www.immigrazione.biz/circolare.php?id=212,
permessidisoggiorno.info,303,03-13-08,Ministero dell'Interno,Telegramma,400/C/2008/1314/P/1.281.1,Telegramma n. 400/C/2008/1314/P/1.281.1 del 2008-03-13 — Ministero dell'Interno,,0,https://www.permessidisoggiorno.info/Normativa.aspx?nid=303,
immigrazione.biz,225,03-11-08,Ministero dell'Interno,Circolare,4,Circolare n. 04 dell'11 marzo 2008 Ministero dell'Interno,,1,https://www.immigrazione.biz/circolare.php?id=225,
immigrazione.biz,221,03-07-08,,Circolare,,Circolare P. 26146 del 7 marzo 2008 Regione Lazio Dipartimento Sociale,,1,https://www.immigrazione.biz/circolare.php?id=221,
immigrazione.biz,211,03-05-08,Agenzia delle Entrate,Circolare,15/E,Circolare n. 15/E del 5 marzo 2008 Agenzia delle Entrate - Direzione Centrale Normativa e Contenzioso,,1,https://www.immigrazione.biz/circolare.php?id=211,
immigrazione.biz,210,03-05-08,Ministero dell'Interno,Circolare,1092,Circolare n 1092 del 5 marzo 2008 Ministero dell'Interno - Dipartimento per le libertà civili e l'immigrazione,,1,https://www.immigrazione.biz/circolare.php?id=210,
permessidisoggiorno.info,301,03-05-08,Agenzia delle Entrate,Circolare,15/E,Circolare n. 15/E del 2008-03-05 — Agenzia delle Entrate,,1,https://www.permessidisoggiorno.info/Normativa.aspx?nid=301,
permessidisoggiorno.info,300,03-05-08,Ministero dell'Interno,Circolare,1092,Circolare n. 1092 del 2008-03-05 — Ministero dell'Interno,,1,https://www.permessidisoggiorno.info/Normativa.aspx?nid=300,
permessidisoggiorno.info,299,03-04-08,Ministero del Lavoro,Circolare,prot. 16/0001692/04.01.03,Circolare n. prot. 16/0001692/04.01.03 del 2008-03-04 — Ministero del Lavoro,,1,https://www.permessidisoggiorno.info/Normativa.aspx?nid=299,
permessidisoggiorno.info,297,02-28-08,Governo,Decreto Legislativo,32,Decreto Legislativo n. 32 del 2008-02-28 — Governo,,0,https://www.permessidisoggiorno.info/Normativa.aspx?nid=297,
immigrazione.biz,216,02-25-08,INPS,Messaggio,4602,Messaggio n. 004602 del 25 febbraio 2008 INPS,,1,https://www.immigrazione.biz/circolare.php?id=216,
permessidisoggiorno.info,296,02-25-08,INPS,Circolare,25,Circolare n. 25 del 2008-02-25 — INPS,,1,https://www.permessidisoggiorno.info/Normativa.aspx?nid=296,
permessidisoggiorno.info,315,02-22-08,Ministero dell'Interno,Direttiva,,Direttiva del 2008-02-22 — Ministero dell'Interno,,1,https://www.permessidisoggiorno.info/Normativa.aspx?nid=315,
permessidisoggiorno.info,294,02-22-08,Ministero dell'Interno,Circolare,942,Circolare n. 942 del 2008-02-22 — Ministero dell'Interno,,1,https://www.permessidisoggiorno.info/Normativa.aspx?nid=294,
permessidisoggiorno.info,293,02-22-08,Ministero dell'Interno,Circolare,940,Circolare n. 940 del 2008-02-22 — Ministero dell'Interno,,1,https://www.permessidisoggiorno.info/Normativa.aspx?nid=293,
permessidisoggiorno.info,292,02-21-08,Ministero dell'Interno,Telegramma,400/C/2008/899,Telegramma n. 400/C/2008/899 del 2008-02-21 — Ministero dell'Interno,,0,https://www.permessidisoggiorno.info/Normativa.aspx?nid=292,
immigrazione.biz,208,02-20-08,,Circolare,,Circolare del 20 febbraio 2008 Ministero dell Interno,,1,https://www.immigrazione.biz/circolare.php?id=208,
permessidisoggiorno.info,298,02-20-08,Giudice di Pace,Sentenza,,Sentenza del 2008-02-20 — Giudice di Pace,,0,https://www.permessidisoggiorno.info/Normativa.aspx?nid=298,
immigrazione.biz,209,02-19-08,Ministero della Salute,Circolare,3152,Circolare n. 3152 del 19 febbraio 2008 Ministero della salute,,1,https://www.immigrazione.biz/circolare.php?id=209,
permessidisoggiorno.info,290,02-19-08,Ministero della Salute,Circolare,3152-P/1.3.b/1,Circolare n. 3152-P/1.3.b/1 del 2008-02-19 — Ministero della Salute,,1,https://www.permessidisoggiorno.info/Normativa.aspx?nid=290,
permessidisoggiorno.info,288,02-16-08,Governo,Decreto Legislativo,40,Decreto Legislativo n. 40 del 2008-02-16 — Governo,,0,https://www.permessidisoggiorno.info/Normativa.aspx?nid=288,
permessidisoggiorno.info,287,02-16-08,Governo,Decreto Presidente del Consiglio dei Ministri,40,Decreto Presidente del Consiglio dei Ministri n. 40 del 2008-02-16 — Governo,,0,https://www.permessidisoggiorno.info/Normativa.aspx?nid=287,
permessidisoggiorno.info,295,02-14-08,T.A.R. Emilia Romagna,Sentenza,212,Sentenza n. 212 del 2008-02-14 — T.A.R. Emilia Romagna,,0,https://www.permessidisoggiorno.info/Normativa.aspx?nid=295,
permessidisoggiorno.info,286,02-14-08,T.A.R. Emilia Romagna,Sentenza,222,Sentenza n. 222 del 2008-02-14 — T.A.R. Emilia Romagna,,0,https://www.permessidisoggiorno.info/Normativa.aspx?nid=286,
immigrazione.biz,205,02-13-08,Ministero dell'Interno,Circolare,762,Circolare n. 0000762 del 13 febbraio 2008 Ministero dell'Interno Dipartimento per le Libertà Civili e l'Immigrazione,,1,https://www.immigrazione.biz/circolare.php?id=205,
permessidisoggiorno.info,283,02-13-08,Ministero dell'Interno,Circolare,762,Circolare n. 762 del 2008-02-13 — Ministero dell'Interno,,1,https://www.permessidisoggiorno.info/Normativa.aspx?nid=283,
permessidisoggiorno.info,282,02-11-08,TAR Toscana,Sentenza,157,Sentenza n. 157 del 2008-02-11 — TAR Toscana,,0,https://www.permessidisoggiorno.info/Normativa.aspx?nid=282,
permessidisoggiorno.info,280,02-11-08,Tribunale,Ordinanza,2380,Ordinanza n. 2380 del 2008-02-11 — Tribunale,,0,https://www.permessidisoggiorno.info/Normativa.aspx?nid=280,
permessidisoggiorno.info,289,02-06-08,Tribunale,Sentenza,,Sentenza del 2008-02-06 — Tribunale,,0,https://www.permessidisoggiorno.info/Normativa.aspx?nid=289,
permessidisoggiorno.info,279,02-06-08,Governo,Decreto Legislativo,31,Decreto Legislativo n. 31 del 2008-02-06 — Governo,,0,https://www.permessidisoggiorno.info/Normativa.aspx?nid=279,
immigrazione.biz,203,02-05-08,Ministero dell'Interno,Circolare,,Direttiva n. 11050 del 5 febbraio 2008 Ministero dell'Interno,,1,https://www.immigrazione.biz/circolare.php?id=203,
permessidisoggiorno.info,277,02-05-08,Ministero dell'Interno,Direttiva,11050/111(5),Direttiva n. 11050/111(5) del 2008-02-05 — Ministero dell'Interno,,1,https://www.permessidisoggiorno.info/Normativa.aspx?nid=277,
permessidisoggiorno.info,285,02-04-08,INPS,Circolare,16,Circolare n. 16 del 2008-02-04 — INPS,,1,https://www.permessidisoggiorno.info/Normativa.aspx?nid=285,
permessidisoggiorno.info,302,01-31-08,Tribunale,Sentenza,R.G.8802/06,Sentenza n. R.G.8802/06 del 2008-01-31 — Tribunale,,0,https://www.permessidisoggiorno.info/Normativa.aspx?nid=302,
immigrazione.biz,253,01-29-08,INPS,Messaggio,2226,Messaggio n. 2226 del 29 gennaio 2008 INPS,,1,https://www.immigrazione.biz/circolare.php?id=253,
immigrazione.biz,217,01-29-08,INPS,Messaggio,2226,Messaggio n. 002226 del 29 gennaio 2008 INPS,,1,https://www.immigrazione.biz/circolare.php?id=217,
immigrazione.biz,204,01-29-08,Ministero dell'Interno,Circolare,465,Circolare n. 465 del 29 gennaio 2008 Ministero dell'Interno - Dipartimento per le libertà civili e l'immigrazione,,1,https://www.immigrazione.biz/circolare.php?id=204,
permessidisoggiorno.info,291,01-29-08,INPS,Circolare,,Circolare del 2008-01-29 — INPS,,1,https://www.permessidisoggiorno.info/Normativa.aspx?nid=291,
permessidisoggiorno.info,284,01-29-08,Ministero dell'Interno,Circolare,465,Circolare n. 465 del 2008-01-29 — Ministero dell'Interno,,1,https://www.permessidisoggiorno.info/Normativa.aspx?nid=284,
permessidisoggiorno.info,275,01-29-08,Ministero dell'Interno,Circolare,464,Circolare n. 464 del 2008-01-29 — Ministero dell'Interno,,1,https://www.permessidisoggiorno.info/Normativa.aspx?nid=275,
immigrazione.biz,202,01-24-08,Ministero dell'Interno,Circolare,400/C/2008/355/P/10.2.2,Circolare n. 400/C/2008/355/P/10.2.2 del 24 gennaio 2008 Ministero dell'Interno,,1,https://www.immigrazione.biz/circolare.php?id=202,
permessidisoggiorno.info,266,01-24-08,Ministero dell'Interno,Telegramma,n. 400/C/2008/355/P/10.2.2,Telegramma n. 400/C/2008/355/P/10.2.2 del 2008-01-24 — Ministero dell'Interno,,0,https://www.permessidisoggiorno.info/Normativa.aspx?nid=266,
immigrazione.biz,207,01-22-08,Ministero dell'Interno,Circolare,1,Circolare n. 1 del 22 gennaio 2008 Ministero dell'Interno - Dipartimento per gli affari interni e territoriali,,1,https://www.immigrazione.biz/circolare.php?id=207,
permessidisoggiorno.info,267,01-22-08,TAR Toscana,Sentenza,30,Sentenza n. 30 del 2008-01-22 — TAR Toscana,,0,https://www.permessidisoggiorno.info/Normativa.aspx?nid=267,
permessidisoggiorno.info,263,01-18-08,Ministero della Solidarietà Sociale,Circolare,2,Circolare n. 2 del 2008-01-18 — Ministero della Solidarietà Sociale,,1,https://www.permessidisoggiorno.info/Normativa.aspx?nid=263,
permessidisoggiorno.info,262,01-18-08,Ministero dell'Interno,Circolare,263,Circolare n. 263 del 2008-01-18 — Ministero dell'Interno,,1,https://www.permessidisoggiorno.info/Normativa.aspx?nid=262,
permessidisoggiorno.info,261,01-14-08,Ministero dell'Interno,Circolare,169,Circolare n. 169 del 2008-01-14 — Ministero dell'Interno,,1,https://www.permessidisoggiorno.info/Normativa.aspx?nid=261,
permessidisoggiorno.info,260,01-14-08,Ministero dell'Interno,Circolare,168,Circolare n. 168 del 2008-01-14 — Ministero dell'Interno,,1,https://www.permessidisoggiorno.info/Normativa.aspx?nid=260,
immigrazione.biz,200,01-09-08,,Circolare,400/C/2008/128/P/1.281,Circolare n. 400/C/2008/128/P/1.281 del 9 gennaio 2008 Ministero dellInterno,,1,https://www.immigrazione.biz/circolare.php?id=200,
permessidisoggiorno.info,259,01-09-08,Ministero dell'Interno,Circolare,400/C/2008/128/P/1.281,Circolare n. 400/C/2008/128/P/1.281 del 2008-01-09 — Ministero dell'Interno,,1,https://www.permessidisoggiorno.info/Normativa.aspx?nid=259,
immigrazione.biz,230,01-07-08,INPS,Messaggio,400,Messaggio n. 400 del 7 gennaio 2008 INPS - Direzione Centrale delle Prestazioni,,1,https://www.immigrazione.biz/circolare.php?id=230,
immigrazione.biz,198,01-04-08,Ministero dell'Interno,Circolare,1,Circolare n. 01 del 4 gennaio 2008 Ministero dell'Interno e Ministero della Solidarietà Sociale,,1,https://www.immigrazione.biz/circolare.php?id=198,
permessidisoggiorno.info,258,01-04-08,Ministero dell'Interno,Circolare,1,Circolare n. 1 del 2008-01-04 — Ministero dell'Interno,,1,https://www.permessidisoggiorno.info/Normativa.aspx?nid=258,
permessidisoggiorno.info,257,01-04-08,Governo,Decreto Legislativo,3,Decreto Legislativo n. 3 del 2008-01-04 — Governo,,0,https://www.permessidisoggiorno.info/Normativa.aspx?nid=257,
immigrazione.biz,226,01-03-08,Ministero dell'Interno,Circolare,555-D,Circolare n. 555-D OC/C/STRAN/SMAS/ 43 del 3 gennaio 2008 Ministero dell'Interno,,1,https://www.immigrazione.biz/circolare.php?id=226,
permessidisoggiorno.info,255,01-03-08,Governo,Decreto Presidente del Consiglio dei Ministri,2,Decreto Presidente del Consiglio dei Ministri n. 2 del 2008-01-03 — Governo,,0,https://www.permessidisoggiorno.info/Normativa.aspx?nid=255,
permessidisoggiorno.info,254,01-02-08,Governo,Decreto Legge,1,Decreto Legge n. 1 del 2008-01-02 — Governo,,0,https://www.permessidisoggiorno.info/Normativa.aspx?nid=254,
immigrazione.biz,876,12-27-07,,Circolare,168,Circolare n. 168 del 27 dicembre 2007 Ministero della Pubblica Istruzione Dipartimento per l'Istruzione,,1,https://www.immigrazione.biz/circolare.php?id=876,
permessidisoggiorno.info,253,12-18-07,Consiglio di Stato,Sentenza,6526,Sentenza n. 6526 del 2007-12-18 — Consiglio di Stato,,0,https://www.permessidisoggiorno.info/Normativa.aspx?nid=253,
immigrazione.biz,197,12-13-07,Ministero dell'Interno,Circolare,400/2007/5046/P/5.5.10.3,Circolare n. 400/2007/5046/P/5.5.10.3 del 13 dicembre 2007 Ministero dell'Interno,,1,https://www.immigrazione.biz/circolare.php?id=197,
permessidisoggiorno.info,248,12-13-07,Ministero dell'Interno,Telegramma,400/C/2007/5046/P/5.5.10.3,Telegramma n. 400/C/2007/5046/P/5.5.10.3 del 2007-12-13 — Ministero dell'Interno,,0,https://www.permessidisoggiorno.info/Normativa.aspx?nid=248,
immigrazione.biz,196,12-12-07,Ministero dell'Interno,Circolare,400/C/20075003/P/12.214.3.2/II,Circolare n. 400/C/20075003/P/12.214.3.2/II Div del 12 dicembre 2007 Ministero dell'Interno,,1,https://www.immigrazione.biz/circolare.php?id=196,
permessidisoggiorno.info,247,12-12-07,Ministero dell'Interno,Telegramma,400/C/2007/5003/P/12.214.3.2/II DIV,Telegramma n. 400/C/2007/5003/P/12.214.3.2/II DIV del 2007-12-12 — Ministero dell'Interno,,0,https://www.permessidisoggiorno.info/Normativa.aspx?nid=247,
permessidisoggiorno.info,278,12-06-07,T.A.R. Bologna,Sentenza,4615,Sentenza n. 4615 del 2007-12-06 — T.A.R. Bologna,,0,https://www.permessidisoggiorno.info/Normativa.aspx?nid=278,
immigrazione.biz,195,11-30-07,,Circolare,4063,Circolare n. 004063 del 30 novembre 2007 Ministero della Solidarietà Sociale - Direzione Generale del'Immigrazione,,1,https://www.immigrazione.biz/circolare.php?id=195,
immigrazione.biz,194,11-30-07,Ministero dell'Interno,Circolare,n,Circolare n. n. 0005257 del 30 novembre 2007 Ministero dell'interno,,1,https://www.immigrazione.biz/circolare.php?id=194,
permessidisoggiorno.info,246,11-30-07,Ministero della Solidarietà Sociale,Circolare,1,Circolare n. 1 del 2007-11-30 — Ministero della Solidarietà Sociale,,1,https://www.permessidisoggiorno.info/Normativa.aspx?nid=246,
permessidisoggiorno.info,245,11-30-07,Ministero dell'Interno,Circolare,5257,Circolare n. 0005257 del 2007-11-30 — Ministero dell'Interno,,1,https://www.permessidisoggiorno.info/Normativa.aspx?nid=245,
permessidisoggiorno.info,244,11-30-07,Governo,Decreto Presidente del Consiglio dei Ministri,279,Decreto Presidente del Consiglio dei Ministri n. 279 del 2007-11-30 — Governo,,0,https://www.permessidisoggiorno.info/Normativa.aspx?nid=244,
permessidisoggiorno.info,307,11-27-07,Ministero del Lavoro,Circolare,prot. 25/11/0015728,Circolare n. prot. 25/11/0015728 del 2007-11-27 — Ministero del Lavoro,,1,https://www.permessidisoggiorno.info/Normativa.aspx?nid=307,
permessidisoggiorno.info,226,11-23-07,CIPE,Delibera,273,Delibera n. 273 del 2007-11-23 — CIPE,,0,https://www.permessidisoggiorno.info/Normativa.aspx?nid=226,
immigrazione.biz,193,11-22-07,INPS,Circolare,128,Circolare n. 128 del 22 novembre 2007 INPS,,1,https://www.immigrazione.biz/circolare.php?id=193,
immigrazione.biz,758,11-19-07,Ministero della Salute,Circolare,DGRUERI/VI/1.3ba/20114P,Circolare n. DGRUERI/VI/1.3ba/20114P del 19 novembre 2007 Ministero della Salute,,1,https://www.immigrazione.biz/circolare.php?id=758,
immigrazione.biz,189,11-15-07,Ministero dell'Interno,Circolare,4490,Circolare n. 4490 del 15 novembre 2007 Ministero dell'Interno - Dipartimento per le Libertà Civili e l'Immigrazione,,1,https://www.immigrazione.biz/circolare.php?id=189,
permessidisoggiorno.info,222,11-15-07,Ministero dell'Interno,Circolare,4990,Circolare n. 4990 del 2007-11-15 — Ministero dell'Interno,,1,https://www.permessidisoggiorno.info/Normativa.aspx?nid=222,
permessidisoggiorno.info,391,11-09-07,Governo,Decreto Legislativo,206,Decreto Legislativo n. 206 del 2007-11-09 — Governo,,0,https://www.permessidisoggiorno.info/Normativa.aspx?nid=391,
immigrazione.biz,186,11-08-07,Ministero dell'Interno,Circolare,23,Circolare n. 23 dell'8 novembre 2007 Ministero dell'Interno Dipartimento per le Libertà Civili e l'Immigrazione,,1,https://www.immigrazione.biz/circolare.php?id=186,
permessidisoggiorno.info,218,11-08-07,Ministero dell'Interno,Circolare,23,Circolare n. 23 del 2007-11-08 — Ministero dell'Interno,,1,https://www.permessidisoggiorno.info/Normativa.aspx?nid=218,
immigrazione.biz,185,11-07-07,Ministero dell'Interno,Circolare,22,"Circolare n. 22 del 7 novembre 2007 Ministero dell'Interno - Direzione Centrale per i diritti civili, la cittadinanza e le minoranze",,1,https://www.immigrazione.biz/circolare.php?id=185,
permessidisoggiorno.info,211,11-07-07,Ministero dell'Interno,Circolare,22,Circolare n. 22 del 2007-11-07 — Ministero dell'Interno,,1,https://www.permessidisoggiorno.info/Normativa.aspx?nid=211,
immigrazione.biz,190,11-03-07,Ministero dell'Interno,Circolare,,Circolare 555/410 del 3 novembre 2007 Ministero dell'Interno,,1,https://www.immigrazione.biz/circolare.php?id=190,
permessidisoggiorno.info,210,11-03-07,Ministero dell'Interno,Circolare,n.555/410,Circolare n.555/410 del 2007-11-03 — Ministero dell'Interno,,1,https://www.permessidisoggiorno.info/Normativa.aspx?nid=210,
immigrazione.biz,191,11-02-07,Ministero dell'Interno,Circolare,200717292,Circolare n. 200717292 del 2 novembre 2007 Ministero dell'Interno,,1,https://www.immigrazione.biz/circolare.php?id=191,
permessidisoggiorno.info,209,11-02-07,Ministero dell'Interno,Circolare,17.292.11050/110,Circolare n. 17.292.11050/110 del 2007-11-02 — Ministero dell'Interno,,1,https://www.permessidisoggiorno.info/Normativa.aspx?nid=209,
permessidisoggiorno.info,201,11-02-07,Governo,Decreto Legge,255,Decreto Legge n. 255 del 2007-11-02 — Governo,,0,https://www.permessidisoggiorno.info/Normativa.aspx?nid=201,
permessidisoggiorno.info,249,10-31-07,TAR_Lazio,Sentenza,12555,Sentenza n. 12555 del 2007-10-31 — TAR_Lazio,,0,https://www.permessidisoggiorno.info/Normativa.aspx?nid=249,
permessidisoggiorno.info,212,10-29-07,T.A.R. Bologna,Sentenza,2586,Sentenza n. 2586 del 2007-10-29 — T.A.R. Bologna,,0,https://www.permessidisoggiorno.info/Normativa.aspx?nid=212,
permessidisoggiorno.info,221,10-25-07,TAR Lombardia,Ordinanza,838,Ordinanza n. 00838 del 2007-10-25 — TAR Lombardia,,0,https://www.permessidisoggiorno.info/Normativa.aspx?nid=221,
immigrazione.biz,261,10-22-07,,Circolare,13925,Circolare n. 13925 del 22 ottobre 2007 Automobile Club dItalia Direzione Centrale Servizi Delegati  Ufficio Normativa e Contratti,,1,https://www.immigrazione.biz/circolare.php?id=261,
permessidisoggiorno.info,190,10-22-07,Ministero dell'Interno,Circolare,56,Circolare n. 56 del 2007-10-22 — Ministero dell'Interno,,1,https://www.permessidisoggiorno.info/Normativa.aspx?nid=190,
immigrazione.biz,184,10-18-07,Ministero dell'Interno,Circolare,55,Circolare n. 55 del 18 ottobre 2007 Ministero dell'Interno Direzione Centrale Servizi demografici,,1,https://www.immigrazione.biz/circolare.php?id=184,
permessidisoggiorno.info,189,10-18-07,Ministero dell'Interno,Circolare,55,Circolare n. 55 del 2007-10-18 — Ministero dell'Interno,,1,https://www.permessidisoggiorno.info/Normativa.aspx?nid=189,
permessidisoggiorno.info,187,10-18-07,Presidente del Consiglio dei Ministri,Ordinanza,243,Ordinanza n. 243 del 2007-10-18 — Presidente del Consiglio dei Ministri,,0,https://www.permessidisoggiorno.info/Normativa.aspx?nid=187,
immigrazione.biz,183,10-15-07,Ministero dell'Interno,Circolare,21,Circolare n. 21 del 15 ottobre 2007 Ministero dell'Interno,,1,https://www.immigrazione.biz/circolare.php?id=183,
permessidisoggiorno.info,186,10-15-07,Ministero dell'Interno,Circolare,21,Circolare n. 21 del 2007-10-15 — Ministero dell'Interno,,1,https://www.permessidisoggiorno.info/Normativa.aspx?nid=186,
permessidisoggiorno.info,185,10-11-07,Ministero dell'Interno,Circolare,4508,Circolare n. 0004508 del 2007-10-11 — Ministero dell'Interno,,1,https://www.permessidisoggiorno.info/Normativa.aspx?nid=185,
permessidisoggiorno.info,183,10-11-07,Governo,Decreto Interministeriale,237,Decreto Interministeriale n. 237 del 2007-10-11 — Governo,Normativa Decreto_Interministeriale,0,https://www.permessidisoggiorno.info/Normativa.aspx?nid=183,
immigrazione.biz,182,10-08-07,,Circolare,54,Circolare n. 54 dell 8 ottobre 2007 del Ministero dellInterno,,1,https://www.immigrazione.biz/circolare.php?id=182,
permessidisoggiorno.info,184,10-08-07,Ministero dell'Interno,Circolare,54,Circolare n. 54 del 2007-10-08 — Ministero dell'Interno,,1,https://www.permessidisoggiorno.info/Normativa.aspx?nid=184,
immigrazione.biz,199,10-04-07,,Circolare,,Risoluzione n. 279/E del 4 ottobre 2007 Agenzia Entrate Direzione Centrale Normativa e Contenzioso,,1,https://www.immigrazione.biz/circolare.php?id=199,
permessidisoggiorno.info,220,10-03-07,TAR_Lazio,Sentenza,9717,Sentenza n. 9717 del 2007-10-03 — TAR_Lazio,,0,https://www.permessidisoggiorno.info/Normativa.aspx?nid=220,
permessidisoggiorno.info,195,10-01-07,TAR Toscana,Sentenza,2918,Sentenza n. 2918 del 2007-10-01 — TAR Toscana,,0,https://www.permessidisoggiorno.info/Normativa.aspx?nid=195,
permessidisoggiorno.info,265,09-27-07,Corte di Cassazione,Sentenza,2451,Sentenza n. 2451 del 2007-09-27 — Corte di Cassazione,,0,https://www.permessidisoggiorno.info/Normativa.aspx?nid=265,
permessidisoggiorno.info,178,09-26-07,Corte Costituzionale,Ordinanza,336,Ordinanza n. 336 del 2007-09-26 — Corte Costituzionale,,0,https://www.permessidisoggiorno.info/Normativa.aspx?nid=178,
permessidisoggiorno.info,168,09-26-07,Corte Costituzionale,Ordinanza,335,Ordinanza n. 335 del 2007-09-26 — Corte Costituzionale,,0,https://www.permessidisoggiorno.info/Normativa.aspx?nid=168,
permessidisoggiorno.info,196,09-19-07,Corte di Cassazione,Sentenza,19068,Sentenza n. 19068 del 2007-09-19 — Corte di Cassazione,,0,https://www.permessidisoggiorno.info/Normativa.aspx?nid=196,
permessidisoggiorno.info,147,09-17-07,Governo,Decreto Legislativo,154,Decreto Legislativo n. 154 del 2007-09-17 — Governo,,0,https://www.permessidisoggiorno.info/Normativa.aspx?nid=147,
immigrazione.biz,180,09-14-07,,Circolare,84647,Circolare n. 84647 del 14 settembre 2007 Dipartimento per i trasporti terrestri - Direzione Generale per la Motorizzazione,,1,https://www.immigrazione.biz/circolare.php?id=180,
permessidisoggiorno.info,167,09-14-07,Ministero dei Trasporti,Circolare,84647,Circolare n. 84647 del 2007-09-14 — Ministero dei Trasporti,,1,https://www.permessidisoggiorno.info/Normativa.aspx?nid=167,
immigrazione.biz,181,09-11-07,Ministero dell'Interno,Circolare,20078723/15100/397,Circolare n. 20078723/15100/397 dell'11 settembre 2007 Ministero dell'Interno - Direzione Centrale per i servizi demografici,,1,https://www.immigrazione.biz/circolare.php?id=181,
permessidisoggiorno.info,173,09-11-07,Ministero dell'Interno,Circolare,46,Circolare n. 46 del 2007-09-11 — Ministero dell'Interno,,1,https://www.permessidisoggiorno.info/Normativa.aspx?nid=173,
permessidisoggiorno.info,169,09-10-07,Ministero dell'Interno,Decreto Ministeriale,123,Decreto Ministeriale n. 123 del 2007-09-10 — Ministero dell'Interno,Normativa Decreto_Ministeriale,1,https://www.permessidisoggiorno.info/Normativa.aspx?nid=169,
permessidisoggiorno.info,206,09-07-07,Tribunale,Ordinanza,3083,Ordinanza n. 3083 del 2007-09-07 — Tribunale,,0,https://www.permessidisoggiorno.info/Normativa.aspx?nid=206,
permessidisoggiorno.info,276,09-03-07,TAR Friuli Venezia Giulia,Sentenza,569,Sentenza n. 569 del 2007-09-03 — TAR Friuli Venezia Giulia,,0,https://www.permessidisoggiorno.info/Normativa.aspx?nid=276,
permessidisoggiorno.info,197,08-28-07,Corte di Cassazione,Sentenza,33486,Sentenza n. 33486 del 2007-08-28 — Corte di Cassazione,,0,https://www.permessidisoggiorno.info/Normativa.aspx?nid=197,
immigrazione.biz,177,08-23-07,Ministero dell'Interno,Circolare,,Circolare del 23 agosto 2007 Ministero dell'Interno,,1,https://www.immigrazione.biz/circolare.php?id=177,
permessidisoggiorno.info,182,08-23-07,Ministero dell'Interno,Circolare,,Circolare del 2007-08-23 — Ministero dell'Interno,,1,https://www.permessidisoggiorno.info/Normativa.aspx?nid=182,
immigrazione.biz,178,08-20-07,Ministero dell'Interno,Circolare,3836,Circolare n. 3836 del 20 agosto 2007 Ministero dell'Interno,,1,https://www.immigrazione.biz/circolare.php?id=178,
permessidisoggiorno.info,92,08-20-07,Ministero dell'Interno,Circolare,3836,Circolare n. 0003836 del 2007-08-20 — Ministero dell'Interno,,1,https://www.permessidisoggiorno.info/Normativa.aspx?nid=92,
permessidisoggiorno.info,43,08-17-07,Interministeriale,Direttiva,2225,Direttiva n. 2225 del 2007-08-17 — Interministeriale,,1,https://www.permessidisoggiorno.info/Normativa.aspx?nid=43,
permessidisoggiorno.info,251,08-09-07,T.A.R. Abruzzo,Sentenza,,Sentenza del 2007-08-09 — T.A.R. Abruzzo,,0,https://www.permessidisoggiorno.info/Normativa.aspx?nid=251,
immigrazione.biz,175,08-08-07,Ministero dell'Interno,Circolare,45,Circolare n. 45 dell'8 agosto 2007 Ministero dell'Interno,,1,https://www.immigrazione.biz/circolare.php?id=175,
permessidisoggiorno.info,91,08-08-07,Ministero dell'Interno,Circolare,45,Circolare n. 45 del 2007-08-08 — Ministero dell'Interno,,1,https://www.permessidisoggiorno.info/Normativa.aspx?nid=91,
immigrazione.biz,174,08-07-07,Ministero dell'Interno,Circolare,,Circolare del 7 agosto 2007 Ministero dell'Interno,,1,https://www.immigrazione.biz/circolare.php?id=174,
immigrazione.biz,173,08-07-07,Ministero dell'Interno,Circolare,,Circolare del 7 agosto 2007 Ministero dell'Interno,,1,https://www.immigrazione.biz/circolare.php?id=173,
permessidisoggiorno.info,90,08-07-07,Ministero dell'Interno,Telegramma,400/C/2007/3179/P/12.214.3.2/II DIV,Telegramma n. 400/C/2007/3179/P/12.214.3.2/II DIV del 2007-08-07 — Ministero dell'Interno,,0,https://www.permessidisoggiorno.info/Normativa.aspx?nid=90,
permessidisoggiorno.info,89,08-07-07,Ministero dell'Interno,Telegramma,400/C/2007/3146/P/12.297/II DIV,Telegramma n. 400/C/2007/3146/P/12.297/II DIV del 2007-08-07 — Ministero dell'Interno,,0,https://www.permessidisoggiorno.info/Normativa.aspx?nid=89,
immigrazione.biz,476,08-04-07,Ministero dell'Interno,Circolare,,Circolare del 4 agosto 2007 Ministero dell'interno,,1,https://www.immigrazione.biz/circolare.php?id=476,
immigrazione.biz,179,08-03-07,Ministero della Salute,Circolare,12712,Circolare n.12712 del 03 agosto 2007 Ministero della salute,,1,https://www.immigrazione.biz/circolare.php?id=179,
permessidisoggiorno.info,165,08-03-07,Ministero della Salute,Circolare,12712/2I.3.b,Circolare n. 12712/2I.3.b del 2007-08-03 — Ministero della Salute,,1,https://www.permessidisoggiorno.info/Normativa.aspx?nid=165,
immigrazione.biz,172,08-02-07,Ministero dell'Interno,Circolare,43,Circolare n. 43 del 2 agosto 2007 Ministero dell'Interno,,1,https://www.immigrazione.biz/circolare.php?id=172,
permessidisoggiorno.info,223,08-02-07,Ministero dell'Economia,Decreto Ministeriale,149,Decreto Ministeriale n. 149 del 2007-08-02 — Ministero dell'Economia,Normativa Decreto_Ministeriale,1,https://www.permessidisoggiorno.info/Normativa.aspx?nid=223,
permessidisoggiorno.info,84,08-02-07,Ministero dell'Interno,Circolare,43,Circolare n. 43 del 2007-08-02 — Ministero dell'Interno,,1,https://www.permessidisoggiorno.info/Normativa.aspx?nid=84,
permessidisoggiorno.info,164,07-27-07,Consiglio di Stato,Sentenza,4164,Sentenza n. 4164 del 2007-07-27 — Consiglio di Stato,,0,https://www.permessidisoggiorno.info/Normativa.aspx?nid=164,
permessidisoggiorno.info,29,07-26-07,Ministero dell'Interno,Decreto Ministeriale,,Decreto Ministeriale del 2007-07-26 — Ministero dell'Interno,Normativa Decreto Ministeriale,1,https://www.permessidisoggiorno.info/Normativa.aspx?nid=29,
permessidisoggiorno.info,160,07-24-07,Corte di Cassazione,Sentenza,16301,Sentenza n. 16301 del 2007-07-24 — Corte di Cassazione,,0,https://www.permessidisoggiorno.info/Normativa.aspx?nid=160,
immigrazione.biz,757,07-19-07,Ministero della Salute,Circolare,DGRUERI/VI/11494/I.3.b.a/P,Circolare n. DGRUERI/VI/11494/I.3.b.a/P del 19 luglio 2007 Ministero della Salute,,1,https://www.immigrazione.biz/circolare.php?id=757,
permessidisoggiorno.info,177,07-19-07,Ministero della Salute,Circolare,205752,Circolare n. 0205752 del 2007-07-19 — Ministero della Salute,,1,https://www.permessidisoggiorno.info/Normativa.aspx?nid=177,
immigrazione.biz,170,07-18-07,Ministero dell'Interno,Circolare,39,Circolare n.39 del 18 luglio 2007 Ministero dell'Interno,,1,https://www.immigrazione.biz/circolare.php?id=170,
permessidisoggiorno.info,83,07-18-07,Ministero dell'Interno,Circolare,200704165/15100/14865 (39),Circolare n. 200704165/15100/14865 (39) del 2007-07-18 — Ministero dell'Interno,,1,https://www.permessidisoggiorno.info/Normativa.aspx?nid=83,
immigrazione.biz,168,07-17-07,Ministero dell'Interno,Circolare,,Circolare del 17 luglio 2007 Ministero dell'Interno,,1,https://www.immigrazione.biz/circolare.php?id=168,
immigrazione.biz,169,07-12-07,Ministero dell'Interno,Circolare,3275,"Circolare n. 3275 del 12 luglio 2007, Ministero dell'Interno",,1,https://www.immigrazione.biz/circolare.php?id=169,
immigrazione.biz,167,07-11-07,Ministero dell'Interno,Circolare,17272/7,Circolare n. 17272/7 dell'11 luglio 2007 Ministero dell'Interno,,1,https://www.immigrazione.biz/circolare.php?id=167,
permessidisoggiorno.info,82,07-09-07,Ministero dell'Interno,Circolare,17272/7,Circolare n. 17272/7 del 2007-07-09 — Ministero dell'Interno,,1,https://www.permessidisoggiorno.info/Normativa.aspx?nid=82,
immigrazione.biz,166,07-06-07,Ministero del Lavoro,Circolare,25/I/8906,Circolare n. 25/I/8906 del 6 luglio 2007 Ministero del lavoro e della Previdenza Sociale - Direzione Generale per l'Attività ispettiva,,1,https://www.immigrazione.biz/circolare.php?id=166,
permessidisoggiorno.info,264,07-06-07,Corte Costituzionale,Sentenza,254,Sentenza n. 254 del 2007-07-06 — Corte Costituzionale,,0,https://www.permessidisoggiorno.info/Normativa.aspx?nid=264,
permessidisoggiorno.info,204,07-04-07,Corte Costituzionale,Ordinanza,295,Ordinanza n. 295 del 2007-07-04 — Corte Costituzionale,,0,https://www.permessidisoggiorno.info/Normativa.aspx?nid=204,
permessidisoggiorno.info,81,07-04-07,Ministero del Lavoro,Circolare,25/I/8906,Circolare n. 25/I/8906 del 2007-07-04 — Ministero del Lavoro,,1,https://www.permessidisoggiorno.info/Normativa.aspx?nid=81,
permessidisoggiorno.info,78,07-03-07,Ministero dell'Interno,Telegramma,400/C/2007/2715/P/14.201,Telegramma n. 400/C/2007/2715/P/14.201 del 2007-07-03 — Ministero dell'Interno,,0,https://www.permessidisoggiorno.info/Normativa.aspx?nid=78,
immigrazione.biz,165,06-27-07,Ministero dell'Interno,Circolare,,Circolare del 27 giugno 2007 Ministero dell'Interno,,1,https://www.immigrazione.biz/circolare.php?id=165,
permessidisoggiorno.info,93,06-27-07,Ministero dell'Interno,Decreto Ministeriale,,Decreto Ministeriale del 2007-06-27 — Ministero dell'Interno,Normativa Decreto_Ministeriale,1,https://www.permessidisoggiorno.info/Normativa.aspx?nid=93,
permessidisoggiorno.info,76,06-27-07,Ministero dell'Interno,Circolare,400/C/2007/2651/P/14.201,Circolare n. 400/C/2007/2651/P/14.201 del 2007-06-27 — Ministero dell'Interno,,1,https://www.permessidisoggiorno.info/Normativa.aspx?nid=76,
permessidisoggiorno.info,44,06-27-07,Ministero dell'Interno,Decreto Ministeriale,,Decreto Ministeriale del 2007-06-27 — Ministero dell'Interno,Normativa Decreto_Ministeriale,1,https://www.permessidisoggiorno.info/Normativa.aspx?nid=44,
immigrazione.biz,201,06-20-07,Ministero dell'Interno,Circolare,33,Circolare n. 33 del 20 Giugno 2007 Ministero dell'Interno Direzione Centrale per i Servizi Demografici,,1,https://www.immigrazione.biz/circolare.php?id=201,
permessidisoggiorno.info,180,06-18-07,Corte Costituzionale,Ordinanza,226,Ordinanza n. 226 del 2007-06-18 — Corte Costituzionale,,0,https://www.permessidisoggiorno.info/Normativa.aspx?nid=180,
permessidisoggiorno.info,179,06-18-07,Corte Costituzionale,Ordinanza,228,Ordinanza n. 228 del 2007-06-18 — Corte Costituzionale,,0,https://www.permessidisoggiorno.info/Normativa.aspx?nid=179,
permessidisoggiorno.info,74,06-16-07,Ministero dell'Interno,Circolare,400/C/2007/2468/P/14.201,Circolare n. 400/C/2007/2468/P/14.201 del 2007-06-16 — Ministero dell'Interno,,1,https://www.permessidisoggiorno.info/Normativa.aspx?nid=74,
permessidisoggiorno.info,69,06-14-07,Ministero dell'Interno,Circolare,16,Circolare n. 16 del 2007-06-14 — Ministero dell'Interno,,1,https://www.permessidisoggiorno.info/Normativa.aspx?nid=69,
immigrazione.biz,164,06-13-07,Ministero dell'Interno,Circolare,32,Circolare n. 32 del 13 giugno 2007 Ministero dell'Interno,,1,https://www.immigrazione.biz/circolare.php?id=164,
permessidisoggiorno.info,71,06-13-07,Ministero dell'Interno,Circolare,32,Circolare n. 32 del 2007-06-13 — Ministero dell'Interno,,1,https://www.permessidisoggiorno.info/Normativa.aspx?nid=71,
immigrazione.biz,163,06-12-07,INPS,Messaggio,15451,Messaggio n. 15451 del 12 giugno 2007 INPS,,1,https://www.immigrazione.biz/circolare.php?id=163,
immigrazione.biz,636,06-09-07,Ministero dell'Interno,Nota,1421/12b10/2007,Nota n. 1421/12b10/2007 de 9 giugno 2007 Ministero dell'Interno,,1,https://www.immigrazione.biz/circolare.php?id=636,
permessidisoggiorno.info,207,06-08-07,T.A.R. Sicilia,Sentenza,1655,Sentenza n. 1655 del 2007-06-08 — T.A.R. Sicilia,,0,https://www.permessidisoggiorno.info/Normativa.aspx?nid=207,
immigrazione.biz,252,06-07-07,,Circolare,31,Circolare n. 31 del 7 giugno 2007 Ministero dellInterno,,1,https://www.immigrazione.biz/circolare.php?id=252,
permessidisoggiorno.info,181,06-06-07,Corte Costituzionale,Ordinanza,218,Ordinanza n. 218 del 2007-06-06 — Corte Costituzionale,,0,https://www.permessidisoggiorno.info/Normativa.aspx?nid=181,
immigrazione.biz,161,06-04-07,Ministero dell'Interno,Circolare,400/C2007/2248/P/12.297/II,Circolare n. 400/C2007/2248/P/12.297/II DIV del 4 giugno 2007 Ministero dell'Interno,,1,https://www.immigrazione.biz/circolare.php?id=161,
permessidisoggiorno.info,67,06-04-07,Ministero dell'Interno,Telegramma,400/C/2007/2248/P/12.297/ II DIV,Telegramma n. 400/C/2007/2248/P/12.297/ II DIV del 2007-06-04 — Ministero dell'Interno,,0,https://www.permessidisoggiorno.info/Normativa.aspx?nid=67,
immigrazione.biz,619,06-01-07,Ministero dell'Interno,Circolare,27,Circolare n. 27 del 1 giugno 2007 Ministero dell'Interno,,1,https://www.immigrazione.biz/circolare.php?id=619,
immigrazione.biz,618,06-01-07,Ministero dell'Interno,Circolare,26,Circolare n. 26 del 1 giugno 2007 Ministero dell'Interno,,1,https://www.immigrazione.biz/circolare.php?id=618,
permessidisoggiorno.info,21,05-31-07,Ministero dell'Interno,Decreto Ministeriale,,Decreto Ministeriale del 2007-05-31 — Ministero dell'Interno,Normativa Decreto Ministeriale,1,https://www.permessidisoggiorno.info/Normativa.aspx?nid=21,
immigrazione.biz,155,05-28-07,Ministero dell'Interno,Circolare,11050/M,Circolare n. 11050/M(8) del 28 maggio 2007 Ministero dell'Interno,,1,https://www.immigrazione.biz/circolare.php?id=155,
permessidisoggiorno.info,64,05-28-07,Ministero dell'Interno,Circolare,,Circolare del 2007-05-28 — Ministero dell'Interno,,1,https://www.permessidisoggiorno.info/Normativa.aspx?nid=64,
permessidisoggiorno.info,20,05-28-07,Parlamento Italiano,Legge,68,Legge n. 68 del 2007-05-28 — Parlamento Italiano,,0,https://www.permessidisoggiorno.info/Normativa.aspx?nid=20,
immigrazione.biz,615,05-24-07,Ministero dell'Interno,Circolare,25,Circolare n. 25 del 24 maggio 2007 Ministero dell'Interno,,1,https://www.immigrazione.biz/circolare.php?id=615,
permessidisoggiorno.info,63,05-24-07,Ministero dell'Interno,Circolare,25,Circolare n. 25 del 2007-05-24 — Ministero dell'Interno,,1,https://www.permessidisoggiorno.info/Normativa.aspx?nid=63,
permessidisoggiorno.info,268,05-22-07,Consiglio di Stato,Sentenza,2592,Sentenza n. 2592 del 2007-05-22 — Consiglio di Stato,,0,https://www.permessidisoggiorno.info/Normativa.aspx?nid=268,
permessidisoggiorno.info,217,05-22-07,Consiglio di Stato,Sentenza,2594,Sentenza n. 2594 del 2007-05-22 — Consiglio di Stato,,0,https://www.permessidisoggiorno.info/Normativa.aspx?nid=217,
immigrazione.biz,153,05-21-07,,Messaggio,12712,Messaggio n. 12712 del 21 maggio 2007 Direzione Centrale Prestazioni a Sostegno del Reddito,"Oggetto: assegno di maternità di base concesso dai Comuni in favore di cittadine extracomunitarie rifugiate politiche - A seguito della richiesta di chiarimenti pervenute da diverse Sedi in merito al riconoscimento del diritto allassegno di maternità di base ex art. 74 del D.Lgs.151/2001 (già art. 66 della L. 448/1998), in favore delle cittadine extracomunitarie rifugiate politiche si evidenzia q",1,https://www.immigrazione.biz/circolare.php?id=153,
permessidisoggiorno.info,200,05-21-07,INPS,Circolare,12712,Circolare n. 12712 del 2007-05-21 — INPS,,1,https://www.permessidisoggiorno.info/Normativa.aspx?nid=200,
immigrazione.biz,162,05-18-07,Ministero degli Affari Esteri,Nota,1935,Nota n. 1935 del 18 maggio 2007 Ministero degli Affari Esteri,,1,https://www.immigrazione.biz/circolare.php?id=162,
permessidisoggiorno.info,193,05-11-07,Corte di Cassazione,Sentenza,10922,Sentenza n. 10922 del 2007-05-11 — Corte di Cassazione,,0,https://www.permessidisoggiorno.info/Normativa.aspx?nid=193,
permessidisoggiorno.info,175,05-11-07,Consiglio di Stato,Sentenza,2295,Sentenza n. 2295 del 2007-05-11 — Consiglio di Stato,,0,https://www.permessidisoggiorno.info/Normativa.aspx?nid=175,
permessidisoggiorno.info,158,05-10-07,Consiglio di Stato,Sentenza,2231,Sentenza n. 2231 del 2007-05-10 — Consiglio di Stato,,0,https://www.permessidisoggiorno.info/Normativa.aspx?nid=158,
permessidisoggiorno.info,157,05-10-07,Consiglio di Stato,Sentenza,4062,Sentenza n. 4062 del 2007-05-10 — Consiglio di Stato,,0,https://www.permessidisoggiorno.info/Normativa.aspx?nid=157,
immigrazione.biz,616,05-07-07,Ministero dell'Interno,Circolare,22,Circolare n. 22 del 7 maggio 2007 Ministero dell'Interno,,1,https://www.immigrazione.biz/circolare.php?id=616,
permessidisoggiorno.info,156,05-07-07,TAR_Lazio,Sentenza,4025,Sentenza n. 4025 del 2007-05-07 — TAR_Lazio,,0,https://www.permessidisoggiorno.info/Normativa.aspx?nid=156,
permessidisoggiorno.info,155,04-26-07,TAR_Lazio,Sentenza,5557,Sentenza n. 5557 del 2007-04-26 — TAR_Lazio,,0,https://www.permessidisoggiorno.info/Normativa.aspx?nid=155,
permessidisoggiorno.info,4,04-24-07,Governo,Disegno di Legge Delega,,Disegno di Legge Delega del 2007-04-24 — Governo,Normativa Disegno_Legge_Delega,0,https://www.permessidisoggiorno.info/Normativa.aspx?nid=4,
permessidisoggiorno.info,19,04-23-07,Ministero dell'Interno,Decreto Ministeriale,,Decreto Ministeriale del 2007-04-23 — Ministero dell'Interno,Normativa Decreto Ministeriale,1,https://www.permessidisoggiorno.info/Normativa.aspx?nid=19,
permessidisoggiorno.info,162,04-19-07,TAR_Trentino Alto _Adige,Sentenza,65,Sentenza n. 65 del 2007-04-19 — TAR_Trentino Alto _Adige,,0,https://www.permessidisoggiorno.info/Normativa.aspx?nid=162,
permessidisoggiorno.info,174,04-18-07,Corte Costituzionale,Ordinanza,143,Ordinanza n. 143 del 2007-04-18 — Corte Costituzionale,,0,https://www.permessidisoggiorno.info/Normativa.aspx?nid=174,
immigrazione.biz,152,04-17-07,Ministero della Salute,Circolare,DGRUERI/VI,Circolare n. DGRUERI/VI / I.3.b.a/ 5719 / P del 17 aprile 2007 Ministero della Salute Dipartimento della prevenzione e della comunicazione,,1,https://www.immigrazione.biz/circolare.php?id=152,
permessidisoggiorno.info,305,04-17-07,Ministero della Salute,Circolare,,Circolare del 2007-04-17 — Ministero della Salute,,1,https://www.permessidisoggiorno.info/Normativa.aspx?nid=305,
permessidisoggiorno.info,194,04-17-07,TAR Lombardia,Sentenza,1792,Sentenza n. 1792 del 2007-04-17 — TAR Lombardia,,0,https://www.permessidisoggiorno.info/Normativa.aspx?nid=194,
permessidisoggiorno.info,34,04-17-07,Ministero della Salute,Direttiva,,Direttiva del 2007-04-17 — Ministero della Salute,,1,https://www.permessidisoggiorno.info/Normativa.aspx?nid=34,
immigrazione.biz,135,04-11-07,Ministero dell'Interno,Circolare,1157,Circolare n. 1157 del 11 aprile 2007 Ministero dell'Interno Dipartimento per le Libertà Civili per l'Immigrazione e l'Asilo,,1,https://www.immigrazione.biz/circolare.php?id=135,
permessidisoggiorno.info,33,04-11-07,Ministero dell'Interno,Direttiva,1157,Direttiva n. 1157 del 2007-04-11 — Ministero dell'Interno,,1,https://www.permessidisoggiorno.info/Normativa.aspx?nid=33,
immigrazione.biz,131,04-10-07,Ministero dell'Interno,Circolare,,Circolare del 10 Aprile 2007 Ministero dell'Interno,,1,https://www.immigrazione.biz/circolare.php?id=131,
permessidisoggiorno.info,59,04-10-07,Ministero dell'Interno,Circolare,400/C/2007/1409/P/10.4.39/II DIV,Circolare n. 400/C/2007/1409/P/10.4.39/II DIV del 2007-04-10 — Ministero dell'Interno,,1,https://www.permessidisoggiorno.info/Normativa.aspx?nid=59,
immigrazione.biz,128,04-06-07,Ministero dell'Interno,Circolare,19,Circolare n. 19 del 6 aprile 2007 Ministero dell'Interno Dipartimento per gli affari interni e territoriali,,1,https://www.immigrazione.biz/circolare.php?id=128,
permessidisoggiorno.info,56,04-06-07,Ministero dell'Interno,Circolare,19,Circolare n. 19 del 2007-04-06 — Ministero dell'Interno,,1,https://www.permessidisoggiorno.info/Normativa.aspx?nid=56,
permessidisoggiorno.info,17,04-06-07,Parlamento Italiano,Legge,46,Legge n. 46 del 2007-04-06 — Parlamento Italiano,,0,https://www.permessidisoggiorno.info/Normativa.aspx?nid=17,
immigrazione.biz,134,04-05-07,Ministero del Lavoro,Circolare,8,Circolare n. 8 del 5 aprile 2007 Ministero del Lavoro e della Previdenza Sociale,,1,https://www.immigrazione.biz/circolare.php?id=134,
permessidisoggiorno.info,54,04-05-07,Ministero del Lavoro,Circolare,8,Circolare n. 8 del 2007-04-05 — Ministero del Lavoro,,1,https://www.permessidisoggiorno.info/Normativa.aspx?nid=54,
permessidisoggiorno.info,154,04-04-07,TAR_Campania,Sentenza,4657,Sentenza n. 4657 del 2007-04-04 — TAR_Campania,,0,https://www.permessidisoggiorno.info/Normativa.aspx?nid=154,
immigrazione.biz,132,04-02-07,Ministero dell'Interno,Circolare,12,Circolare n. 12 del 2 aprile 2007 Ministero dell'Interno Dipartimento delle Libertà Civili e l'Immigrazione,,1,https://www.immigrazione.biz/circolare.php?id=132,
immigrazione.biz,118,04-02-07,Ministero dell'Interno,Circolare,16,Circolare n. 16 del 2 aprile 2007 Ministero dell'Interno - Iscrizione anagrafica nelle more del rilascio del primo permesso di soggiorno.,,1,https://www.immigrazione.biz/circolare.php?id=118,
immigrazione.biz,117,04-02-07,Ministero dell'Interno,Circolare,17,Circolare n. 17 del 2 aprile 2007 Ministero dell'Interno - Rilascio carta d'identità a cittadini stranieri in attesa della definizione delle procedure di rinnovo del relativo titolo.,,1,https://www.immigrazione.biz/circolare.php?id=117,
permessidisoggiorno.info,51,04-02-07,Ministero dell'Interno,Circolare,17,Circolare n. 17 del 2007-04-02 — Ministero dell'Interno,,1,https://www.permessidisoggiorno.info/Normativa.aspx?nid=51,
permessidisoggiorno.info,50,04-02-07,Ministero dell'Interno,Circolare,16,Circolare n. 16 del 2007-04-02 — Ministero dell'Interno,,1,https://www.permessidisoggiorno.info/Normativa.aspx?nid=50,
immigrazione.biz,146,03-29-07,INPS,Circolare,68,Circolare n. 68 del 29 Marzo 2007 INPS,,1,https://www.immigrazione.biz/circolare.php?id=146,
immigrazione.biz,114,03-26-07,Ministero dell'Interno,Circolare,,Circolare del 26 marzo 2007 del Ministero dell'Interno Dipartimento delle Libertà Civili e l'Immigrazione,,1,https://www.immigrazione.biz/circolare.php?id=114,
permessidisoggiorno.info,48,03-26-07,Ministero dell'Interno,Circolare,,Circolare del 2007-03-26 — Ministero dell'Interno,,1,https://www.permessidisoggiorno.info/Normativa.aspx?nid=48,
immigrazione.biz,218,03-23-07,INPS,Messaggio,7742,Messaggio n. 007742 del 23 marzo 2007 INPS,,1,https://www.immigrazione.biz/circolare.php?id=218,
permessidisoggiorno.info,152,03-22-07,Corte di Cassazione,Sentenza,6590,Sentenza n. 6590 del 2007-03-22 — Corte di Cassazione,,0,https://www.permessidisoggiorno.info/Normativa.aspx?nid=152,
permessidisoggiorno.info,46,03-22-07,Ministero dell'Interno,Circolare,1368,Circolare n. 0001368 del 2007-03-22 — Ministero dell'Interno,,1,https://www.permessidisoggiorno.info/Normativa.aspx?nid=46,
immigrazione.biz,622,03-21-07,Ministero dell'Interno,Circolare,14,Circolare n. 14 del 21 marzo 2007 Ministero dell'Interno,,1,https://www.immigrazione.biz/circolare.php?id=622,
permessidisoggiorno.info,153,03-20-07,Consiglio di Stato,Sentenza,2594,Sentenza n. 2594 del 2007-03-20 — Consiglio di Stato,,0,https://www.permessidisoggiorno.info/Normativa.aspx?nid=153,
immigrazione.biz,154,03-16-07,Ministero dell'Interno,Circolare,400/C/2007/1063/P.5.5.10.3,Circolare N. 400/C/2007/1063/P.5.5.10.3 del 16 marzo 2007 Ministero dell'Interno Direzione Centrale dell'Immigrazione e della Polizia delle Frontiere,,1,https://www.immigrazione.biz/circolare.php?id=154,
immigrazione.biz,119,03-16-07,Agenzia delle Entrate,Circolare,15,Circolare n. 15 del 16 marzo 2007 Agenzia delle Entrate Direzione Centrale Normativa e Contenzioso,,1,https://www.immigrazione.biz/circolare.php?id=119,
immigrazione.biz,112,03-16-07,,Circolare,15,Circolare n. 15 del 16 marzo 2007 Agenzie delle Entrate Direzione Centrale Normativa e Contenzioso,,1,https://www.immigrazione.biz/circolare.php?id=112,
permessidisoggiorno.info,215,03-16-07,Corte Costituzionale,Sentenza,78,Sentenza n. 78 del 2007-03-16 — Corte Costituzionale,,0,https://www.permessidisoggiorno.info/Normativa.aspx?nid=215,
immigrazione.biz,133,03-15-07,INPS,Circolare,7083,Circolare n. 7083 del 15 marzo 2007 INPS Direzione Centrale delle Prestazioni,,1,https://www.immigrazione.biz/circolare.php?id=133,
permessidisoggiorno.info,171,03-15-07,Ministero dell'Interno,Circolare,1158,Circolare n. 0001158 del 2007-03-15 — Ministero dell'Interno,,1,https://www.permessidisoggiorno.info/Normativa.aspx?nid=171,
permessidisoggiorno.info,170,03-15-07,Ministero dell'Interno,Circolare,,Circolare del 2007-03-15 — Ministero dell'Interno,,1,https://www.permessidisoggiorno.info/Normativa.aspx?nid=170,
immigrazione.biz,352,03-09-07,,Circolare,252,Circolare n. 252 del 9 marzo 2007 CONI,,1,https://www.immigrazione.biz/circolare.php?id=352,
immigrazione.biz,145,03-09-07,INPS,Circolare,56,Circolare n. 56 del 9 Marzo 2007 INPS,,1,https://www.immigrazione.biz/circolare.php?id=145,
immigrazione.biz,137,03-08-07,,Circolare,6,Circolare n. 6 del 8 marzo 2007 Ministero della Solidarietà Sociale Direzione Generale dell'Immigrazione,,1,https://www.immigrazione.biz/circolare.php?id=137,
permessidisoggiorno.info,40,03-08-07,Ministero della Solidarietà Sociale,Circolare,6,Circolare n. 6 del 2007-03-08 — Ministero della Solidarietà Sociale,,1,https://www.permessidisoggiorno.info/Normativa.aspx?nid=40,
immigrazione.biz,104,03-02-07,Ministero dell'Interno,Circolare,8,Circolare n. 8 del 02 marzo 2007 Ministero dell'Interno,,1,https://www.immigrazione.biz/circolare.php?id=104,
permessidisoggiorno.info,88,03-02-07,Ministero dell'Interno,Circolare,8,Circolare n. 8 del 2007-03-02 — Ministero dell'Interno,,1,https://www.permessidisoggiorno.info/Normativa.aspx?nid=88,
immigrazione.biz,111,02-27-07,Ministero del Lavoro,Circolare,2,Circolare n. 2 del 27 febbraio 2007 Ministero del Lavoro e delle Previdenza Sociale,,1,https://www.immigrazione.biz/circolare.php?id=111,
permessidisoggiorno.info,151,02-27-07,Consiglio di Stato,Sentenza,1734,Sentenza n. 1734 del 2007-02-27 — Consiglio di Stato,,0,https://www.permessidisoggiorno.info/Normativa.aspx?nid=151,
immigrazione.biz,116,02-26-07,Ministero dell'Interno,Circolare,,Circolare del 26 febbraio 2007 Ministero dell'Interno Dipartimento per le Libertà Civili e l'Immigrazione,,1,https://www.immigrazione.biz/circolare.php?id=116,
immigrazione.biz,105,02-25-07,Ministero dell'Interno,Circolare,,Circolare del 25 febbraio 2007 Ministero dell'Interno Dipartimento per le Libertà Civili e l'Immigrazione,,1,https://www.immigrazione.biz/circolare.php?id=105,
immigrazione.biz,102,02-23-07,INPS,Circolare,46,Circolare n. 46 del 23 febbraio 2007 INPS,,1,https://www.immigrazione.biz/circolare.php?id=102,
permessidisoggiorno.info,202,02-23-07,INPS,Circolare,46,Circolare n. 46 del 2007-02-23 — INPS,,1,https://www.permessidisoggiorno.info/Normativa.aspx?nid=202,
permessidisoggiorno.info,31,02-21-07,Interministeriale,Direttiva,,Direttiva del 2007-02-21 — Interministeriale,,1,https://www.permessidisoggiorno.info/Normativa.aspx?nid=31,
immigrazione.biz,96,02-20-07,,Circolare,,Direttiva del 20 febbraio 2007 del Ministro dell'Interno,,1,https://www.immigrazione.biz/circolare.php?id=96,
permessidisoggiorno.info,234,02-20-07,Regione,Legge regionale,7,Legge regionale n. 7 del 2007-02-20 — Regione,,0,https://www.permessidisoggiorno.info/Normativa.aspx?nid=234,
permessidisoggiorno.info,150,02-20-07,Consiglio di Stato,Sentenza,905,Sentenza n. 905 del 2007-02-20 — Consiglio di Stato,,0,https://www.permessidisoggiorno.info/Normativa.aspx?nid=150,
permessidisoggiorno.info,32,02-20-07,Ministero dell'Interno,Direttiva,749,Direttiva n. 0000749 del 2007-02-20 — Ministero dell'Interno,,1,https://www.permessidisoggiorno.info/Normativa.aspx?nid=32,
immigrazione.biz,874,02-16-07,Ministero dell'Interno,Circolare,400/A2007/463/P10.2.2,Circolare n. 400/A2007/463/P10.2.2 del 16 febbraio 2007 Ministero dell'Interno,,1,https://www.immigrazione.biz/circolare.php?id=874,
immigrazione.biz,623,02-16-07,Ministero dell'Interno,Circolare,6,Circolare n. 6 del 16 febbraio 2007 Ministero dell'Interno,,1,https://www.immigrazione.biz/circolare.php?id=623,
immigrazione.biz,94,02-16-07,Ministero dell'Interno,Circolare,,Circolare del 16 febbraio 2007 Ministero dell'Interno Direzione Centrale dell'Immigrazione e della Poliza delle Frontiere,,1,https://www.immigrazione.biz/circolare.php?id=94,
permessidisoggiorno.info,87,02-16-07,Ministero dell'Interno,Circolare,400/A/2007/463/P/10.2.2,Circolare n. 400/A/2007/463/P/10.2.2 del 2007-02-16 — Ministero dell'Interno,,1,https://www.permessidisoggiorno.info/Normativa.aspx?nid=87,
immigrazione.biz,69,02-15-07,Ministero dell'Interno,Circolare,,Circolare del 15 febbraio 2007 Ministero dell'Interno,,1,https://www.immigrazione.biz/circolare.php?id=69,
permessidisoggiorno.info,86,02-15-07,Ministero dell'Interno,Circolare,,Circolare del 2007-02-15 — Ministero dell'Interno,,1,https://www.permessidisoggiorno.info/Normativa.aspx?nid=86,
permessidisoggiorno.info,16,02-15-07,Governo,Decreto Legge,10,Decreto Legge n. 10 del 2007-02-15 — Governo,,0,https://www.permessidisoggiorno.info/Normativa.aspx?nid=16,
immigrazione.biz,421,02-14-07,Ministero del Lavoro,Circolare,4746,Circolare n. 4746 del 14 febbraio 2007 Ministero del Lavoro,,1,https://www.immigrazione.biz/circolare.php?id=421,
permessidisoggiorno.info,343,02-14-07,Ministero dell'Interno,Circolare,594,Circolare n. 594 del 2007-02-14 — Ministero dell'Interno,,1,https://www.permessidisoggiorno.info/Normativa.aspx?nid=343,
immigrazione.biz,68,02-13-07,Ministero della Salute,Circolare,2259/I.3.b,Circolare n. 2259/I.3.b del 13 febbraio 2007 Ministero della Salute Dipartimento della prevenzione e della comunicazione,,1,https://www.immigrazione.biz/circolare.php?id=68,
immigrazione.biz,1,02-13-07,,Circolare,,Circolare del 13 Febbraio 2007,,1,https://www.immigrazione.biz/circolare.php?id=1,
permessidisoggiorno.info,166,02-13-07,Ministero della Salute,Circolare,2259 L3.b,Circolare n. 2259 L3.b del 2007-02-13 — Ministero della Salute,,1,https://www.permessidisoggiorno.info/Normativa.aspx?nid=166,
immigrazione.biz,101,02-09-07,Ministero dell'Interno,Circolare,553,Circolare n. 553 del 09 febbraio 2007 Ministero dell'Interno Dipartimento delle Libertà civili,,1,https://www.immigrazione.biz/circolare.php?id=101,
permessidisoggiorno.info,176,02-09-07,Ministero dell'Interno,Circolare,,Circolare del 2007-02-09 — Ministero dell'Interno,,1,https://www.permessidisoggiorno.info/Normativa.aspx?nid=176,
immigrazione.biz,109,02-07-07,INPS,Circolare,35,Circolare n. 35 del 7 Febbraio 2007 INPS,,1,https://www.immigrazione.biz/circolare.php?id=109,
permessidisoggiorno.info,203,02-07-07,INPS,Circolare,35,Circolare n. 35 del 2007-02-07 — INPS,,1,https://www.permessidisoggiorno.info/Normativa.aspx?nid=203,
permessidisoggiorno.info,14,02-06-07,Governo,Decreto Legislativo,30,Decreto Legislativo n. 30 del 2007-02-06 — Governo,,0,https://www.permessidisoggiorno.info/Normativa.aspx?nid=14,
permessidisoggiorno.info,390,01-25-07,Governo,Decreto Legislativo,24,Decreto Legislativo n. 24 del 2007-01-25 — Governo,,0,https://www.permessidisoggiorno.info/Normativa.aspx?nid=390,
permessidisoggiorno.info,389,01-25-07,Governo,Decreto Legislativo,24,Decreto Legislativo n. 24 del 2007-01-25 — Governo,,0,https://www.permessidisoggiorno.info/Normativa.aspx?nid=389,
immigrazione.biz,113,01-18-07,Ministero dell'Interno,Circolare,,Circolare del 18 gennaio 2007 Ministero dell'Interno Direzione Centrale dell'Immigrazione e della Polizia delle Frontiere,,1,https://www.immigrazione.biz/circolare.php?id=113,
immigrazione.biz,144,01-16-07,INAIL,Circolare,2,Circolare n. 2 del 16 gennaio 2007 Inail,,1,https://www.immigrazione.biz/circolare.php?id=144,
permessidisoggiorno.info,199,01-16-07,INPS,Circolare,1552,Circolare n. 001552 del 2007-01-16 — INPS,,1,https://www.permessidisoggiorno.info/Normativa.aspx?nid=199,
immigrazione.biz,98,01-12-07,INPS,Circolare,13,Circolare n. 13 del 12 gennaio 2007 INPS,,1,https://www.immigrazione.biz/circolare.php?id=98,
permessidisoggiorno.info,149,01-09-07,Corte di Cassazione,Sentenza,6590,Sentenza n. 6590 del 2007-01-09 — Corte di Cassazione,,0,https://www.permessidisoggiorno.info/Normativa.aspx?nid=149,
permessidisoggiorno.info,205,01-08-07,Governo,Decreto Legislativo,3,Decreto Legislativo n. 3 del 2007-01-08 — Governo,,0,https://www.permessidisoggiorno.info/Normativa.aspx?nid=205,
permessidisoggiorno.info,26,01-08-07,Governo,Decreto Legislativo,5,Decreto Legislativo n. 5 del 2007-01-08 — Governo,,0,https://www.permessidisoggiorno.info/Normativa.aspx?nid=26,
immigrazione.biz,100,01-05-07,Ministero dell'Interno,Circolare,,Circolare del 5 gennaio 2007 Ministero dell'Interno,,1,https://www.immigrazione.biz/circolare.php?id=100,
permessidisoggiorno.info,85,01-05-07,Ministero dell'Interno,Circolare,60.1,Circolare n. 60.1 del 2007-01-05 — Ministero dell'Interno,,1,https://www.permessidisoggiorno.info/Normativa.aspx?nid=85,
immigrazione.biz,99,01-04-07,,Circolare,,"Circolare congiunta n.3 del 4 gennaio 2007, Ministero Interno e Solidarietà Sociale",,1,https://www.immigrazione.biz/circolare.php?id=99,
permessidisoggiorno.info,80,01-03-07,Ministero dell'Interno,Circolare,3,Circolare n. 3 del 2007-01-03 — Ministero dell'Interno,,1,https://www.permessidisoggiorno.info/Normativa.aspx?nid=80,
immigrazione.biz,129,12-29-06,Ministero dell'Interno,Circolare,,Circolare del 29 dicembre 2006 Ministero dell'Interno,,1,https://www.immigrazione.biz/circolare.php?id=129,
immigrazione.biz,493,12-28-06,,Circolare,2,Circolare n.2 del 28 dicembre 2006 Ministero Interno e Solidarietà Sociale,,1,https://www.immigrazione.biz/circolare.php?id=493,
immigrazione.biz,160,12-28-06,Ministero delle Infrastrutture,Circolare,65177,Circolare n. 65177 del 28 dicembre 2006 Ministero delle Infrastrutture e dei Trasporti,,1,https://www.immigrazione.biz/circolare.php?id=160,
permessidisoggiorno.info,256,12-28-06,Ministero dell'Interno,Circolare,2,Circolare n. 2 del 2006-12-28 — Ministero dell'Interno,,1,https://www.permessidisoggiorno.info/Normativa.aspx?nid=256,
permessidisoggiorno.info,191,12-22-06,Corte Costituzionale,Ordinanza,444,Ordinanza n. 444 del 2006-12-22 — Corte Costituzionale,,0,https://www.permessidisoggiorno.info/Normativa.aspx?nid=191,
immigrazione.biz,526,12-13-06,Ministero del Lavoro,Circolare,34,Circolare n. 34 del 13 dicembre 2006 Ministero del Lavoro e della Previdenza Sociale,,1,https://www.immigrazione.biz/circolare.php?id=526,
immigrazione.biz,138,12-07-06,Ministero dell'Interno,Circolare,,Direttiva del 7 dicembre 2006 Ministero dell'Interno e Ministero della Giustizia,,1,https://www.immigrazione.biz/circolare.php?id=138,
immigrazione.biz,130,12-07-06,Ministero dell'Interno,Circolare,,Circolare del 7 dicembre 2006 Ministero dell'Interno,,1,https://www.immigrazione.biz/circolare.php?id=130,
permessidisoggiorno.info,79,12-07-06,Ministero dell'Interno,Circolare,400/c/2006/401946/p/14.201,Circolare n. 400/c/2006/401946/p/14.201 del 2006-12-07 — Ministero dell'Interno,,1,https://www.permessidisoggiorno.info/Normativa.aspx?nid=79,
permessidisoggiorno.info,30,12-07-06,Ministero dell'Interno,Direttiva,,Direttiva del 2006-12-07 — Ministero dell'Interno,,1,https://www.permessidisoggiorno.info/Normativa.aspx?nid=30,
permessidisoggiorno.info,306,12-05-06,Ministero del Lavoro,Circolare,32,Circolare n. 32 del 2006-12-05 — Ministero del Lavoro,,1,https://www.permessidisoggiorno.info/Normativa.aspx?nid=306,
immigrazione.biz,156,11-29-06,Ministero degli Affari Esteri,Circolare,,Circolare D.G.I.E.P.M. Uff. VI - Centro Visti del 29 novembre 2006 Ministero degli Affari Esteri,,1,https://www.immigrazione.biz/circolare.php?id=156,
permessidisoggiorno.info,148,11-26-06,Consiglio di Stato,Sentenza,22216,Sentenza n. 22216 del 2006-11-26 — Consiglio di Stato,,0,https://www.permessidisoggiorno.info/Normativa.aspx?nid=148,
immigrazione.biz,127,11-17-06,,Circolare,42,Circolare n. 42 del 17 novembre 2006 Ministero dellInterno Dipartimento per gli Affari Interni e Territoriali,,1,https://www.immigrazione.biz/circolare.php?id=127,
permessidisoggiorno.info,77,11-17-06,Ministero dell'Interno,Circolare,42,Circolare n. 42 del 2006-11-17 — Ministero dell'Interno,,1,https://www.permessidisoggiorno.info/Normativa.aspx?nid=77,
permessidisoggiorno.info,145,11-16-06,Corte di Cassazione,Sentenza,1649,Sentenza n. 1649 del 2006-11-16 — Corte di Cassazione,,0,https://www.permessidisoggiorno.info/Normativa.aspx?nid=145,
immigrazione.biz,91,11-04-06,Ministero dell'Interno,Circolare,,Circolare del 4 novembre 2006 MInistero dell'Interno,,1,https://www.immigrazione.biz/circolare.php?id=91,
permessidisoggiorno.info,75,11-04-06,Ministero dell'Interno,Telegramma,400/C/2006/400.001B/P/14.201,Telegramma n. 400/C/2006/400.001B/P/14.201 del 2006-11-04 — Ministero dell'Interno,,0,https://www.permessidisoggiorno.info/Normativa.aspx?nid=75,
permessidisoggiorno.info,224,10-25-06,Corte di Cassazione,Sentenza,37409,Sentenza n. 37409 del 2006-10-25 — Corte di Cassazione,,0,https://www.permessidisoggiorno.info/Normativa.aspx?nid=224,
immigrazione.biz,126,10-18-06,Ministero dell'Interno,Circolare,,Circolare 200609660/15100/14865 del 18 Ottobre 2006 Ministero dell'Interno Dipartimento per gli Affari Interni e Territoriali,,1,https://www.immigrazione.biz/circolare.php?id=126,
immigrazione.biz,246,10-17-06,,Circolare,,Circolare del 17 ottobre 2006 Ministero dellInterno,,1,https://www.immigrazione.biz/circolare.php?id=246,
permessidisoggiorno.info,304,10-17-06,Agenzia delle Entrate,Circolare,,Circolare del 2006-10-17 — Agenzia delle Entrate,,1,https://www.permessidisoggiorno.info/Normativa.aspx?nid=304,
immigrazione.biz,247,10-16-06,INPS,Messaggio,27641,Messaggio n. 27641 del 16 ottobre 2006 INPS,,1,https://www.immigrazione.biz/circolare.php?id=247,
permessidisoggiorno.info,198,10-16-06,INPS,Circolare,27641,Circolare n. 27641 del 2006-10-16 — INPS,,1,https://www.permessidisoggiorno.info/Normativa.aspx?nid=198,
immigrazione.biz,107,10-02-06,Ministero dell'Interno,Circolare,,Circolare Attuativa n. K.60.1 del 2 Ottobre 2006 Ministero dell'Interno Dipartimento delle Libertà Civili e l'Immigrazione,,1,https://www.immigrazione.biz/circolare.php?id=107,
permessidisoggiorno.info,144,09-21-06,Giudice di Pace,Sentenza,,Sentenza del 2006-09-21 — Giudice di Pace,,0,https://www.permessidisoggiorno.info/Normativa.aspx?nid=144,
immigrazione.biz,95,09-20-06,Ministero delle Infrastrutture,Circolare,33915/1.2,Circolare n. 33915/1.2 del 20 settembre 2006 Ministero delle infrastrutture e dei trasporti,,1,https://www.immigrazione.biz/circolare.php?id=95,
permessidisoggiorno.info,73,09-20-06,Ministero delle Infrastrutture,Circolare,33915/1.2,Circolare n. 33915/1.2 del 2006-09-20 — Ministero delle Infrastrutture,,1,https://www.permessidisoggiorno.info/Normativa.aspx?nid=73,
immigrazione.biz,93,09-07-06,Ministero del Lavoro,Circolare,r,Circolare nr. 25 del 7 settembre 2006 Ministero del Lavoro e della Previdenza Sociale Direzione Generale per l'attività Ispettiva,,1,https://www.immigrazione.biz/circolare.php?id=93,
immigrazione.biz,157,09-04-06,Ministero degli Affari Esteri,Circolare,,Comunicato del 4 settembre 2006 Ministero degli Affari Esteri,,1,https://www.immigrazione.biz/circolare.php?id=157,
immigrazione.biz,90,08-19-06,Ministero dell'Interno,Circolare,,Circolare del 19 agosto 2006 Ministero dell'Interno,,1,https://www.immigrazione.biz/circolare.php?id=90,
immigrazione.biz,115,08-05-06,Ministero dell'Interno,Circolare,,Direttiva n. 11050 del 5 agosto 2006 Ministero dell'Interno,,1,https://www.immigrazione.biz/circolare.php?id=115,
permessidisoggiorno.info,28,08-05-06,Ministero dell'Interno,Direttiva,11050/M(8),Direttiva n. 11050/M(8) del 2006-08-05 — Ministero dell'Interno,,1,https://www.permessidisoggiorno.info/Normativa.aspx?nid=28,
immigrazione.biz,121,08-03-06,,Circolare,,Comunicato n. 1 del 3 agosto 2006 Ministero per le Pari Opportunità,,1,https://www.immigrazione.biz/circolare.php?id=121,
permessidisoggiorno.info,219,07-28-06,Ministero dell'Interno,Circolare,,Circolare del 2006-07-28 — Ministero dell'Interno,,1,https://www.permessidisoggiorno.info/Normativa.aspx?nid=219,
immigrazione.biz,120,07-07-06,Ministero dell'Interno,Circolare,2570,Circolare n. 2570 del 7 luglio 2006 Ministero dell'Interno,,1,https://www.immigrazione.biz/circolare.php?id=120,
permessidisoggiorno.info,72,07-07-06,Ministero dell'Interno,Circolare,2570,Circolare n. 2570 del 2006-07-07 — Ministero dell'Interno,,1,https://www.permessidisoggiorno.info/Normativa.aspx?nid=72,
permessidisoggiorno.info,143,07-05-06,TAR_Campania,Sentenza,8132,Sentenza n. 8132 del 2006-07-05 — TAR_Campania,,0,https://www.permessidisoggiorno.info/Normativa.aspx?nid=143,
immigrazione.biz,660,06-26-06,Ministero dell'Interno,Nota,,Nota del 26 giugno 2006 Ministero dell'Interno,,1,https://www.immigrazione.biz/circolare.php?id=660,
immigrazione.biz,617,06-23-06,Ministero dell'Interno,Circolare,,Circolare del 23 giugno 2006 Ministero dell'Interno,,1,https://www.immigrazione.biz/circolare.php?id=617,
immigrazione.biz,92,06-21-06,Ministero dell'Interno,Circolare,,Circolare del 21 giugno 2006 Ministero dell'Interno,,1,https://www.immigrazione.biz/circolare.php?id=92,
permessidisoggiorno.info,70,06-21-06,Ministero dell'Interno,Circolare,400/C/2006/779/P/12.214.3.2/II DIV/IV,Circolare n. 400/C/2006/779/P/12.214.3.2/II DIV/IV del 2006-06-21 — Ministero dell'Interno,,1,https://www.permessidisoggiorno.info/Normativa.aspx?nid=70,
immigrazione.biz,605,06-19-06,,Circolare,2024,Circolare n. 2024 del 19 giugno 2006 CONI,,1,https://www.immigrazione.biz/circolare.php?id=605,
immigrazione.biz,188,06-19-06,,Circolare,4426,Circolare n. 4426 del 19 giugno 2006 C.O.N.I.,,1,https://www.immigrazione.biz/circolare.php?id=188,
immigrazione.biz,122,06-16-06,INPS,Circolare,83,Circolare n. 83 del 16 giugno 2006 INPS Coordinamento Generale Statistico Attuariale,,1,https://www.immigrazione.biz/circolare.php?id=122,
immigrazione.biz,158,06-15-06,Ministero degli Affari Esteri,Circolare,,Comunicato del 15 giugno 2006 Ministero degli Affari Esteri,,1,https://www.immigrazione.biz/circolare.php?id=158,
permessidisoggiorno.info,142,06-13-06,Consiglio di Stato,Sentenza,6018,Sentenza n. 6018 del 2006-06-13 — Consiglio di Stato,,0,https://www.permessidisoggiorno.info/Normativa.aspx?nid=142,
permessidisoggiorno.info,192,06-08-06,TAR_Veneto,Sentenza,3213,Sentenza n. 3213 del 2006-06-08 — TAR_Veneto,Normativa Giurisprudenza sentenza,0,https://www.permessidisoggiorno.info/Normativa.aspx?nid=192,
permessidisoggiorno.info,141,05-25-06,Corte di Cassazione,Sentenza,30774,Sentenza n. 30774 del 2006-05-25 — Corte di Cassazione,,0,https://www.permessidisoggiorno.info/Normativa.aspx?nid=141,
immigrazione.biz,108,05-22-06,Ministero dell'Interno,Circolare,,Circolare attuativa n. K.60.1 del 22 maggio 2006 Ministero dell'Interno Dipartimento per le Liberta'Civili e l'Immigrazione,,1,https://www.immigrazione.biz/circolare.php?id=108,
permessidisoggiorno.info,140,05-18-06,Corte di Cassazione,Sentenza,20374,Sentenza n. 20374 del 2006-05-18 — Corte di Cassazione,,0,https://www.permessidisoggiorno.info/Normativa.aspx?nid=140,
permessidisoggiorno.info,139,05-11-06,Corte di Cassazione,Sentenza,31426,Sentenza n. 31426 del 2006-05-11 — Corte di Cassazione,,0,https://www.permessidisoggiorno.info/Normativa.aspx?nid=139,
permessidisoggiorno.info,270,04-27-06,Corte di Giustizia UE,Sentenza,,Sentenza del 2006-04-27 — Corte di Giustizia UE,,0,https://www.permessidisoggiorno.info/Normativa.aspx?nid=270,
immigrazione.biz,608,04-26-06,Ministero dell'Interno,Circolare,13,Circolare n. 13 del 26 aprile 2006 Ministero dell'Interno,,1,https://www.immigrazione.biz/circolare.php?id=608,
permessidisoggiorno.info,138,04-12-06,TAR_Veneto,Sentenza,1111,Sentenza n. 1111 del 2006-04-12 — TAR_Veneto,,0,https://www.permessidisoggiorno.info/Normativa.aspx?nid=138,
permessidisoggiorno.info,137,04-05-06,Corte Costituzionale,Ordinanza,158,Ordinanza n. 158 del 2006-04-05 — Corte Costituzionale,,0,https://www.permessidisoggiorno.info/Normativa.aspx?nid=137,
permessidisoggiorno.info,24,04-04-06,Interministeriale,Decreto Interministeriale,,Decreto Interministeriale del 2006-04-04 — Interministeriale,Normativa Decreto_Interministeriale,0,https://www.permessidisoggiorno.info/Normativa.aspx?nid=24,
permessidisoggiorno.info,136,03-31-06,Consiglio di Stato,Sentenza,5240,Sentenza n. 5240 del 2006-03-31 — Consiglio di Stato,,0,https://www.permessidisoggiorno.info/Normativa.aspx?nid=136,
permessidisoggiorno.info,271,03-30-06,Corte di Giustizia UE,Sentenza,,Sentenza del 2006-03-30 — Corte di Giustizia UE,,0,https://www.permessidisoggiorno.info/Normativa.aspx?nid=271,
immigrazione.biz,147,03-22-06,,Circolare,,Decreto del 22 marzo 2006 Ministero delle Politiche Sociali,,1,https://www.immigrazione.biz/circolare.php?id=147,
permessidisoggiorno.info,172,03-22-06,Governo,Decreto Ministeriale,,Decreto Ministeriale del 2006-03-22 — Governo,Normativa Decreto_Ministeriale,1,https://www.permessidisoggiorno.info/Normativa.aspx?nid=172,
permessidisoggiorno.info,68,03-20-06,Ministero dei Trasporti,Circolare,1687/M352,Circolare n. 1687/M352 del 2006-03-20 — Ministero dei Trasporti,,1,https://www.permessidisoggiorno.info/Normativa.aspx?nid=68,
permessidisoggiorno.info,108,03-15-06,Consiglio delle Comunità Europee,Regolamento,562,Regolamento n. 562 del 2006-03-15 — Consiglio delle Comunità Europee,,0,https://www.permessidisoggiorno.info/Normativa.aspx?nid=108,
permessidisoggiorno.info,65,03-07-06,Ministero del Lavoro,Circolare,7,Circolare n. 7 del 2006-03-07 — Ministero del Lavoro,,1,https://www.permessidisoggiorno.info/Normativa.aspx?nid=65,
immigrazione.biz,856,03-01-06,Ministero dell'Istruzione,Circolare,24,Circolare n.24 del 1° marzo 2006 Ministero dell'Istruzione,,1,https://www.immigrazione.biz/circolare.php?id=856,
immigrazione.biz,151,02-27-06,Ministero dell'Interno,Circolare,400/A/2006/28/P/12.229.31,Circolare n. 400/A/2006/28/P/12.229.31 del 27 febbraio 2006 Ministero dell'Interno Direzione Centrale dell'Immigrazione e dellaPolizia di Frontiera,,1,https://www.immigrazione.biz/circolare.php?id=151,
permessidisoggiorno.info,272,02-16-06,Corte di Giustizia UE,Sentenza,,Sentenza del 2006-02-16 — Corte di Giustizia UE,,0,https://www.permessidisoggiorno.info/Normativa.aspx?nid=272,
permessidisoggiorno.info,22,02-15-06,Presidente del Consiglio dei Ministri,Decreto Presidente del Consiglio dei Ministri,,Decreto Presidente del Consiglio dei Ministri del 2006-02-15 — Presidente del Consiglio dei Ministri,,0,https://www.permessidisoggiorno.info/Normativa.aspx?nid=22,
permessidisoggiorno.info,66,02-09-06,Ministero dell'Interno,Circolare,1,Circolare n. 1 del 2006-02-09 — Ministero dell'Interno,,1,https://www.permessidisoggiorno.info/Normativa.aspx?nid=66,
permessidisoggiorno.info,269,01-31-06,Corte di Giustizia UE,Sentenza,,Sentenza del 2006-01-31 — Corte di Giustizia UE,,0,https://www.permessidisoggiorno.info/Normativa.aspx?nid=269,
immigrazione.biz,123,01-04-06,INPS,Circolare,2,Circolare n. 2 del 4 gennaio 2006 INPS,,1,https://www.immigrazione.biz/circolare.php?id=123,
immigrazione.biz,70,01-02-06,Ministero dell'Interno,Circolare,1025/M/24UFF.VI,Circolare n. 1025/M/24UFF.VI del 02 gennaio 2006 Ministero dell'Interno,,1,https://www.immigrazione.biz/circolare.php?id=70,
immigrazione.biz,66,12-12-05,Ministero dell'Interno,Circolare,,Circolare del 12 dicembre 2005 Ministero dell'Interno,,1,https://www.immigrazione.biz/circolare.php?id=66,
permessidisoggiorno.info,128,12-01-05,Consiglio dell'Unione Europea,Direttiva,85,Direttiva n. 85 del 2005-12-01 — Consiglio dell'Unione Europea,,1,https://www.permessidisoggiorno.info/Normativa.aspx?nid=128,
permessidisoggiorno.info,214,11-29-05,Ministero degli Esteri,Decreto Ministeriale,,Decreto Ministeriale del 2005-11-29 — Ministero degli Esteri,Normativa Decreto Ministeriale,1,https://www.permessidisoggiorno.info/Normativa.aspx?nid=214,
permessidisoggiorno.info,135,11-28-05,Corte Costituzionale,Sentenza,432,Sentenza n. 432 del 2005-11-28 — Corte Costituzionale,,0,https://www.permessidisoggiorno.info/Normativa.aspx?nid=135,
permessidisoggiorno.info,163,11-07-05,Tribunale,Sentenza,,Sentenza del 2005-11-07 — Tribunale,,0,https://www.permessidisoggiorno.info/Normativa.aspx?nid=163,
immigrazione.biz,75,10-31-05,Ministero dell'Interno,Circolare,,Circolare del 31 ottobre 2005 Ministero dell'Interno Direzione Centrale dell'immigrazione,,1,https://www.immigrazione.biz/circolare.php?id=75,
immigrazione.biz,624,10-27-05,Ministero dell'Interno,Circolare,48,Circolare n. 48 del 27 ottobre 2005 Ministero dell'Interno,,1,https://www.immigrazione.biz/circolare.php?id=624,
immigrazione.biz,136,10-25-05,Ministero dell'Interno,Circolare,2768/2.2,Circolare n.2768/2.2 del 25 ottobre 2005 Ministero dell'Interno Dipartimento per le Libertà Civili e l'Immigrazione,,1,https://www.immigrazione.biz/circolare.php?id=136,
permessidisoggiorno.info,638,10-25-05,Ministero dell'Interno,Circolare,2768/2.2,Circolare n. 2768/2.2 del 2005-10-25 — Ministero dell'Interno,,1,https://www.permessidisoggiorno.info/Normativa.aspx?nid=638,
immigrazione.biz,79,10-22-05,Ministero dell'Interno,Circolare,,Circolare del 22 ottobre 2005 Ministero dell'Interno,,1,https://www.immigrazione.biz/circolare.php?id=79,
immigrazione.biz,81,10-17-05,Ministero dell'Interno,Circolare,r,Circolare nr. 1 del 17 ottobre 2005 Ministero dell'Interno Dipartmento delle Liberta'Civili pe l'Immigrazione e l'Asilo,,1,https://www.immigrazione.biz/circolare.php?id=81,
permessidisoggiorno.info,127,10-12-05,Consiglio dell'Unione Europea,Direttiva,71,Direttiva n. 71 del 2005-10-12 — Consiglio dell'Unione Europea,,1,https://www.permessidisoggiorno.info/Normativa.aspx?nid=127,
permessidisoggiorno.info,134,09-23-05,Corte di Cassazione,Sentenza,2417,Sentenza n. 2417 del 2005-09-23 — Corte di Cassazione,,0,https://www.permessidisoggiorno.info/Normativa.aspx?nid=134,
immigrazione.biz,85,08-29-05,Ministero dell'Interno,Circolare,,Circolare del 29 agosto 2005 Ministero dell'Interno,,1,https://www.immigrazione.biz/circolare.php?id=85,
immigrazione.biz,159,07-20-05,,Circolare,3589/C,Circolare n. 3589/C del 20 luglio 2005 Ministero delle Attività Produttive,,1,https://www.immigrazione.biz/circolare.php?id=159,
immigrazione.biz,65,07-13-05,Ministero dell'Interno,Circolare,,Circolare del 13 luglio 2005 Ministero dell'Interno,,1,https://www.immigrazione.biz/circolare.php?id=65,
permessidisoggiorno.info,107,07-06-05,Consiglio delle Comunità Europee,Regolamento,1160,Regolamento n. 1160 del 2005-07-06 — Consiglio delle Comunità Europee,,0,https://www.permessidisoggiorno.info/Normativa.aspx?nid=107,
permessidisoggiorno.info,23,06-28-05,Presidente del Consiglio dei Ministri,Decreto Presidente del Consiglio dei Ministri,,Decreto Presidente del Consiglio dei Ministri del 2005-06-28 — Presidente del Consiglio dei Ministri,,0,https://www.permessidisoggiorno.info/Normativa.aspx?nid=23,
permessidisoggiorno.info,106,06-02-05,Consiglio delle Comunità Europee,Regolamento,851,Regolamento n. 851 del 2005-06-02 — Consiglio delle Comunità Europee,,0,https://www.permessidisoggiorno.info/Normativa.aspx?nid=106,
immigrazione.biz,63,05-31-05,Ministero dell'Interno,Circolare,,Circolare del 31 maggio 2005 Ministero dell'Interno,,1,https://www.immigrazione.biz/circolare.php?id=63,
permessidisoggiorno.info,18,05-30-05,Governo,Decreto Legislativo,140,Decreto Legislativo n. 140 del 2005-05-30 — Governo,,0,https://www.permessidisoggiorno.info/Normativa.aspx?nid=18,
permessidisoggiorno.info,319,05-26-05,TAR_Veneto,Sentenza,,Sentenza del 2005-05-26 — TAR_Veneto,,0,https://www.permessidisoggiorno.info/Normativa.aspx?nid=319,
immigrazione.biz,67,05-24-05,Ministero dell'Interno,Circolare,,Circolare del 24 maggio 2005 Ministero dell'Interno,,1,https://www.immigrazione.biz/circolare.php?id=67,
permessidisoggiorno.info,60,05-24-05,Ministero dell'Interno,Circolare,400/C/2005/IV/607/P/5.2,Circolare n. 400/C/2005/IV/607/P/5.2 del 2005-05-24 — Ministero dell'Interno,,1,https://www.permessidisoggiorno.info/Normativa.aspx?nid=60,
immigrazione.biz,86,05-15-05,Ministero dell'Interno,Circolare,,Circolare del 15 maggio 2005 Ministero dell'Interno,,1,https://www.immigrazione.biz/circolare.php?id=86,
immigrazione.biz,73,05-11-05,Ministero dell'Interno,Circolare,,Circolare del 11 maggio 2005 Ministero dell'Interno,,1,https://www.immigrazione.biz/circolare.php?id=73,
immigrazione.biz,62,04-20-05,Ministero dell'Interno,Circolare,,Circolare del 20 aprile 2005 Ministero dell'Interno,,1,https://www.immigrazione.biz/circolare.php?id=62,
immigrazione.biz,84,04-19-05,Ministero dell'Interno,Circolare,,Circolare del 19 Aprile 2005 Ministero dell'Interno Dipartimento per gli Affari Interni e Territoriali Direzione Centrale per i Servizi Demografici,,1,https://www.immigrazione.biz/circolare.php?id=84,
immigrazione.biz,64,03-30-05,Ministero dell'Interno,Circolare,,Circolare del 30 marzo 2005 Ministero dell'Interno,,1,https://www.immigrazione.biz/circolare.php?id=64,
immigrazione.biz,61,03-30-05,Ministero dell'Interno,Circolare,,Circolare del 30 marzo 2005 Ministero dell'Interno,,1,https://www.immigrazione.biz/circolare.php?id=61,
immigrazione.biz,88,03-10-05,Ministero delle Infrastrutture,Circolare,,Circolare del 10 marzo 2005 Ministero delle Infrastrutture e dei Trasporti Dipartimento per i trasporti terrestri Direzione Generale per la motorizzazione,,1,https://www.immigrazione.biz/circolare.php?id=88,
immigrazione.biz,71,03-08-05,Ministero del Lavoro,Circolare,9,Circolare n. 9 del 08 marzo 2005 Ministero del Lavoro e delle Politiche Sociali,,1,https://www.immigrazione.biz/circolare.php?id=71,
immigrazione.biz,80,03-07-05,Ministero dell'Interno,Circolare,12,Circolare n.12 del 7 marzo 2005 Ministero dell'Interno,,1,https://www.immigrazione.biz/circolare.php?id=80,
immigrazione.biz,42,03-04-05,Ministero dell'Interno,Circolare,,Circolare del 04 marzo 2005 Ministero dell'Interno Direzione Generale della Pubblica Sicurezza,,1,https://www.immigrazione.biz/circolare.php?id=42,
permessidisoggiorno.info,232,03-04-05,Regione,Legge regionale,5,Legge regionale n. 5 del 2005-03-04 — Regione,,0,https://www.permessidisoggiorno.info/Normativa.aspx?nid=232,
immigrazione.biz,78,03-02-05,Ministero dell'Interno,Circolare,12,Circolare n. 12 del 02 marzo 2005 Ministero dell'Interno,,1,https://www.immigrazione.biz/circolare.php?id=78,
permessidisoggiorno.info,58,03-02-05,Ministero dell'Interno,Circolare,12,Circolare n. 12 del 2005-03-02 — Ministero dell'Interno,,1,https://www.permessidisoggiorno.info/Normativa.aspx?nid=58,
permessidisoggiorno.info,133,03-01-05,Corte di Cassazione,Sentenza,8532,Sentenza n. 8532 del 2005-03-01 — Corte di Cassazione,,0,https://www.permessidisoggiorno.info/Normativa.aspx?nid=133,
immigrazione.biz,89,02-28-05,Ministero dell'Interno,Circolare,,Circolare del 28 febbraio 2005 Ministero dell'Interno,,1,https://www.immigrazione.biz/circolare.php?id=89,
permessidisoggiorno.info,132,02-28-05,Consiglio di Stato,Sentenza,767,Sentenza n. 767 del 2005-02-28 — Consiglio di Stato,,0,https://www.permessidisoggiorno.info/Normativa.aspx?nid=132,
immigrazione.biz,74,02-25-05,Ministero dell'Interno,Circolare,,Circolare del 25 febbraio 2005 Ministero dell'Interno,,1,https://www.immigrazione.biz/circolare.php?id=74,
immigrazione.biz,72,02-24-05,Ministero dell'Interno,Circolare,550/2.2.7,Circolare n.550/2.2.7. del 24 febbraio 2005 Ministero dell'Interno,,1,https://www.immigrazione.biz/circolare.php?id=72,
permessidisoggiorno.info,318,02-24-05,TAR Friuli Venezia Giulia,Sentenza,,Sentenza del 2005-02-24 — TAR Friuli Venezia Giulia,,0,https://www.permessidisoggiorno.info/Normativa.aspx?nid=318,
immigrazione.biz,77,02-21-05,INPS,Circolare,33,Circolare n. 33 del 21 Febbraio 2005 INPS Direzione Centrale. delle Entrate Contributive,,1,https://www.immigrazione.biz/circolare.php?id=77,
permessidisoggiorno.info,131,02-04-05,Corte di Cassazione,Sentenza,2358,Sentenza n. 2358 del 2005-02-04 — Corte di Cassazione,,0,https://www.permessidisoggiorno.info/Normativa.aspx?nid=131,
immigrazione.biz,76,02-02-05,Ministero del Lavoro,Circolare,23/910,Circolare n.23/910 del 02 febbraio 2005 Ministero del Lavoro e delle Politiche Sociali,,1,https://www.immigrazione.biz/circolare.php?id=76,
immigrazione.biz,902,01-25-05,Ministero del Lavoro,Circolare,1,Circolare n. 1 del 25 gennaio 2005 Ministero del Lavoro e delle Politiche Sociali,,1,https://www.immigrazione.biz/circolare.php?id=902,
immigrazione.biz,124,01-24-05,,Circolare,,Comunicato n. 6 del 24 gennaio 2005 Ministero per le Pari Opportunità,,1,https://www.immigrazione.biz/circolare.php?id=124,
immigrazione.biz,110,01-24-05,Ministero dell'Interno,Circolare,,Circolare del 24 gennaio 2005 Ministero dell'interno,,1,https://www.immigrazione.biz/circolare.php?id=110,
immigrazione.biz,83,01-15-05,Ministero dell'Interno,Circolare,,Circolare del 15 gennaio 2005 Ministero dell'Interno,,1,https://www.immigrazione.biz/circolare.php?id=83,
immigrazione.biz,143,01-03-05,Agenzia delle Entrate,Circolare,,Cicolare n. 2 del 3 gennaio 2005 Agenzia delle Entrate Direzione Centrale Normativa e Contenzioso,,1,https://www.immigrazione.biz/circolare.php?id=143,
immigrazione.biz,867,12-14-04,Ministero dell'Interno,Circolare,62,Circolare n. 62 del 14 dicembre 2004 Ministero dell'Interno,,1,https://www.immigrazione.biz/circolare.php?id=867,
permessidisoggiorno.info,228,12-13-04,Regione,Legge regionale,46,Legge regionale n. 46 del 2004-12-13 — Regione,,0,https://www.permessidisoggiorno.info/Normativa.aspx?nid=228,
permessidisoggiorno.info,126,12-13-04,Consiglio dell'Unione Europea,Direttiva,114,Direttiva n. 114 del 2004-12-13 — Consiglio dell'Unione Europea,,1,https://www.permessidisoggiorno.info/Normativa.aspx?nid=126,
permessidisoggiorno.info,103,12-13-04,Consiglio delle Comunità Europee,Regolamento,2252,Regolamento n. 2252 del 2004-12-13 — Consiglio delle Comunità Europee,,0,https://www.permessidisoggiorno.info/Normativa.aspx?nid=103,
permessidisoggiorno.info,130,12-02-04,Corte di Cassazione,Sentenza,383,Sentenza n. 383 del 2004-12-02 — Corte di Cassazione,,0,https://www.permessidisoggiorno.info/Normativa.aspx?nid=130,
immigrazione.biz,621,11-29-04,Ministero dell'Interno,Circolare,66,Circolare n. 66 del 29 novembre 2004 Ministero dell'Interno,,1,https://www.immigrazione.biz/circolare.php?id=621,
immigrazione.biz,866,11-26-04,Ministero dell'Interno,Circolare,59,Circolare n. 59 del 26 novembre 2004 Ministero dell'Interno,,1,https://www.immigrazione.biz/circolare.php?id=866,
immigrazione.biz,39,11-24-04,Ministero dell'Interno,Circolare,,Circolare del 24 novembre 2004 Ministero dell'Interno Servizio Immigrazione,,1,https://www.immigrazione.biz/circolare.php?id=39,
immigrazione.biz,38,11-24-04,Ministero dell'Interno,Circolare,,Circolare del 24 novembre 2004 Ministero dell'Interno Servizio Immigrazione,,1,https://www.immigrazione.biz/circolare.php?id=38,
immigrazione.biz,37,11-24-04,Ministero dell'Interno,Circolare,,Circolare del 24 novembre 2004 Ministero dell'Interno Servizio Immigrazione,,1,https://www.immigrazione.biz/circolare.php?id=37,
immigrazione.biz,35,11-18-04,Ministero dell'Interno,Circolare,,Circolare del 18 novembre 2004 Ministero dell'Interno Servizio Immigrazione,,1,https://www.immigrazione.biz/circolare.php?id=35,
permessidisoggiorno.info,161,11-12-04,Parlamento Italiano,Legge,271,Legge n. 271 del 2004-11-12 — Parlamento Italiano,,0,https://www.permessidisoggiorno.info/Normativa.aspx?nid=161,
immigrazione.biz,34,10-29-04,Ministero del Lavoro,Circolare,,Circolare del 29 Ottobre 2004 Ministero del Lavoro e delle politiche sociali Direzione Generale dell'Immigrazione,,1,https://www.immigrazione.biz/circolare.php?id=34,
permessidisoggiorno.info,101,10-26-04,Consiglio delle Comunità Europee,Regolamento,2007,Regolamento n. 2007 del 2004-10-26 — Consiglio delle Comunità Europee,,0,https://www.permessidisoggiorno.info/Normativa.aspx?nid=101,
immigrazione.biz,82,10-20-04,Ministero dell'Interno,Circolare,1391,Circolare n.1391 del 20 ottobre 2004 Ministero dell'Interno Dipartimento delle Libertà Civili per l'Immigrazione e l'asilo,,1,https://www.immigrazione.biz/circolare.php?id=82,
permessidisoggiorno.info,15,10-18-04,Presidente della Repubblica,Decreto Presidente della Repubblica,334,Decreto Presidente della Repubblica n. 334 del 2004-10-18 — Presidente della Repubblica,,0,https://www.permessidisoggiorno.info/Normativa.aspx?nid=15,
immigrazione.biz,46,10-12-04,Ministero dell'Interno,Circolare,,Circolare del 12 ottobre 2004 Ministero dell'Interno Servizio Immigrazione,,1,https://www.immigrazione.biz/circolare.php?id=46,
immigrazione.biz,625,10-11-04,Ministero dell'Interno,Circolare,40,Circolare n. 40 del 11 ottobre 2004 Ministero dell'Interno,,1,https://www.immigrazione.biz/circolare.php?id=625,
immigrazione.biz,36,10-11-04,Ministero dell'Interno,Circolare,,Circolare del 11 ottobre 2004 Ministero dell'Interno Servizio Immigrazione,,1,https://www.immigrazione.biz/circolare.php?id=36,
immigrazione.biz,45,10-06-04,Ministero dell'Interno,Circolare,,Circolare del 6 ottobre 2004 Ministero dell'Interno Servizio Immigrazione,,1,https://www.immigrazione.biz/circolare.php?id=45,
permessidisoggiorno.info,208,10-06-04,Ministero dell'Interno,Decreto Ministeriale,235,Decreto Ministeriale n. 235 del 2004-10-06 — Ministero dell'Interno,,1,https://www.permessidisoggiorno.info/Normativa.aspx?nid=208,
immigrazione.biz,41,09-28-04,Ministero dell'Interno,Circolare,,Circolare del 28 settembre 2004 Ministero dell'Interno Servizio Immigrazione,,1,https://www.immigrazione.biz/circolare.php?id=41,
permessidisoggiorno.info,13,09-16-04,Presidente della Repubblica,Decreto Presidente della Repubblica,303,Decreto Presidente della Repubblica n. 303 del 2004-09-16 — Presidente della Repubblica,,0,https://www.permessidisoggiorno.info/Normativa.aspx?nid=13,
immigrazione.biz,40,09-15-04,Ministero dell'Interno,Circolare,,Circolare del 15 settembre 2004 Ministero dell'Interno Direzione Centrale della Pubblica Sicurezza,,1,https://www.immigrazione.biz/circolare.php?id=40,
immigrazione.biz,44,09-10-04,Ministero dell'Interno,Circolare,,Circolare del 10 settembre 2004 Ministero dell'Interno Servizio Immigrazione,,1,https://www.immigrazione.biz/circolare.php?id=44,
immigrazione.biz,43,09-10-04,Ministero dell'Interno,Circolare,,Circolare 10 settembre 2004 Ministero dell'Interno Servizio immigrazione,,1,https://www.immigrazione.biz/circolare.php?id=43,
immigrazione.biz,50,08-23-04,Ministero dell'Interno,Circolare,,Circolare del 23 agosto 2004 Ministero dell'Interno,,1,https://www.immigrazione.biz/circolare.php?id=50,
immigrazione.biz,33,08-23-04,Ministero dell'Interno,Circolare,,Circolare del 23 agosto 2004 Ministero dell'Interno Servizio Immigrazione,,1,https://www.immigrazione.biz/circolare.php?id=33,
permessidisoggiorno.info,252,07-15-04,Corte Costituzionale,Sentenza,222,Sentenza n. 222 del 2004-07-15 — Corte Costituzionale,,0,https://www.permessidisoggiorno.info/Normativa.aspx?nid=252,
permessidisoggiorno.info,317,07-14-04,Consiglio di Stato,Sentenza,5084,Sentenza n. 5084 del 2004-07-14 — Consiglio di Stato,,0,https://www.permessidisoggiorno.info/Normativa.aspx?nid=317,
immigrazione.biz,782,07-12-04,Ministero dell'Interno,Circolare,32,Circolare n. 32 del 12 luglio 2004 Ministero dell'Interno,,1,https://www.immigrazione.biz/circolare.php?id=782,
immigrazione.biz,55,07-12-04,Ministero dell'Interno,Circolare,32,Circolare n. 32 del 12 Luglio 2004 Ministero dell'Interno,,1,https://www.immigrazione.biz/circolare.php?id=55,
permessidisoggiorno.info,57,07-12-04,Ministero dell'Interno,Circolare,32,Circolare n. 32 del 2004-07-12 — Ministero dell'Interno,,1,https://www.permessidisoggiorno.info/Normativa.aspx?nid=57,
immigrazione.biz,58,07-02-04,,Circolare,31,Circolare n.31 del 02 luglio 2004 Ministero ell'Interno,,1,https://www.immigrazione.biz/circolare.php?id=58,
immigrazione.biz,255,06-24-04,,Circolare,400/A/2004,Circolare n. 400/A/2004 del 24 Giugno 2004 - Ministero Interno - Uscita e reingresso dello straniero,,1,https://www.immigrazione.biz/circolare.php?id=255,
immigrazione.biz,51,06-08-04,Agenzia delle Entrate,Circolare,,Cirolare n. 2 del 8 giugno 2004 Agenzia delle Entrate Direzione Centrale Normativa e Contenzioso,,1,https://www.immigrazione.biz/circolare.php?id=51,
immigrazione.biz,57,06-01-04,Ministero dell'Interno,Circolare,,Circolare del 1 giugno 2004 Ministero dell'interno Servzio Immigrazione,,1,https://www.immigrazione.biz/circolare.php?id=57,
immigrazione.biz,49,06-01-04,Ministero dell'Interno,Circolare,,Circolare del 01 giugno 2004 Ministero dell'Interno Servizio Immigrazione,,1,https://www.immigrazione.biz/circolare.php?id=49,
immigrazione.biz,620,05-21-04,Ministero dell'Interno,Circolare,,Circolare Miacel n. 27 del 21 maggio 2004 Ministero dell'Interno,,1,https://www.immigrazione.biz/circolare.php?id=620,
permessidisoggiorno.info,125,04-29-04,Consiglio dell'Unione Europea,Direttiva,83,Direttiva n. 83 del 2004-04-29 — Consiglio dell'Unione Europea,,1,https://www.permessidisoggiorno.info/Normativa.aspx?nid=125,
permessidisoggiorno.info,124,04-29-04,Consiglio dell'Unione Europea,Direttiva,82,Direttiva n. 82 del 2004-04-29 — Consiglio dell'Unione Europea,,1,https://www.permessidisoggiorno.info/Normativa.aspx?nid=124,
permessidisoggiorno.info,123,04-29-04,Consiglio dell'Unione Europea,Direttiva,81,Direttiva n. 81 del 2004-04-29 — Consiglio dell'Unione Europea,,1,https://www.permessidisoggiorno.info/Normativa.aspx?nid=123,
permessidisoggiorno.info,120,04-29-04,Consiglio dell'Unione Europea,Direttiva,38,Direttiva n. 38 del 2004-04-29 — Consiglio dell'Unione Europea,,1,https://www.permessidisoggiorno.info/Normativa.aspx?nid=120,
immigrazione.biz,59,04-28-04,Ministero del Lavoro,Circolare,14,Circolare n. 14 del 28 aprile 2004 Ministero del Lavoro e delle Politiche Sociali,,1,https://www.immigrazione.biz/circolare.php?id=59,
immigrazione.biz,47,04-28-04,Ministero dell'Interno,Circolare,,Circolare del 28 aprile 2004 Ministero dell'Interno Dipartimento di Pubblica Sicurezza,,1,https://www.immigrazione.biz/circolare.php?id=47,
immigrazione.biz,54,04-27-04,Ministero dell'Interno,Circolare,,Circolare del 27 aprile 2004 Ministero dell'Interno Servizio Immigrazione,,1,https://www.immigrazione.biz/circolare.php?id=54,
immigrazione.biz,141,04-06-04,,Circolare,62,Circolare n. 62 del 6 aprile 2004 Direzione Centrale Prestazioni a Sostegno del Reddito,,1,https://www.immigrazione.biz/circolare.php?id=141,
immigrazione.biz,60,04-06-04,,Circolare,62,Circolare n. 62 del 06 aprile 2004 Direzione Centrale Prestazioni a Sostegno del Reddito,,1,https://www.immigrazione.biz/circolare.php?id=60,
permessidisoggiorno.info,231,03-24-04,Regione,Legge regionale,5,Legge regionale n. 5 del 2004-03-24 — Regione,,0,https://www.permessidisoggiorno.info/Normativa.aspx?nid=231,
immigrazione.biz,53,02-20-04,Ministero dell'Interno,Circolare,,Circolare del 20 febbraio 2004 MInistero dell'Interno Servzio Immigrazione,,1,https://www.immigrazione.biz/circolare.php?id=53,
permessidisoggiorno.info,100,02-19-04,Consiglio delle Comunità Europee,Regolamento,377,Regolamento n. 377 del 2004-02-19 — Consiglio delle Comunità Europee,,0,https://www.permessidisoggiorno.info/Normativa.aspx?nid=100,
immigrazione.biz,52,02-10-04,Ministero dell'Interno,Circolare,,Circolare del 10 febbraio 2004 Ministero dell'Interno Sevizio Immigrazione,,1,https://www.immigrazione.biz/circolare.php?id=52,
immigrazione.biz,150,01-22-04,Ministero dell'Interno,Circolare,400/A/2004/30/P/23.1.1,Circolare n. 400/A/2004/30/P/23.1.1 del 22 gennaio 2004 Ministero dell'Interno,,1,https://www.immigrazione.biz/circolare.php?id=150,
immigrazione.biz,56,01-08-04,Ministero del Lavoro,Circolare,1,Circolare n. 1 del 08 gennaio 2004 Ministero del Lavoro e delle Politiche Sociali,,1,https://www.immigrazione.biz/circolare.php?id=56,
immigrazione.biz,125,01-02-04,,Circolare,,Comunicato n. 5 del 2 gennaio 2004 Ministero per le Pari Opportunita,,1,https://www.immigrazione.biz/circolare.php?id=125,
immigrazione.biz,48,01-02-04,,Circolare,,Comunicato n. 5 del 2 gennaio 2004 Presidenza del Consiglio dei Ministeri Dipatimento per le pari opportunità,,1,https://www.immigrazione.biz/circolare.php?id=48,
immigrazione.biz,29,12-01-03,Ministero del Lavoro,Circolare,182,Circolare n. 182 del 01 dicembre 2003 Ministero del lavoro e delle politiche sociali,,1,https://www.immigrazione.biz/circolare.php?id=29,
permessidisoggiorno.info,122,11-25-03,Consiglio dell'Unione Europea,Direttiva,109,Direttiva n. 109 del 2003-11-25 — Consiglio dell'Unione Europea,,1,https://www.permessidisoggiorno.info/Normativa.aspx?nid=122,
permessidisoggiorno.info,114,11-25-03,Consiglio dell'Unione Europea,Direttiva,110,Direttiva n. 110 del 2003-11-25 — Consiglio dell'Unione Europea,,1,https://www.permessidisoggiorno.info/Normativa.aspx?nid=114,
immigrazione.biz,21,10-23-03,Ministero dell'Interno,Circolare,,Circolare del 23 ottobre 2003 Ministero dell'Interno,,1,https://www.immigrazione.biz/circolare.php?id=21,
immigrazione.biz,18,09-26-03,Ministero dell'Interno,Circolare,,Circolare del 26 settembre 2003 Ministero dell'Interno,,1,https://www.immigrazione.biz/circolare.php?id=18,
permessidisoggiorno.info,55,09-26-03,Ministero dell'Interno,Circolare,400/AA/P/12.214.32,Circolare n. 400/AA/P/12.214.32 del 2003-09-26 — Ministero dell'Interno,,1,https://www.permessidisoggiorno.info/Normativa.aspx?nid=55,
permessidisoggiorno.info,121,09-22-03,Consiglio dell'Unione Europea,Direttiva,86,Direttiva n. 86 del 2003-09-22 — Consiglio dell'Unione Europea,,1,https://www.permessidisoggiorno.info/Normativa.aspx?nid=121,
immigrazione.biz,30,09-09-03,Ministero dell'Interno,Circolare,,Circolare del 09 settembre 2003 Ministero dell'Interno Servizio Immigrazione,,1,https://www.immigrazione.biz/circolare.php?id=30,
immigrazione.biz,22,09-07-03,Ministero dell'Interno,Circolare,2061/50,Circolare n.2061/50 del 07 settembre 2003 Ministero dell'Interno Direzione Generale dei Servizi Civili,,1,https://www.immigrazione.biz/circolare.php?id=22,
permessidisoggiorno.info,99,09-02-03,Commissione delle Comunità Europee,Regolamento,1560,Regolamento n. 1560 del 2003-09-02 — Commissione delle Comunità Europee,,0,https://www.permessidisoggiorno.info/Normativa.aspx?nid=99,
immigrazione.biz,28,07-25-03,Ministero dell'Interno,Circolare,03005889-15100/325,Circolare n. 03005889-15100/325 del 25 luglio 2003 Ministero dell'Interno,,1,https://www.immigrazione.biz/circolare.php?id=28,
permessidisoggiorno.info,53,07-25-03,Ministero dell'Interno,Circolare,20,Circolare n. 20 del 2003-07-25 — Ministero dell'Interno,,1,https://www.permessidisoggiorno.info/Normativa.aspx?nid=53,
immigrazione.biz,23,07-08-03,,Circolare,122,Circolare n. 122 del 08 luglio 2003 Direzione Centrale delle entrate contributive,,1,https://www.immigrazione.biz/circolare.php?id=23,
immigrazione.biz,25,06-30-03,Ministero dell'Interno,Circolare,115,Circolare n.115 del 30 giugno 2003 Ministero dell'Internoi,,1,https://www.immigrazione.biz/circolare.php?id=25,
permessidisoggiorno.info,129,05-23-03,Corte Costituzionale,Sentenza,198,Sentenza n. 198 del 2003-05-23 — Corte Costituzionale,,0,https://www.permessidisoggiorno.info/Normativa.aspx?nid=129,
permessidisoggiorno.info,98,05-14-03,Consiglio delle Comunità Europee,Regolamento,859,Regolamento n. 859 del 2003-05-14 — Consiglio delle Comunità Europee,,0,https://www.permessidisoggiorno.info/Normativa.aspx?nid=98,
permessidisoggiorno.info,52,04-17-03,Ministero dell'Interno,Circolare,300/C/2003/564/P/12.222.8/1DIV,Circolare n. 300/C/2003/564/P/12.222.8/1DIV del 2003-04-17 — Ministero dell'Interno,,1,https://www.permessidisoggiorno.info/Normativa.aspx?nid=52,
immigrazione.biz,19,04-03-03,Ministero dell'Interno,Circolare,2,Circolare n. 2 del 03 aprile 2003 Ministero dell'Interno Dipartimento delle Libertà Civili,,1,https://www.immigrazione.biz/circolare.php?id=19,
permessidisoggiorno.info,97,03-06-03,Consiglio delle Comunità Europee,Regolamento,453,Regolamento n. 453 del 2003-03-06 — Consiglio delle Comunità Europee,,0,https://www.permessidisoggiorno.info/Normativa.aspx?nid=97,
permessidisoggiorno.info,94,02-27-03,Consiglio dell'Unione Europea,Regolamento,415,Regolamento n. 415 del 2003-02-27 — Consiglio dell'Unione Europea,,0,https://www.permessidisoggiorno.info/Normativa.aspx?nid=94,
immigrazione.biz,390,02-24-03,Ministero dell'Interno,Circolare,300,Circolare n. 300 del 24 febbraio 2003 Ministero dell'Interno,,1,https://www.immigrazione.biz/circolare.php?id=390,
immigrazione.biz,20,02-24-03,Ministero dell'Interno,Circolare,,"Circolare del 24 febbraio 2003 Ministero dell'Interno Direzione Centrale per la Polizia Stradale, Ferroviaria, Postale, di Frontiera e dell'Immigrazione",,1,https://www.immigrazione.biz/circolare.php?id=20,
immigrazione.biz,31,02-21-03,Agenzia delle Entrate,Circolare,16,Circolare n. 16 del 21 febbraio 2003 Agenzia delle entrate Direzione Centrale gestioni tributi,,1,https://www.immigrazione.biz/circolare.php?id=31,
permessidisoggiorno.info,113,02-18-03,Consiglio dell'Unione Europea,Regolamento,343,Regolamento n. 343 del 2003-02-18 — Consiglio dell'Unione Europea,,0,https://www.permessidisoggiorno.info/Normativa.aspx?nid=113,
permessidisoggiorno.info,119,01-27-03,Consiglio dell'Unione Europea,Direttiva,9,Direttiva n. 9 del 2003-01-27 — Consiglio dell'Unione Europea,,1,https://www.permessidisoggiorno.info/Normativa.aspx?nid=119,
immigrazione.biz,142,12-23-02,Ministero dell'Interno,Circolare,28,Circolare n. 28 del 23 dicembre 2002 del Ministero dell'Interno,,1,https://www.immigrazione.biz/circolare.php?id=142,
immigrazione.biz,10,12-13-02,Consiglio dell'Unione Europea,Circolare,15398,Circolare n. 15398 del 13 dicembre 2002 Consiglio dell'Unione Europea,,1,https://www.immigrazione.biz/circolare.php?id=10,
immigrazione.biz,17,12-04-02,Ministero dell'Interno,Circolare,48331/30,Circolare n.48331/30 del 04 dicembre 2002 Ministero dell'Interno,,1,https://www.immigrazione.biz/circolare.php?id=17,
immigrazione.biz,16,12-04-02,Ministero dell'Interno,Circolare,48145/30,Circolare n. 48145/30 del 04 dicembre 2002 Ministero dell'Interno Dipartimento libertÃ civili e immigrazione,,1,https://www.immigrazione.biz/circolare.php?id=16,
immigrazione.biz,15,11-30-02,Ministero dell'Interno,Circolare,,Circolare del 30 novembre 2002 Ministero dell'Interno Servizio Immigrazione,,1,https://www.immigrazione.biz/circolare.php?id=15,
permessidisoggiorno.info,118,11-28-02,Consiglio dell'Unione Europea,Direttiva,90,Direttiva n. 90 del 2002-11-28 — Consiglio dell'Unione Europea,,1,https://www.permessidisoggiorno.info/Normativa.aspx?nid=118,
immigrazione.biz,7,11-14-02,INPS,Circolare,169,Circolare n. 169 del 14 novembre 2002 INPS,,1,https://www.immigrazione.biz/circolare.php?id=7,
immigrazione.biz,13,10-31-02,,Circolare,36,Circolare n. 36 del 31 ottobre 2002 Ente nazionale di previdenza e di assistenza per i lavoratori dello spettacolo,,1,https://www.immigrazione.biz/circolare.php?id=13,
immigrazione.biz,12,10-31-02,Ministero dell'Interno,Circolare,,Circolare del 31 ottobre 2002 del Ministero dell'Interno,,1,https://www.immigrazione.biz/circolare.php?id=12,
immigrazione.biz,14,10-25-02,INPS,Circolare,161,Circolare n.161 del 25 ottobre 2002 INPS,,1,https://www.immigrazione.biz/circolare.php?id=14,
immigrazione.biz,8,10-16-02,Presidenza del Consiglio dei Ministri,Circolare,,Circolare del 16 ottobre 2002 Presidenza del Consiglio dei Ministri,,1,https://www.immigrazione.biz/circolare.php?id=8,
permessidisoggiorno.info,49,10-16-02,Ministero dell'Interno,Circolare,300.C/2002/2147/P15.16.4.23/1^DIV,Circolare n. 300.C/2002/2147/P15.16.4.23/1^DIV del 2002-10-16 — Ministero dell'Interno,,1,https://www.permessidisoggiorno.info/Normativa.aspx?nid=49,
immigrazione.biz,11,09-09-02,Ministero dell'Interno,Circolare,14,Circolare n. 14 del 09 settembre 2002 Ministero dell'Interno Direzione Centrale per le Politiche dell'Immigrazione e dell'Asilo,,1,https://www.immigrazione.biz/circolare.php?id=11,
permessidisoggiorno.info,1,07-30-02,Parlamento Italiano,Legge,189,Legge n. 189 del 2002-07-30 — Parlamento Italiano,,0,https://www.permessidisoggiorno.info/Normativa.aspx?nid=1,
permessidisoggiorno.info,112,06-13-02,Consiglio dell'Unione Europea,Regolamento,1030,Regolamento n. 1030 del 2002-06-13 — Consiglio dell'Unione Europea,,0,https://www.permessidisoggiorno.info/Normativa.aspx?nid=112,
permessidisoggiorno.info,47,06-03-02,Ministero dell'Interno,Circolare,300,Circolare n. 300 del 2002-06-03 — Ministero dell'Interno,,1,https://www.permessidisoggiorno.info/Normativa.aspx?nid=47,
immigrazione.biz,503,05-30-02,Ministero dell'Interno,Circolare,K.73,Circolare n. K.73 del 30 maggio 2002 Ministero dell'Interno,,1,https://www.immigrazione.biz/circolare.php?id=503,
permessidisoggiorno.info,61,05-30-02,Ministero dell'Interno,Circolare,,Circolare del 2002-05-30 — Ministero dell'Interno,,1,https://www.permessidisoggiorno.info/Normativa.aspx?nid=61,
immigrazione.biz,9,05-06-02,Ministero dell'Interno,Circolare,,Circolare del 06 maggio 2002 Ministero dell'Interno,,1,https://www.immigrazione.biz/circolare.php?id=9,
permessidisoggiorno.info,111,02-28-02,Consiglio dell'Unione Europea,Regolamento,407,Regolamento n. 407 del 2002-02-28 — Consiglio dell'Unione Europea,,0,https://www.permessidisoggiorno.info/Normativa.aspx?nid=111,
permessidisoggiorno.info,110,02-18-02,Consiglio dell'Unione Europea,Regolamento,334,Regolamento n. 334 del 2002-02-18 — Consiglio dell'Unione Europea,,0,https://www.permessidisoggiorno.info/Normativa.aspx?nid=110,
permessidisoggiorno.info,11,01-18-02,Presidente della Repubblica,Decreto Presidente della Repubblica,54,Decreto Presidente della Repubblica n. 54 del 2002-01-18 — Presidente della Repubblica,,0,https://www.permessidisoggiorno.info/Normativa.aspx?nid=11,
permessidisoggiorno.info,45,01-16-02,Ministero dell'Interno,Circolare,300/C/2001/1951/P/12.214.39/1^Div.,Circolare n. 300/C/2001/1951/P/12.214.39/1^Div. del 2002-01-16 — Ministero dell'Interno,,1,https://www.permessidisoggiorno.info/Normativa.aspx?nid=45,
immigrazione.biz,206,12-24-01,Ministero dell'Interno,Circolare,K.78,"Circolare n. K.78 del 24 dicembre 2001 Ministero dell'Interno Direzione Centrale per i diritti civili, la cittadinanza e le minoranze Cittadinanza",,1,https://www.immigrazione.biz/circolare.php?id=206,
immigrazione.biz,32,09-04-01,,Circolare,4,Circolare n. 4 del 4 settembre 2001 del Ministero dellInterno,,1,https://www.immigrazione.biz/circolare.php?id=32,
immigrazione.biz,5,09-04-01,Ministero dell'Interno,Circolare,,Circolare del 04 settembre 2001 Ministero dell'Interno,,1,https://www.immigrazione.biz/circolare.php?id=5,
permessidisoggiorno.info,117,07-20-01,Consiglio dell'Unione Europea,Direttiva,55,Direttiva n. 55 del 2001-07-20 — Consiglio dell'Unione Europea,,1,https://www.permessidisoggiorno.info/Normativa.aspx?nid=117,
permessidisoggiorno.info,116,06-28-01,Consiglio dell'Unione Europea,Direttiva,51,Direttiva n. 51 del 2001-06-28 — Consiglio dell'Unione Europea,,1,https://www.permessidisoggiorno.info/Normativa.aspx?nid=116,
immigrazione.biz,716,06-08-01,Ministero dell'Interno,Circolare,,Circolare del 8 giugno 2001 Ministero dell'Interno,,1,https://www.immigrazione.biz/circolare.php?id=716,
permessidisoggiorno.info,42,06-08-01,Ministero dell'Interno,Circolare,300/c/2001/2734/A/12.229.28/ DIV,Circolare n. 300/c/2001/2734/A/12.229.28/ DIV del 2001-06-08 — Ministero dell'Interno,,1,https://www.permessidisoggiorno.info/Normativa.aspx?nid=42,
permessidisoggiorno.info,115,05-28-01,Consiglio dell'Unione Europea,Direttiva,40,Direttiva n. 40 del 2001-05-28 — Consiglio dell'Unione Europea,,1,https://www.permessidisoggiorno.info/Normativa.aspx?nid=115,
permessidisoggiorno.info,109,05-28-01,Consiglio dell'Unione Europea,Regolamento,1091,Regolamento n. 1091 del 2001-05-28 — Consiglio dell'Unione Europea,,0,https://www.permessidisoggiorno.info/Normativa.aspx?nid=109,
permessidisoggiorno.info,41,05-19-01,Ministero dell'Interno,Circolare,300/C/2001/575/P/l 2.24.5/1^div.,Circolare n. 300/C/2001/575/P/l 2.24.5/1^div. del 2001-05-19 — Ministero dell'Interno,,1,https://www.permessidisoggiorno.info/Normativa.aspx?nid=41,
immigrazione.biz,149,04-11-01,Ministero dell'Interno,Circolare,300/C/2001/1640/A/15.1.7.25/1,Circolare n. 300/C/2001/1640/A/15.1.7.25/1^Div. dell'11 aprile 2001 Ministero dell'Interno,,1,https://www.immigrazione.biz/circolare.php?id=149,
immigrazione.biz,139,04-09-01,,Circolare,,"Circolare del 9 aprile 2001 Ministero dell'Interno - Dipartimento della Pubblica Sicurezza - Direzione centrale per la polizia stradale, ferroviaria, di frontiera e postale",,1,https://www.immigrazione.biz/circolare.php?id=139,
permessidisoggiorno.info,39,04-09-01,Ministero dell'Interno,Circolare,12,Circolare n. 12 del 2001-04-09 — Ministero dell'Interno,,1,https://www.permessidisoggiorno.info/Normativa.aspx?nid=39,
immigrazione.biz,187,04-04-01,Ministero dell'Interno,Circolare,,Circolare del 4 aprile 2001 Ministero dell'Interno,,1,https://www.immigrazione.biz/circolare.php?id=187,
permessidisoggiorno.info,38,04-04-01,Ministero dell'Interno,Circolare,300/C/2001/355/P/12.214.9/1^DIV.,Circolare n. 300/C/2001/355/P/12.214.9/1^DIV. del 2001-04-04 — Ministero dell'Interno,,1,https://www.permessidisoggiorno.info/Normativa.aspx?nid=38,
immigrazione.biz,575,03-26-01,Ministero dell'Interno,Circolare,2,Circolare n. 2 del 26 marzo 2001 MIACEL Ministero dell'Interno,,1,https://www.immigrazione.biz/circolare.php?id=575,
permessidisoggiorno.info,105,03-15-01,Consiglio dell'Unione Europea,Regolamento,539,Regolamento n. 539 del 2001-03-15 — Consiglio dell'Unione Europea,,0,https://www.permessidisoggiorno.info/Normativa.aspx?nid=105,
immigrazione.biz,502,02-19-01,Ministero dell'Interno,Circolare,K.78,Circolare n. K.78 del 19 febbraio 2001 Ministero dell'Interno,,1,https://www.immigrazione.biz/circolare.php?id=502,
immigrazione.biz,501,01-08-01,Ministero dell'Interno,Circolare,K.60.1,Circolare n. K.60.1 del 8 gennaio 2001 Ministero dell'Interno,,1,https://www.immigrazione.biz/circolare.php?id=501,
permessidisoggiorno.info,10,12-18-00,Ministero dell'Interno,Decreto Ministeriale,,Decreto Ministeriale del 2000-12-18 — Ministero dell'Interno,Normativa Decreto Ministeriale,1,https://www.permessidisoggiorno.info/Normativa.aspx?nid=10,
permessidisoggiorno.info,242,12-15-00,Regione,Legge regionale,26,Legge regionale n. 26 del 2000-12-15 — Regione,,0,https://www.permessidisoggiorno.info/Normativa.aspx?nid=242,
permessidisoggiorno.info,104,12-11-00,Consiglio dell'Unione Europea,Regolamento,2725,Regolamento n. 2725 del 2000-12-11 — Consiglio dell'Unione Europea,,0,https://www.permessidisoggiorno.info/Normativa.aspx?nid=104,
immigrazione.biz,4,12-02-00,Ministero dell'Interno,Circolare,,Circolare del 2 dicembre 2000 Ministero dell'Interno,,1,https://www.immigrazione.biz/circolare.php?id=4,
immigrazione.biz,500,11-13-00,Ministero dell'Interno,Circolare,K.28.4,Circolare n. K.28.4 del 13 novembre 2000 Ministero dell'Interno,,1,https://www.immigrazione.biz/circolare.php?id=500,
immigrazione.biz,140,11-13-00,,Circolare,,"Circolare del 13 novembre 2000 Ministero dell'Interno - Dipartimento della Pubblica Sicurezza - Direzione centrale per la polizia stradale, ferroviaria, di frontiera e postale",,1,https://www.immigrazione.biz/circolare.php?id=140,
immigrazione.biz,690,10-30-00,Presidenza del Consiglio dei Ministri,Circolare,DAS/715/UC/710,Circolare n. DAS/715/UC/710 del 30 ottobre 2000 Presidenza del Consiglio dei Ministri per gli Affari Sociali,,1,https://www.immigrazione.biz/circolare.php?id=690,
immigrazione.biz,304,08-05-00,Ministero dell'Interno,Circolare,N.300.C/2OOO/434/1/A/l2.214.4/1,Circolare n. N.300.C/2OOO/434/1/A/l2.214.4/1^Div. del 5 agosto 2000 Ministero dell'Interno,,1,https://www.immigrazione.biz/circolare.php?id=304,
immigrazione.biz,870,07-24-00,Ministero dell'Interno,Circolare,300.C/2000/3656/A/24.159/1,Circolare n. 300.C/2000/3656/A/24.159/1^Div. del 24 luglio 2000 Ministero dell'Interno,,1,https://www.immigrazione.biz/circolare.php?id=870,
permessidisoggiorno.info,9,07-12-00,Interministeriale,Decreto Interministeriale,,Decreto Interministeriale del 2000-07-12 — Interministeriale,Normativa Decreto Interministeriale,0,https://www.permessidisoggiorno.info/Normativa.aspx?nid=9,
permessidisoggiorno.info,37,05-22-00,Ministero dell'Interno,Circolare,"300.C/2000/334/P/12,214/18/1^DIV.","Circolare n. 300.C/2000/334/P/12,214/18/1^DIV. del 2000-05-22 — Ministero dell'Interno",,1,https://www.permessidisoggiorno.info/Normativa.aspx?nid=37,
immigrazione.biz,387,03-24-00,,Circolare,5,Circolare n. 5 del 24 marzo 2000 Ministero della Sanità,,1,https://www.immigrazione.biz/circolare.php?id=387,
permessidisoggiorno.info,250,03-24-00,Ministero della Salute,Circolare,5,Circolare n. 5 del 2000-03-24 — Ministero della Salute,,1,https://www.permessidisoggiorno.info/Normativa.aspx?nid=250,
immigrazione.biz,715,03-16-00,Ministero dell'Interno,Circolare,,Circolare del 16 marzo 2000 Ministero dell'Interno,,1,https://www.immigrazione.biz/circolare.php?id=715,
permessidisoggiorno.info,188,03-01-00,Ministero dell'Interno,Direttiva,,Direttiva del 2000-03-01 — Ministero dell'Interno,,1,https://www.permessidisoggiorno.info/Normativa.aspx?nid=188,
permessidisoggiorno.info,320,01-25-00,Governo,Decreto Presidente del Consiglio dei Ministri,19,Decreto Presidente del Consiglio dei Ministri n. 19 del 2000-01-25 — Governo,,0,https://www.permessidisoggiorno.info/Normativa.aspx?nid=320,
immigrazione.biz,171,12-23-99,Ministero dell'Interno,Circolare,300/C/227729/12/207/1,Circolare n. 300/C/227729/12/207/1^ Div. del 23 dicembre 1999 Ministero dell'Interno,,1,https://www.immigrazione.biz/circolare.php?id=171,
immigrazione.biz,602,09-08-99,,Circolare,,Circolare Ministeriale n. 214 del 8 settembre 1999,,1,https://www.immigrazione.biz/circolare.php?id=602,
permessidisoggiorno.info,3,08-31-99,Presidente della Repubblica,Decreto Presidente della Repubblica,394,Decreto Presidente della Repubblica n. 394 del 1999-08-31 — Presidente della Repubblica,,0,https://www.permessidisoggiorno.info/Normativa.aspx?nid=3,
immigrazione.biz,27,05-28-99,Ministero delle Infrastrutture,Circolare,31,Circolare n. 31 del 28 maggio 1999 Ministero delle Infrastrutture e dei Trasporti,,1,https://www.immigrazione.biz/circolare.php?id=27,
permessidisoggiorno.info,311,05-28-99,Ministero delle Infrastrutture,Circolare,31,Circolare n. 31 del 1999-05-28 — Ministero delle Infrastrutture,,1,https://www.permessidisoggiorno.info/Normativa.aspx?nid=311,
immigrazione.biz,499,02-24-99,Ministero dell'Interno,Circolare,K.8/2/99,Circolare n. K.8/2/99 del 24 febbraio 1999 Ministero dell'Interno,,1,https://www.immigrazione.biz/circolare.php?id=499,
immigrazione.biz,498,02-20-99,Ministero dell'Interno,Circolare,K.60.1,Circolare n. K.60.1 del 20 febbraio 1999 Ministero dell'Interno,,1,https://www.immigrazione.biz/circolare.php?id=498,
immigrazione.biz,601,12-22-98,,Circolare,,Circolare Ministeriale n. 489 del 22 dicembre 1998,,1,https://www.immigrazione.biz/circolare.php?id=601,
permessidisoggiorno.info,314,10-24-98,Governo,Decreto Presidente del Consiglio dei Ministri,249,Decreto Presidente del Consiglio dei Ministri n. 249 del 1998-10-24 — Governo,,0,https://www.permessidisoggiorno.info/Normativa.aspx?nid=314,
immigrazione.biz,600,10-19-98,,Circolare,,Circolare Ministeriale n.423 del 19 ottobre 1998,,1,https://www.immigrazione.biz/circolare.php?id=600,
immigrazione.biz,584,10-09-98,INPS,Circolare,214,Circolare n. 214 del 9 ottobre 1998 INPS,,1,https://www.immigrazione.biz/circolare.php?id=584,
permessidisoggiorno.info,2,07-25-98,Governo,Decreto Legislativo,286,Decreto Legislativo n. 286 del 1998-07-25 — Governo,,0,https://www.permessidisoggiorno.info/Normativa.aspx?nid=2,
permessidisoggiorno.info,236,03-02-98,Regione,Legge regionale,2,Legge regionale n. 2 del 1998-03-02 — Regione,,0,https://www.permessidisoggiorno.info/Normativa.aspx?nid=236,
immigrazione.biz,545,12-09-97,,Circolare,300/B/41061.1.1155.2,Circolare n. 300/B/41061.1.1155.2 del 9 dicembre 1997,,1,https://www.immigrazione.biz/circolare.php?id=545,
immigrazione.biz,3,11-17-97,Ministero dell'Interno,Circolare,52/97,Circolare n. 52/97 del 17 novembre 1997 Ministero dell'Interno,,1,https://www.immigrazione.biz/circolare.php?id=3,
immigrazione.biz,599,10-24-97,,Circolare,,Circolare Ministeriale n. 658 del 24 ottobre 1997,,1,https://www.immigrazione.biz/circolare.php?id=599,
immigrazione.biz,497,02-18-97,Ministero dell'Interno,Circolare,K.69/89,Circolare n. K.69/89 del 18 febbraio 1997 Ministero dell'Interno,,1,https://www.immigrazione.biz/circolare.php?id=497,
immigrazione.biz,240,01-15-97,,Circolare,2,Circolare n. 2 del 15 gennaio 1997 Ministero dellInterno,,1,https://www.immigrazione.biz/circolare.php?id=240,
permessidisoggiorno.info,225,01-15-97,Ministero dell'Interno,Circolare,2,Circolare n. 2 del 1997-01-15 — Ministero dell'Interno,,1,https://www.permessidisoggiorno.info/Normativa.aspx?nid=225,
immigrazione.biz,406,11-07-96,Ministero dell'Interno,Circolare,K.60.1/86,Circolare n. K.60.1/86 del 7 novembre 1996 Ministero dell'Interno,,1,https://www.immigrazione.biz/circolare.php?id=406,
permessidisoggiorno.info,227,04-13-96,Regione,Legge regionale,21,Legge regionale n. 21 del 1996-04-13 — Regione,,0,https://www.permessidisoggiorno.info/Normativa.aspx?nid=227,
permessidisoggiorno.info,7,04-12-96,Governo,Decreto Legislativo,197,Decreto Legislativo n. 197 del 1996-04-12 — Governo,,0,https://www.permessidisoggiorno.info/Normativa.aspx?nid=7,
immigrazione.biz,239,05-29-95,,Circolare,8,Circolare n. 8 del 29 maggio 1995 Ministero dell Interno,,1,https://www.immigrazione.biz/circolare.php?id=239,
permessidisoggiorno.info,36,05-29-95,Ministero dell'Interno,Circolare,8,Circolare n. 8 del 1995-05-29 — Ministero dell'Interno,,1,https://www.permessidisoggiorno.info/Normativa.aspx?nid=36,
immigrazione.biz,598,04-06-95,,Circolare,119,Circolare n.119 Prot. n.3711/B/1/A del 6 aprile 1995,,1,https://www.immigrazione.biz/circolare.php?id=598,
immigrazione.biz,1030,03-14-95,Ministero dell'Interno,Circolare,3,Circolare n. 3 del 14 marzo 1995 Ministero dell'Interno (GU Serie Generale n.89 del 15-4-1995),,1,https://www.immigrazione.biz/circolare.php?id=1030,
immigrazione.biz,871,03-14-95,Ministero dell'Interno,Circolare,4,Circolare n. 4 (95) del 14 marzo 1995 Ministero dell'Interno,,1,https://www.immigrazione.biz/circolare.php?id=871,
immigrazione.biz,24,12-23-94,,Circolare,K,Circolare n. K. 60.1 del 23 dicembre 1994 Ministero dellInterno,,1,https://www.immigrazione.biz/circolare.php?id=24,
permessidisoggiorno.info,230,11-03-94,Regione,Legge regionale,33,Legge regionale n. 33 del 1994-11-03 — Regione,,0,https://www.permessidisoggiorno.info/Normativa.aspx?nid=230,
immigrazione.biz,597,03-02-94,,Circolare,73,Circolare n. 73 del 2 marzo 1994 Ministero della pubblica istruzione,,1,https://www.immigrazione.biz/circolare.php?id=597,
immigrazione.biz,596,01-12-94,,Circolare,,Circolare Ministeriale n. 5 del 12 gennaio 1994,,1,https://www.immigrazione.biz/circolare.php?id=596,
immigrazione.biz,495,09-28-93,,Circolare,K.60.1,Circolare n. K.60.1 del 28 settembre 1993 Mnistero dell'Interno,,1,https://www.immigrazione.biz/circolare.php?id=495,
immigrazione.biz,386,04-24-93,,Circolare,16,Circolare n. 16 del 24 aprile 1993 Ministero dellInterno,,1,https://www.immigrazione.biz/circolare.php?id=386,
immigrazione.biz,148,03-23-93,Ministero del Lavoro,Circolare,27,Circolare n. 27 del 23 marzo 1993 Ministero del Lavoro,,1,https://www.immigrazione.biz/circolare.php?id=148,
permessidisoggiorno.info,6,12-23-92,Parlamento Italiano,Legge,523,Legge n. 523 del 1992-12-23 — Parlamento Italiano,,0,https://www.permessidisoggiorno.info/Normativa.aspx?nid=6,
immigrazione.biz,350,08-05-92,INPS,Circolare,204,Circolare n. 204 del 05 agosto 1992 Inps,,1,https://www.immigrazione.biz/circolare.php?id=350,
immigrazione.biz,594,03-07-92,,Circolare,,Circolare Ministeriale M.P.I. C.M. n.67 del 7 marzo 1992,,1,https://www.immigrazione.biz/circolare.php?id=594,
permessidisoggiorno.info,273,02-05-92,Governo,Legge,91,Legge n. 91 del 1992-02-05 — Governo,,0,https://www.permessidisoggiorno.info/Normativa.aspx?nid=273,
immigrazione.biz,595,12-31-91,,Circolare,,Circolare Ministeriale n. 400 del 31 dicembre 1991,,1,https://www.immigrazione.biz/circolare.php?id=595,
immigrazione.biz,1226,04-08-91,Ministero dell'Interno,Circolare,K,"Circolare n. K. 28.1 dell"" 8 aprile 1991 Ministero dell'Interno",,1,https://www.immigrazione.biz/circolare.php?id=1226,
immigrazione.biz,496,04-08-91,Ministero dell'Interno,Circolare,K.28.1,Circolare n.K.28.1 del 8 aprile 1991 Ministero dell'Interno,,1,https://www.immigrazione.biz/circolare.php?id=496,
permessidisoggiorno.info,281,04-08-91,Ministero dell'Interno,Circolare,K 28.1,Circolare n. K 28.1 del 1991-04-08 — Ministero dell'Interno,,1,https://www.permessidisoggiorno.info/Normativa.aspx?nid=281,
permessidisoggiorno.info,241,12-24-90,Regione,Legge regionale,46,Legge regionale n. 46 del 1990-12-24 — Regione,,0,https://www.permessidisoggiorno.info/Normativa.aspx?nid=241,
immigrazione.biz,593,07-26-90,Ministero dell'Istruzione,Circolare,,Circolare Ministeriale n. 205 del 26 luglio 1990 Ministero dell'Istruzione,,1,https://www.immigrazione.biz/circolare.php?id=593,
permessidisoggiorno.info,243,05-02-90,Provincia,Legge provinciale,13,Legge provinciale n. 13 del 1990-05-02 — Provincia,,0,https://www.permessidisoggiorno.info/Normativa.aspx?nid=243,
permessidisoggiorno.info,239,04-10-90,Regione,Legge regionale,18,Legge regionale n. 18 del 1990-04-10 — Regione,,0,https://www.permessidisoggiorno.info/Normativa.aspx?nid=239,
permessidisoggiorno.info,229,04-09-90,Regione,Legge regionale,17,Legge regionale n. 17 del 1990-04-09 — Regione,,0,https://www.permessidisoggiorno.info/Normativa.aspx?nid=229,
permessidisoggiorno.info,240,03-22-90,Regione,Legge regionale,22,Legge regionale n. 22 del 1990-03-22 — Regione,,0,https://www.permessidisoggiorno.info/Normativa.aspx?nid=240,
permessidisoggiorno.info,5,02-28-90,Parlamento Italiano,Legge,39,Legge n. 39 del 1990-02-28 — Parlamento Italiano,,0,https://www.permessidisoggiorno.info/Normativa.aspx?nid=5,
permessidisoggiorno.info,233,02-16-90,Regione,Legge regionale,17,Legge regionale n. 17 del 1990-02-16 — Regione,,0,https://www.permessidisoggiorno.info/Normativa.aspx?nid=233,
permessidisoggiorno.info,238,01-30-90,Regione,Legge regionale,9,Legge regionale n. 9 del 1990-01-30 — Regione,,0,https://www.permessidisoggiorno.info/Normativa.aspx?nid=238,
permessidisoggiorno.info,237,11-08-89,Regione,Legge regionale,64,Legge regionale n. 64 del 1989-11-08 — Regione,,0,https://www.permessidisoggiorno.info/Normativa.aspx?nid=237,
immigrazione.biz,585,09-08-89,,Circolare,,Circolare Ministeriale n. 301 dell'8 settembre 1989,,1,https://www.immigrazione.biz/circolare.php?id=585,
permessidisoggiorno.info,274,05-30-89,Presidente della Repubblica,Decreto Presidente della Repubblica,223,Decreto Presidente della Repubblica n. 223 del 1989-05-30 — Presidente della Repubblica,,0,https://www.permessidisoggiorno.info/Normativa.aspx?nid=274,
permessidisoggiorno.info,235,07-04-88,Regione,Legge regionale,38,Legge regionale n. 38 del 1988-07-04 — Regione,,0,https://www.permessidisoggiorno.info/Normativa.aspx?nid=235,
immigrazione.biz,106,11-17-77,Ministero dell'Interno,Circolare,52,Circolare n. 52 del 17 novembre 1977 Ministero dell'Interno Dipartimento della Pubblica Sicurezza,,1,https://www.immigrazione.biz/circolare.php?id=106,
permessidisoggiorno.info,542,07-05-75,Ministero della Salute,Decreto Ministeriale,,Decreto Ministeriale del 1975-07-05 — Ministero della Salute,Normativa Decreto_Ministeriale,1,https://www.permessidisoggiorno.info/Normativa.aspx?nid=542,
permessidisoggiorno.info,102,03-21-72,Consiglio delle Comunità Europee,Regolamento,574,Regolamento n. 574 del 1972-03-21 — Consiglio delle Comunità Europee,,0,https://www.permessidisoggiorno.info/Normativa.aspx?nid=102,
permessidisoggiorno.info,96,06-14-71,Consiglio delle Comunità Europee,Regolamento,1408,Regolamento n. 1408 del 1971-06-14 — Consiglio delle Comunità Europee,,0,https://www.permessidisoggiorno.info/Normativa.aspx?nid=96,
permessidisoggiorno.info,95,10-15-68,Consiglio delle Comunità Europee,Regolamento,1612,Regolamento n. 1612 del 1968-10-15 — Consiglio delle Comunità Europee,,0,https://www.permessidisoggiorno.info/Normativa.aspx?nid=95,
immigrazione.biz,674,08-18-64,,Circolare,,Scambio di Note tra l'Italia e gli Stati Uniti d'America del 18 agosto 1964,,1,https://www.immigrazione.biz/circolare.php?id=674,
immigrazione.biz,385,10-31-61,Ministero degli Affari Esteri,Circolare,48,Circolare n. 48 del 31 ottobre 1961 Ministero degli Affari Esteri,,1,https://www.immigrazione.biz/circolare.php?id=385,
immigrazione.biz,2,10-31-61,Ministero degli Affari Esteri,Circolare,48,Circolare n.48 del 31 ottobre 1961 del Ministero degli Affari Esteri,,1,https://www.immigrazione.biz/circolare.php?id=2,
immigrazione.biz,1231,,,Circolare,,Documento aggiornato Meccanismo Nazionale di Referral del dicembre 2023,,1,https://www.immigrazione.biz/circolare.php?id=1231,
immigrazione.biz,910,,,Circolare,48,Circolare n. 48 del 20 febbraio Istituto Nazionale Previdenza Sociale,,1,https://www.immigrazione.biz/circolare.php?id=910,
immigrazione.biz,779,,ANCI,Circolare,,Protocolo d'Intesa tra L'ANCI e CONI,,1,https://www.immigrazione.biz/circolare.php?id=779,
immigrazione.biz,714,,,Circolare,,Risoluzione N. 85/E - Pagamento contributo forfettario sanatoria 2012,,1,https://www.immigrazione.biz/circolare.php?id=714,
immigrazione.biz,391,,INPS,Circolare,62,Circolare n. 62 del 6 2004 aprile INPS,,1,https://www.immigrazione.biz/circolare.php?id=391,
immigrazione.biz,103,,Ministero dell'Interno,Circolare,,Circolare del 21 febbario 2007 Ministero dell'Interno e Ministero delle Politiche per la Famiglia,,1,https://www.immigrazione.biz/circolare.php?id=103,
immigrazione.biz,87,,Ministero dell'Interno,Circolare,12,Circolare n. 12 del 2005 Ministero dell'Interno,,1,https://www.immigrazione.biz/circolare.php?id=87,
immigrazione.biz,26,,Ministero dell'Interno,Circolare,,Circolare anno 2003 Ministero dell'Interno Dipartimento delle libertà Civili,,1,https://www.immigrazione.biz/circolare.php?id=26,
immigrazione.biz,6,,Tribunale di Roma,Circolare,,Circolare del 2002 Tribunale di Roma Corte di Appello di Roma,,1,https://www.immigrazione.biz/circolare.php?id=6
